id,city_name,locality_city,locality_town,price_current
4,Bratislava,Bratislava,,518500.0
5,Bratislava,Bratislava,,650000.0
13,Nitra,Nitra,,201468.0
14,Nitra,Nitra,,181400.0
15,Nitra,Nitra,,138900.0
17,Nové Zámky,,Nové Zámky,139000.0
18,Nové Zámky,,Nové Zámky,139000.0
19,Nové Zámky,,Nové Zámky,135000.0
20,Piešťany,,,250480.0
21,Ružomberok,,Ružomberok,434353.0
22,Ružomberok,,Ružomberok,85600.0
23,Trnava,Trnava,,209300.0
24,Trnava,Trnava,,155400.0
25,Zvolen,,Zvolen,32000.0
26,Bratislava,Bratislava,,434000.0
27,Bratislava,Bratislava,,329000.0
37,Dunajská Streda,,Dunajská Streda,157900.0
38,Liptovský Mikuláš,,Liptovský Mikuláš,115000.0
39,Liptovský Mikuláš,,Liptovský Mikuláš,99000.0
40,Lučenec,,Lučenec,82200.0
41,Bratislava,Bratislava,,365000.0
42,Bratislava,Bratislava,,718736.0
44,Lučenec,,Lučenec,79700.0
45,Žilina,Žilina,,565499.0
46,Žilina,Žilina,,248624.0
49,Bratislava,Bratislava,,388000.0
51,Bratislava,Bratislava,,439900.0
53,Bratislava,Bratislava,,540000.0
54,Bratislava,Bratislava,,321891.0
58,Bratislava,Bratislava,,455000.0
59,Dunajská Streda,,Dunajská Streda,222000.0
60,Dunajská Streda,,Dunajská Streda,176000.0
64,Košice,Košice,,315000.0
69,Lučenec,,Lučenec,105000.0
70,Malacky,,Malacky,239500.0
71,Malacky,,Malacky,144500.0
80,Pezinok,,Pezinok,215000.0
83,Piešťany,,Piešťany,135000.0
86,Piešťany,,Piešťany,170000.0
88,Púchov,,Púchov,86100.0
91,Trenčín,Trenčín,,246000.0
92,Trenčín,Trenčín,,331153.0
93,Trnava,Trnava,,156216.0
95,Trnava,Trnava,,269120.0
97,Žilina,Žilina,,428290.0
98,Žilina,Žilina,,463747.0
99,Žilina,Žilina,,194999.0
100,Žilina,Žilina,,204749.0
106,Bratislava,Bratislava,,1689900.0
112,Prešov,Prešov,,283933.0
113,Partizánske,,Partizánske,119900.0
114,Šaľa,,Šaľa,125000.0
115,Banská Bystrica,Banská Bystrica,,129900.0
116,Žilina,Žilina,,309900.0
117,Trenčín,Trenčín,,155900.0
119,Nitra,Nitra,,130000.0
120,Nové Zámky,,Nové Zámky,128000.0
126,Bratislava,Bratislava,,361620.0
128,Trnava,Trnava,,238921.0
130,Piešťany,,Piešťany,276500.0
134,Nitra,Nitra,,196536.0
135,Nitra,Nitra,,257866.0
136,Komárno,,Komárno,309980.0
145,Bratislava,Bratislava,,2019850.0
146,Bratislava,Bratislava,,299000.0
147,Bratislava,Bratislava,,150000.0
149,Banská Bystrica,Banská Bystrica,,199900.0
150,Trnava,Trnava,,239826.0
151,Trnava,Trnava,,359910.0
152,Trnava,Trnava,,222000.0
154,Banská Bystrica,Banská Bystrica,,85900.0
155,Malacky,,Malacky,209000.0
156,Malacky,,Malacky,185900.0
157,Prešov,Prešov,,476647.0
158,Zvolen,,Zvolen,150000.0
159,Komárno,,Komárno,163987.0
162,Pezinok,,Pezinok,231000.0
164,Liptovský Mikuláš,,Liptovský Mikuláš,163000.0
165,Považská Bystrica,,Považská Bystrica,84900.0
166,Považská Bystrica,,Považská Bystrica,129900.0
167,Šaľa,,Šaľa,130000.0
168,Lučenec,,Lučenec,78300.0
169,Kežmarok,,Vysoké Tatry,390000.0
172,Žilina,Žilina,,430000.0
173,Bratislava,Bratislava,,699000.0
181,Bratislava,Bratislava,,564753.0
183,Považská Bystrica,,Považská Bystrica,123300.0
184,Košice,Košice,,305900.0
187,Banská Bystrica,Banská Bystrica,,264900.0
188,Banská Bystrica,Banská Bystrica,,569900.0
190,Trenčín,Trenčín,,159900.0
193,Banská Bystrica,Banská Bystrica,,499000.0
195,Bratislava,Bratislava,,185900.0
196,Bratislava,Bratislava,,399100.0
198,Bratislava,Bratislava,,325000.0
199,Bratislava,Bratislava,,399800.0
203,Bratislava,Bratislava,,325000.0
208,Bratislava,Bratislava,,149000.0
209,Bratislava,Bratislava,,320000.0
211,Bratislava,Bratislava,,395000.0
213,Bratislava,Bratislava,,1959850.0
216,Bratislava,,,195000.0
218,Košice,,,125203.0
219,Košice,,,91220.0
221,Trenčín,Trenčín,,232363.0
224,Piešťany,,,59900.0
225,Banská Bystrica,Banská Bystrica,,268500.0
226,Trnava,Trnava,,356857.0
227,Trenčín,Trenčín,,138000.0
230,Žilina,Žilina,,331900.0
231,Pezinok,,Pezinok,448790.0
239,Bratislava,Bratislava,,290895.0
245,Bratislava,Bratislava,,584010.0
248,Banská Bystrica,,,125900.0
253,Trenčín,Trenčín,,165000.0
256,Bratislava,Bratislava,,2009700.0
257,Bratislava,Bratislava,,849900.0
259,Bratislava,Bratislava,,242000.0
260,Bratislava,Bratislava,,231000.0
265,Banská Bystrica,Banská Bystrica,,295400.0
266,Trenčín,Trenčín,,186600.0
267,Nové Zámky,,Nové Zámky,140000.0
268,Piešťany,,Piešťany,137000.0
275,Bratislava,Bratislava,,235000.0
276,Bratislava,Bratislava,,590000.0
281,Levice,,Levice,109000.0
283,Pezinok,,Pezinok,232000.0
288,Prešov,Prešov,,160000.0
289,Poprad,,Poprad,199990.0
291,Prievidza,,Prievidza,90000.0
292,Trnava,Trnava,,162461.0
295,Bratislava,Bratislava,,289900.0
297,Bratislava,Bratislava,,365000.0
300,Bratislava,Bratislava,,347000.0
302,Žilina,Žilina,,211900.0
304,Žilina,Žilina,,324900.0
307,Nové Zámky,,Nové Zámky,115000.0
311,Bratislava,Bratislava,,443000.0
312,Bratislava,Bratislava,,320000.0
316,Trenčín,Trenčín,,146000.0
320,Hlohovec,,Hlohovec,145000.0
322,Spišská Nová Ves,,Spišská Nová Ves,172900.0
324,Dunajská Streda,,Dunajská Streda,158800.0
328,Bratislava,Bratislava,,334647.0
329,Banská Bystrica,,,157900.0
331,Dunajská Streda,,Dunajská Streda,187000.0
332,Liptovský Mikuláš,,Liptovský Mikuláš,261000.0
333,Lučenec,,Lučenec,74990.0
334,Nitra,,,214212.0
339,Banská Bystrica,Banská Bystrica,,149900.0
345,Bratislava,Bratislava,,1099000.0
348,Bratislava,Bratislava,,340000.0
349,Bratislava,Bratislava,,400000.0
351,Dunajská Streda,,Dunajská Streda,148000.0
352,Košice,Košice,,436917.0
353,Košice,Košice,,230750.0
354,Košice,Košice,,330750.0
355,Nitra,Nitra,,248900.0
356,Trenčín,Trenčín,,442100.0
359,Žilina,Žilina,,223900.0
365,Humenné,,Humenné,111900.0
366,Liptovský Mikuláš,,Liptovský Mikuláš,163000.0
367,Pezinok,,Pezinok,215000.0
368,Poprad,,Vysoké Tatry,395000.0
369,Poprad,,Vysoké Tatry,329000.0
370,Prievidza,,Handlová,63000.0
372,Senec,,,169000.0
373,Bratislava,Bratislava,,695000.0
374,Bratislava,Bratislava,,215000.0
375,Dubnica nad Váhom,,Nová Dubnica,122000.0
376,Piešťany,,,152000.0
499,,,Stupava,247090.0
500,,,Stupava,303781.0
502,Zvolen,,Zvolen,229050.0
503,Bratislava,Bratislava,,690000.0
506,Nitra,Nitra,,119700.0
511,Banská Bystrica,Banská Bystrica,,449000.0
520,Trenčín,Trenčín,,179900.0
521,Bratislava,Bratislava,,299000.0
526,Prešov,,,275000.0
536,Bratislava,Bratislava,,227000.0
548,Levice,,Levice,109990.0
549,Martin,,Martin,192700.0
552,Banská Bystrica,Banská Bystrica,,158980.0
553,Martin,,Martin,264400.0
560,Žilina,Žilina,,242000.0
567,Bratislava,Bratislava,,566000.0
569,Liptovský Mikuláš,,Liptovský Mikuláš,279670.0
573,Bratislava,Bratislava,,95000.0
595,Nitra,Nitra,,350000.0
596,Bratislava,Bratislava,,321891.0
606,Brezno,,Brezno,157900.0
607,Revúca,,Tisovec,23000.0
616,Bratislava,Bratislava,,559500.0
631,Bratislava,Bratislava,,770000.0
632,Bratislava,Bratislava,,799000.0
637,Nitra,Nitra,,153000.0
638,Nitra,Nitra,,153000.0
652,Humenné,,,70000.0
666,Bratislava,Bratislava,,443000.0
670,Pezinok,,Pezinok,448790.0
684,Bratislava,Bratislava,,879900.0
685,Dunajská Streda,,Dunajská Streda,172200.0
686,Trnava,,Sereď,234844.0
691,Banská Bystrica,Banská Bystrica,,215000.0
694,Bratislava,Bratislava,,349990.0
702,Liptovský Mikuláš,,Liptovský Mikuláš,159900.0
707,Bratislava,Bratislava,,284900.0
714,Bratislava,Bratislava,,378267.0
720,Bratislava,Bratislava,,280000.0
725,Bratislava,Bratislava,,262900.0
726,Bratislava,Bratislava,,985300.0
734,Púchov,,Púchov,131500.0
743,Bratislava,Bratislava,,245622.0
745,Bratislava,Bratislava,,303672.0
751,Ružomberok,,Ružomberok,160000.0
764,Banská Bystrica,Banská Bystrica,,244900.0
765,Banská Bystrica,Banská Bystrica,,439900.0
766,Banská Bystrica,Banská Bystrica,,274900.0
767,Bratislava,Bratislava,,539000.0
769,Dunajská Streda,,Dunajská Streda,118000.0
770,Liptovský Mikuláš,,Liptovský Mikuláš,210000.0
771,Liptovský Mikuláš,,Liptovský Mikuláš,218000.0
773,Lučenec,,Lučenec,85050.0
775,Michalovce,,,168000.0
776,Nitra,,,185000.0
777,Nové Zámky,,Nesvady,144000.0
779,Piešťany,,,173990.0
780,Poprad,,Svit,199900.0
782,Žilina,,,134000.0
783,Trenčín,Trenčín,,129000.0
786,Dunajská Streda,,Dunajská Streda,199000.0
787,Bratislava,Bratislava,,185900.0
788,Bratislava,Bratislava,,284900.0
794,Komárno,,Komárno,105000.0
797,Bratislava,Bratislava,,420000.0
801,Piešťany,,Piešťany,193000.0
811,Piešťany,,Piešťany,235000.0
813,Bratislava,Bratislava,,564753.0
825,Bratislava,Bratislava,,299900.0
826,Bratislava,Bratislava,,333500.0
827,Bratislava,Bratislava,,626700.0
828,Bratislava,Bratislava,,591500.0
837,Bratislava,Bratislava,,332625.0
838,Bratislava,Bratislava,,295843.0
841,Nové Zámky,,Nové Zámky,340000.0
842,Piešťany,,Piešťany,140000.0
843,Bratislava,Bratislava,,375000.0
846,Bratislava,Bratislava,,340000.0
847,Bratislava,Bratislava,,305000.0
849,Bratislava,Bratislava,,899900.0
851,Nitra,Nitra,,155600.0
852,Nitra,Nitra,,216800.0
854,Nitra,Nitra,,99700.0
860,Bratislava,Bratislava,,292474.0
866,Bratislava,Bratislava,,455051.0
870,Lučenec,,Lučenec,152000.0
874,Bratislava,Bratislava,,219032.0
876,Bratislava,Bratislava,,252000.0
877,Trenčín,,Dubnica nad Váhom,300000.0
884,Martin,,Martin,86000.0
885,Martin,,Martin,134000.0
886,Michalovce,,Michalovce,124900.0
888,Pezinok,,Pezinok,149900.0
892,Prešov,Prešov,,250000.0
898,Lučenec,,Lučenec,83000.0
900,Nové Zámky,,Nové Zámky,141000.0
902,Pezinok,,Pezinok,215000.0
903,Trenčín,Trenčín,,183939.0
904,Žilina,Žilina,,225000.0
905,Zvolen,,Zvolen,273000.0
906,Bratislava,Bratislava,,600700.0
907,Bratislava,Bratislava,,556500.0
913,Piešťany,,,170500.0
914,Zvolen,,Zvolen,189000.0
915,Bratislava,Bratislava,,467300.0
919,Michalovce,,Michalovce,119900.0
925,Trenčín,Trenčín,,121990.0
926,Bratislava,Bratislava,,351500.0
933,Bratislava,Bratislava,,455050.0
937,Dunajská Streda,,Dunajská Streda,159000.0
939,Piešťany,,,234000.0
941,Spišská Nová Ves,,Spišská Nová Ves,105000.0
947,Bratislava,Bratislava,,721000.0
949,Prešov,Prešov,,139000.0
955,Bratislava,Bratislava,,735000.0
962,Košice,Košice,,388788.0
964,Bratislava,Bratislava,,455500.0
970,Poprad,,Poprad,265000.0
972,Bratislava,Bratislava,,415000.0
988,Piešťany,,Piešťany,361800.0
990,Banská Bystrica,,,229100.0
991,Banská Bystrica,,,212500.0
1000,Piešťany,,Piešťany,369000.0
1007,Košice,Košice,,140000.0
1009,Senec,,,197910.0
1011,Bratislava,Bratislava,,295990.0
1019,Košice,Košice,,565554.0
1029,Bratislava,Bratislava,,379000.0
1030,Bratislava,Bratislava,,349500.0
1037,Banská Bystrica,Banská Bystrica,,284900.0
1038,Bratislava,Bratislava,,211435.0
1054,Dunajská Streda,,Dunajská Streda,139000.0
1059,Dunajská Streda,,Dunajská Streda,96200.0
1061,Trenčín,Trenčín,,141500.0
1063,Bratislava,Bratislava,,335000.0
1066,Prešov,Prešov,,179000.0
1076,Košice,Košice,,371949.0
1077,Košice,Košice,,370821.0
1078,Košice,Košice,,314019.0
1082,Bratislava,Bratislava,,466125.0
1083,Bratislava,Bratislava,,337225.0
1084,Bratislava,Bratislava,,449900.0
1095,Bratislava,Bratislava,,499900.0
1102,Dunajská Streda,,Dunajská Streda,114900.0
1104,Bratislava,Bratislava,,252307.0
1106,Komárno,,Komárno,170821.0
1110,Bratislava,Bratislava,,499720.0
1114,Trnava,Trnava,,349900.0
1122,Košice,Košice,,290967.0
1124,Zvolen,,Zvolen,149000.0
1127,Liptovský Mikuláš,,Liptovský Mikuláš,213000.0
1129,Galanta,,Galanta,136800.0
1132,Bratislava,Bratislava,,363875.0
1133,Bratislava,Bratislava,,496725.0
1136,Liptovský Mikuláš,,Liptovský Mikuláš,393500.0
1137,Piešťany,,Piešťany,135000.0
1145,Nové Zámky,,,74800.0
1147,Nitra,Nitra,,170000.0
1148,Bratislava,Bratislava,,267500.0
1150,Dunajská Streda,,Dunajská Streda,130000.0
1153,Šaľa,,,138000.0
1157,Senec,,,189990.0
1158,Poprad,,Poprad,130000.0
1160,Galanta,,,113000.0
1164,Komárno,,Hurbanovo,58000.0
1168,Senec,,,250000.0
1170,Nové Zámky,,Nesvady,160000.0
1171,Nové Zámky,,Nové Zámky,93000.0
1172,Nové Zámky,,Nové Zámky,122500.0
1174,Senec,,,226200.0
1176,Malacky,,Malacky,189000.0
1180,Komárno,,Komárno,135000.0
1182,Poprad,,Poprad,273921.0
1184,Dunajská Streda,,Dunajská Streda,139900.0
1186,Piešťany,,,215000.0
1187,Košice,Košice,,269000.0
1189,Bratislava,Bratislava,,599000.0
1193,Bratislava,Bratislava,,389990.0
1195,Rožňava,,,76911.0
1198,Trnava,Trnava,,279000.0
1199,Michalovce,,Strážske,132000.0
1200,Lučenec,,Lučenec,76990.0
1202,Trenčín,,,139000.0
1203,Košice,Košice,,261245.0
1204,Košice,Košice,,231610.0
1205,Košice,Košice,,300405.0
1206,Zlaté Moravce,,Vráble,173759.0
1207,Zlaté Moravce,,Vráble,124760.0
1211,Levice,,Piešťany,234000.0
1212,Levice,,Piešťany,262000.0
1214,Detva,,Detva,98800.0
1217,Trnava,,Sereď,168000.0
1233,Levice,,Dudince,159990.0
1236,Dubnica nad Váhom,,Trenčianske Teplice,256250.0
1239,Nové Zámky,,,110000.0
1240,Malacky,,,140672.0
1241,Galanta,,Galanta,159500.0
1242,Galanta,,Galanta,177230.0
1243,Galanta,,Galanta,136800.0
1244,Prievidza,,Handlová,54000.0
1245,Kežmarok,,,139999.0
1248,Galanta,,Galanta,159000.0
1254,Senica,,,89900.0
1256,Galanta,,Sereď,142990.0
1257,Žiar nad Hronom,,Žiar nad Hronom,227000.0
1260,Malacky,,,145000.0
1263,Dubnica nad Váhom,,Trenčianske Teplice,200875.0
1267,Brezno,,,318000.0
1269,Revúca,,,67000.0
1270,Bratislava,,,224900.0
1271,Zlaté Moravce,,Zlaté Moravce,155125.0
1273,Piešťany,,,152000.0
1274,Piešťany,,,215000.0
1275,Banská Štiavnica,,Banská Štiavnica,145000.0
1276,Banská Bystrica,,,229999.0
1281,Banská Štiavnica,,Banská Štiavnica,175250.0
1286,Kežmarok,,,153000.0
1287,Poprad,,,299900.0
1288,Brezno,,,195000.0
1289,Zlaté Moravce,,Zlaté Moravce,103000.0
1290,Zlaté Moravce,,Zlaté Moravce,153500.0
1292,Poprad,,Vysoké Tatry,165000.0
1294,Žilina,,Rajecké Teplice,159049.0
1297,Ilava,,Ilava,222000.0
1299,Stará Ľubovňa,,,59291.0
1300,Stará Ľubovňa,,,90129.0
1301,Dunajská Streda,,Dunajská Streda,159990.0
1302,Hlohovec,,Hlohovec,139500.0
1303,Zlaté Moravce,,,64000.0
1304,Čadca,,Turzovka,103000.0
1305,Senec,,,223800.0
1308,Gelnica,,,50000.0
1309,Galanta,,Sereď,239000.0
1315,Považská Bystrica,,Rajec,135000.0
1321,Trebišov,,,102990.0
1322,Pezinok,,Svätý Jur,409900.0
1327,Prievidza,,Handlová,78999.0
1337,Lučenec,,Lučenec,96000.0
1339,Banská Bystrica,,,295000.0
1344,Liptovský Mikuláš,,Liptovský Mikuláš,217000.0
1347,Detva,,Detva,120000.0
1356,Bratislava,Bratislava,,359000.0
1359,Senica,,Senica,98000.0
1365,Stará Ľubovňa,,Podolínec,289264.0
1367,Prešov,,,277500.0
1369,Malacky,,,89990.0
1375,Bratislava,,,280000.0
1377,Ilava,,Ilava,134900.0
1378,Bánovce nad Bebravou,,Bánovce nad Bebravou,117000.0
1379,Nitra,Nitra,,179990.0
1381,Prešov,Prešov,,269000.0
1386,Piešťany,,Piešťany,180000.0
1387,Galanta,,Galanta,136800.0
1388,Čadca,,,111631.0
1391,Bánovce nad Bebravou,,Bánovce nad Bebravou,57000.0
1392,Košice,Košice,,384343.0
1393,Košice,Košice,,239445.0
1394,Galanta,,Sereď,138000.0
1398,Galanta,,Sereď,235000.0
1401,Stará Ľubovňa,,,66417.0
1419,Dunajská Streda,,,130000.0
1421,Brezno,,,138500.0
1422,Malacky,,,143900.0
1424,Ilava,,Ilava,94500.0
1425,Zlaté Moravce,,Vráble,199000.0
1426,Galanta,,Galanta,136706.0
1435,Stará Ľubovňa,,Stará Ľubovňa,280144.0
1439,Dubnica nad Váhom,,Trenčianske Teplice,200875.0
1441,Bratislava,,,325000.0
1443,Nitra,,Vráble,107900.0
1450,Banská Bystrica,,,235000.0
1453,Prievidza,,,56000.0
1454,Považská Bystrica,,Považská Bystrica,139000.0
1456,Galanta,,Galanta,158000.0
1457,Nové Zámky,,Nové Zámky,174800.0
1458,Senica,,Šaštín-Stráže,125000.0
1460,Piešťany,,Piešťany,177900.0
1461,Nové Zámky,,Nové Zámky,174000.0
1473,Nitra,,,173759.0
1480,Lučenec,,Lučenec,74900.0
1487,Bratislava,Bratislava,,189000.0
1499,Košice,Košice,,222923.0
1501,Banská Štiavnica,,Banská Štiavnica,192000.0
1502,Topoľčany,,Topoľčany,265000.0
1503,Banská Štiavnica,,Banská Štiavnica,149900.0
1504,Piešťany,,Piešťany,103000.0
1507,Levice,,Želiezovce,64900.0
1508,Senica,,Šaštín-Stráže,90000.0
1510,Galanta,,Galanta,128000.0
1552,Bratislava,Bratislava,,261635.0
1555,Piešťany,,Piešťany,335000.0
1556,Piešťany,,Piešťany,219000.0
1557,Banská Štiavnica,,Banská Štiavnica,127000.0
1558,Piešťany,,Piešťany,240000.0
1560,Senec,,Senec,210000.0
1561,Piešťany,,Piešťany,170000.0
1564,Galanta,,Galanta,177230.0
1566,Nitra,Nitra,,182000.0
1567,Malacky,,Malacky,162000.0
1575,Bratislava,Bratislava,,324127.0
1581,Košice,,,235000.0
1582,Košice,Košice,,386910.0
1583,Liptovský Mikuláš,,Liptovský Mikuláš,395000.0
1589,Prievidza,,Handlová,57500.0
1591,Stropkov,,Stropkov,64000.0
1592,Martin,,Martin,100000.0
1594,Trnava,Trnava,,149900.0
1602,Košice,,,186900.0
1603,Levice,,Tlmače,90000.0
1607,Čadca,,,112684.0
1609,Myjava,,Turá Lúka,109192.0
1610,Galanta,,Galanta,128000.0
1612,Banská Bystrica,,,250000.0
1614,Púchov,,,230000.0
1622,Bánovce nad Bebravou,,Bánovce nad Bebravou,129500.0
1623,Brezno,,,158500.0
1624,Brezno,,,129500.0
1630,Žarnovica,,Žarnovica,86177.0
1662,Trenčín,Trenčín,,255200.0
1663,Trenčín,Trenčín,,257400.0
1664,Senec,,,209990.0
1666,Bratislava,Bratislava,,629000.0
1667,Bratislava,Bratislava,,579000.0
1683,Trnava,Trnava,,240000.0
1684,Trnava,Trnava,,165000.0
1685,Bratislava,Bratislava,,354990.0
1688,Turčianske Teplice,,Turčianske Teplice,244000.0
1695,Nitra,Nitra,,173759.0
1697,Zlaté Moravce,,,155000.0
1699,Levice,,Šahy,70000.0
1701,Michalovce,,Michalovce,168000.0
1702,Michalovce,,Strážske,169000.0
1706,Nitra,,Vráble,137900.0
1707,Bratislava,Bratislava,,208000.0
1712,Skalica,,Skalica,15000.0
1713,Prievidza,,Handlová,85000.0
1715,Nitra,Nitra,,345000.0
1716,Nitra,Nitra,,162000.0
1719,Levice,,,96000.0
1720,Bratislava,Bratislava,,254980.0
1721,Piešťany,,,273600.0
1724,Šaľa,,Šaľa,112222.0
1725,Prešov,,Veľký Šariš,224900.0
1731,Komárno,,Štúrovo,84800.0
1734,Liptovský Mikuláš,,,300000.0
1735,Košice,Košice,,198336.0
1742,Lučenec,,Lučenec,103000.0
1747,Michalovce,,Michalovce,148000.0
1756,Dolný Kubín,,Dolný Kubín,249900.0
1757,Bratislava,Bratislava,,259000.0
1758,Dunajská Streda,,Dunajská Streda,176000.0
1759,Hlohovec,,,147000.0
1760,Galanta,,,147000.0
1762,Trnava,,,147000.0
1765,Prievidza,,Bojnice,255000.0
1766,Košice,Košice,,182000.0
1771,Malacky,,,178035.0
1773,Bánovce nad Bebravou,,Bánovce nad Bebravou,89000.0
1775,Ilava,,Dubnica nad Váhom,156500.0
1776,Senec,,,208000.0
1777,Dunajská Streda,,Dunajská Streda,205000.0
1778,Lučenec,,Lučenec,76220.0
1784,Galanta,,Galanta,147390.0
1785,Sabinov,,,60000.0
1787,Košice,Košice,,182000.0
1788,Zvolen,,Zvolen,246923.0
1789,Bratislava,,Stupava,190000.0
1793,Bratislava,Bratislava,,269000.0
1798,Galanta,,Galanta,177230.0
1799,Galanta,,Galanta,136800.0
1801,Považská Bystrica,,Považská Bystrica,209999.0
1802,Topoľčany,,Topoľčany,330000.0
1804,Kežmarok,,,119000.0
1805,Liptovský Mikuláš,,,140000.0
1806,Senec,,,208000.0
1825,Bratislava,,Šamorín,192980.0
1833,Detva,,Detva,134900.0
1835,Bratislava,Bratislava,,844652.0
1846,Nové Zámky,,Nové Zámky,83000.0
1848,Čadca,,,126659.0
1860,Galanta,,,159000.0
1864,Senec,,,154500.0
1866,Senec,,,129900.0
1867,Bratislava,Bratislava,,238755.0
1868,Bratislava,Bratislava,,313532.0
1869,Bratislava,Bratislava,,361333.0
1871,Čadca,,,98949.0
1878,Pezinok,,Modra,169950.0
1879,Žilina,,,175000.0
1880,Bratislava,Bratislava,,324900.0
1881,Trnava,Trnava,,495000.0
1885,Levice,,Šahy,69900.0
1918,Senec,,,259143.0
1938,Dolný Kubín,,Dolný Kubín,153000.0
1940,Senec,,,209760.0
1944,Bratislava,Bratislava,,283000.0
1949,Prešov,Prešov,,265603.0
1950,Spišská Nová Ves,,Spišská Nová Ves,184500.0
1951,Spišská Nová Ves,,Spišská Nová Ves,169125.0
1952,Spišská Nová Ves,,Spišská Nová Ves,251125.0
1961,Piešťany,,Vrbové,159000.0
1966,Pezinok,,Pezinok,199000.0
1969,Nové Zámky,,Nové Zámky,130000.0
1971,Spišská Nová Ves,,,68000.0
1973,Šaľa,,Šaľa,144990.0
1974,Poprad,,Poprad,287000.0
1975,Poprad,,Poprad,275000.0
1976,Poprad,,Poprad,285000.0
1977,Poprad,,Poprad,270000.0
1987,Poprad,,Poprad,180480.0
1989,Trenčín,Trenčín,,129000.0
1990,Trenčín,Trenčín,,159000.0
1995,Nové Zámky,,Nové Zámky,131290.0
1999,Prešov,Prešov,,160000.0
2001,Bratislava,Bratislava,,330000.0
2002,Trnava,,,149900.0
2003,Nové Zámky,,Nové Zámky,110000.0
2004,Kysucké Nové Mesto,,Kysucké Nové Mesto,160000.0
2010,Pezinok,,Pezinok,215000.0
2013,Galanta,,Sládkovičovo,118200.0
2014,Brezno,,,75000.0
2015,Komárno,,Komárno,126711.0
2017,Trenčín,Trenčín,,163000.0
2019,Bratislava,Bratislava,,950000.0
2030,Košice,Košice,,398000.0
2039,Bratislava,Bratislava,,251845.0
2040,Žarnovica,,,51900.0
2042,Pezinok,,Modra,216300.0
2045,Bratislava,Bratislava,,191281.0
2046,Púchov,,,109900.0
2047,Bratislava,Bratislava,,154500.0
2050,Bratislava,Bratislava,,222500.0
2051,Bratislava,Bratislava,,410000.0
2052,Levice,,,55000.0
2058,Bratislava,Bratislava,,780000.0
2059,Košice,Košice,,319990.0
2060,Bratislava,Bratislava,,301800.0
2065,Stará Ľubovňa,,Stará Ľubovňa,175140.0
2066,Stará Ľubovňa,,,181243.0
2069,Dubnica nad Váhom,,Trenčianske Teplice,119000.0
2070,Poprad,,Poprad,250000.0
2079,Dunajská Streda,,,159000.0
2087,Prešov,Prešov,,236820.0
2090,Malacky,,Malacky,172800.0
2094,Bratislava,Bratislava,,365000.0
2097,Prievidza,,Handlová,45000.0
2099,Malacky,,Malacky,149990.0
2102,Dunajská Streda,,Dunajská Streda,196000.0
2106,Žilina,,,172000.0
2107,Piešťany,,Piešťany,148800.0
2109,Galanta,,Galanta,128000.0
2114,Nové Zámky,,Nové Zámky,125000.0
2117,Dunajská Streda,,Dunajská Streda,164000.0
2118,Nové Mesto nad Váhom,,,110610.0
2125,Humenné,,Humenné,139900.0
2129,Nitra,,Štúrovo,170000.0
2130,Humenné,,Humenné,169900.0
2133,Dunajská Streda,,,177000.0
2134,Bratislava,Bratislava,,150000.0
2140,Trnava,,,129700.0
2142,Bratislava,,,309000.0
2145,Humenné,,Humenné,179900.0
2146,Bratislava,,Stupava,284000.0
2148,Malacky,,,163990.0
2149,Banská Bystrica,Banská Bystrica,,267000.0
2150,Galanta,,Sládkovičovo,179000.0
2152,Martin,,Vrútky,129900.0
2153,Bratislava,,Šamorín,191201.0
2155,Bratislava,Bratislava,,1195000.0
2156,Brezno,,,220000.0
2167,Bratislava,Bratislava,,181900.0
2168,Bratislava,Bratislava,,279000.0
2170,Piešťany,,Vrbové,229500.0
2171,Prievidza,,Bojnice,267000.0
2172,Prievidza,,Bojnice,219000.0
2185,Bratislava,Bratislava,,375000.0
2187,Brezno,,,199000.0
2194,Revúca,,Revúca,32000.0
2196,Galanta,,Sereď,117700.0
2197,Bratislava,Bratislava,,439000.0
2208,Bratislava,,,258000.0
2211,Nové Zámky,,Nové Zámky,195000.0
2212,Bratislava,Bratislava,,455000.0
2216,Košice,Košice,,314019.0
2217,Dunajská Streda,,Dunajská Streda,187600.0
2220,Galanta,,Galanta,135000.0
2221,Dunajská Streda,,Dunajská Streda,134900.0
2224,Bratislava,Bratislava,,322500.0
2230,Banská Bystrica,Banská Bystrica,,282000.0
2232,Nitra,Nitra,,147000.0
2233,Trebišov,,,91080.0
2247,Piešťany,,Piešťany,148000.0
2248,Michalovce,,Michalovce,135000.0
2253,Dunajská Streda,,Dunajská Streda,162360.0
2260,Levice,,Šahy,79900.0
2261,Bratislava,Bratislava,,225000.0
2263,Bratislava,Bratislava,,224980.0
2264,Nitra,,,124760.0
2265,Bratislava,Bratislava,,373990.0
2266,Bratislava,Bratislava,,339000.0
2268,Kežmarok,,Vysoké Tatry,849170.0
2278,Bratislava,Bratislava,,319900.0
2283,Galanta,,Galanta,147390.0
2286,Žarnovica,,Nová Baňa,109500.0
2291,Žiar nad Hronom,,Žiar nad Hronom,61000.0
2299,Košice,,,176900.0
2300,Snina,,Snina,65000.0
2301,Bratislava,,Stupava,237622.0
2302,Dunajská Streda,,Veľký Meder,86000.0
2303,Dunajská Streda,,Veľký Meder,99000.0
2305,Skalica,,Holíč,103000.0
2307,Stropkov,,Giraltovce,81900.0
2311,Kežmarok,,,185000.0
2312,Galanta,,Sereď,110000.0
2316,Brezno,,,179000.0
2320,Hlohovec,,,299900.0
2323,Detva,,Hriňová,89990.0
2324,Galanta,,,150000.0
2325,Humenné,,Strážske,78990.0
2326,Humenné,,Strážske,94990.0
2327,Galanta,,,120000.0
2330,Poprad,,,279000.0
2332,Poprad,,,198700.0
2333,Poprad,,,165000.0
2334,Piešťany,,,209900.0
2339,Trnava,,,132800.0
2340,Piešťany,,,173900.0
2342,Galanta,,,119000.0
2349,Bratislava,Bratislava,,399900.0
2351,Senec,,,189760.0
2365,Bánovce nad Bebravou,,Bánovce nad Bebravou,117000.0
2368,Senec,,,229000.0
2376,Dolný Kubín,,Dolný Kubín,105000.0
2378,Galanta,,Galanta,299000.0
2386,Zlaté Moravce,,Vráble,117900.0
2387,Poprad,,,499000.0
2393,Bánovce nad Bebravou,,Bánovce nad Bebravou,117000.0
2404,Dubnica nad Váhom,,Trenčianske Teplice,199900.0
2405,Dolný Kubín,,Dolný Kubín,225650.0
2407,Ilava,,Ilava,149900.0
2417,Poprad,,,262248.0
2419,Trnava,,,144700.0
2421,Nitra,,Vráble,152900.0
2422,Nitra,,Vráble,121900.0
2455,Piešťany,,,237300.0
2458,Bratislava,Bratislava,,409900.0
2461,Bratislava,Bratislava,,420000.0
2462,Humenné,,Humenné,199900.0
2466,Prievidza,,Bojnice,209000.0
2478,Bratislava,Bratislava,,530660.0
2479,Košice,Košice,,190000.0
2488,Brezno,,Brezno,289500.0
2489,Žilina,Žilina,,319500.0
2496,Bratislava,Bratislava,,1120640.0
2504,Nitra,Nitra,,149990.0
2537,Bánovce nad Bebravou,,Bánovce nad Bebravou,70000.0
2542,Pezinok,,Modra,180250.0
2545,Senec,,,268865.0
2546,Senec,,,196412.0
2547,Bratislava,Bratislava,,385000.0
2548,Prievidza,,Prievidza,182000.0
2557,Galanta,,Galanta,267900.0
2561,Trnava,Trnava,,349000.0
2564,Poprad,,,199000.0
2566,Levice,,Levice,116000.0
2570,Bratislava,Bratislava,,799990.0
2572,Trenčín,Trenčín,,119900.0
2587,Skalica,,Holíč,85900.0
2588,Námestovo,,,150000.0
2591,Trenčín,Trenčín,,299000.0
2592,Púchov,,Púchov,236452.0
2593,Púchov,,Púchov,184261.0
2594,Bratislava,Bratislava,,255000.0
2595,Martin,,,119900.0
2596,Dolný Kubín,,,160384.0
2598,Senec,,,188900.0
2600,Prievidza,,Handlová,53500.0
2609,Poprad,,Vysoké Tatry,185000.0
2611,Nitra,,,129500.0
2613,Piešťany,,,195100.0
2616,Malacky,,Malacky,199000.0
2617,Prievidza,,,114000.0
2620,Michalovce,,Michalovce,178000.0
2622,Poprad,,Vysoké Tatry,299628.0
2623,Trnava,Trnava,,184000.0
2625,Komárno,,Komárno,214930.0
2628,Levice,,Šahy,73000.0
2632,Lučenec,,Lučenec,94000.0
2633,Skalica,,Holíč,150000.0
2634,Nové Zámky,,Nové Zámky,119000.0
2635,Nitra,Nitra,,254000.0
2636,Dunajská Streda,,,151900.0
2637,Košice,Košice,,369890.0
2639,Komárno,,Komárno,105000.0
2646,Košice,Košice,,370821.0
2647,Trnava,,,105000.0
2654,Bratislava,Bratislava,,1200000.0
2660,Dunajská Streda,,Dunajská Streda,187600.0
2661,Bratislava,Bratislava,,289000.0
2663,Bratislava,Bratislava,,238900.0
2667,Žilina,Žilina,,335900.0
2670,Liptovský Mikuláš,,Liptovský Hrádok,169000.0
2676,Dubnica nad Váhom,,Trenčianske Teplice,83000.0
2682,Bratislava,Bratislava,,550228.0
2683,Bratislava,Bratislava,,567267.0
2684,Bratislava,Bratislava,,510375.0
2703,Šaľa,,Šaľa,118000.0
2705,Bratislava,Bratislava,,235000.0
2707,Liptovský Mikuláš,,Liptovský Mikuláš,129000.0
2710,Komárno,,Komárno,105078.0
2716,Levice,,Levice,96000.0
2720,Senica,,,129500.0
2728,Nitra,,,179990.0
2731,Lučenec,,Lučenec,79000.0
2733,Topoľčany,,Topoľčany,215000.0
2736,Nitra,Nitra,,269000.0
2739,Malacky,,Malacky,162750.0
2744,Michalovce,,Veľké Kapušany,65000.0
2762,Komárno,,,300000.0
2772,Nové Zámky,,Nové Zámky,122500.0
2773,Banská Bystrica,Banská Bystrica,,320000.0
2774,Banská Štiavnica,,Banská Štiavnica,139000.0
2776,Banská Bystrica,,,428000.0
2777,Bratislava,Bratislava,,384500.0
2778,Prešov,Prešov,,307300.0
2779,Levice,,Želiezovce,72990.0
2787,Bratislava,Bratislava,,429000.0
2791,Komárno,,Komárno,85000.0
2793,Bratislava,Bratislava,,379000.0
2796,Bratislava,Bratislava,,269900.0
2797,Bratislava,Bratislava,,244900.0
2798,Bratislava,Bratislava,,445500.0
2810,Piešťany,,Piešťany,295000.0
2811,Košice,Košice,,135000.0
2812,Bratislava,Bratislava,,407618.0
2813,Bratislava,Bratislava,,503634.0
2814,Bratislava,Bratislava,,308966.0
2817,Dubnica nad Váhom,,Nová Dubnica,135788.0
2818,Dubnica nad Váhom,,Nová Dubnica,114980.0
2819,Bratislava,Bratislava,,217000.0
2822,Kysucké Nové Mesto,,Kysucké Nové Mesto,225000.0
2823,Bratislava,,,299900.0
2833,Trnava,Trnava,,175000.0
2835,Levice,,Levice,120000.0
2838,Senec,,,159000.0
2839,Košice,Košice,,334589.0
2841,Trebišov,,Trebišov,110000.0
2842,Piešťany,,Piešťany,327900.0
2844,Nitra,,Vráble,169410.0
2849,Košice,,,138500.0
2850,Košice,,,197000.0
2858,Piešťany,,Piešťany,128990.0
2860,Bratislava,Bratislava,,289000.0
2861,Piešťany,,Vrbové,159990.0
2866,Galanta,,,169000.0
2867,Banská Bystrica,Banská Bystrica,,350000.0
2868,Lučenec,,,73000.0
2872,Rožňava,,Rožňava,120000.0
2877,Skalica,,Holíč,98000.0
2879,Komárno,,Komárno,250000.0
2881,Trenčín,,Trenčianske Teplice,209900.0
2882,Dubnica nad Váhom,,Trenčianske Teplice,259900.0
2885,Poprad,,Vysoké Tatry,319000.0
2890,Trenčín,Trenčín,,325000.0
2891,Bratislava,Bratislava,,184900.0
2893,Piešťany,,Piešťany,148400.0
2897,Bratislava,Bratislava,,509000.0
2898,Michalovce,,Michalovce,168000.0
2899,Michalovce,,Michalovce,148000.0
2903,Dunajská Streda,,Dunajská Streda,120000.0
2904,Čadca,,Čadca,145000.0
2906,Bratislava,Bratislava,,219900.0
2908,Piešťany,,Piešťany,337900.0
2909,Bratislava,Bratislava,,425000.0
2911,Bratislava,Bratislava,,395900.0
2918,Prešov,Prešov,,205000.0
2930,Trenčín,Trenčín,,237025.0
2931,Prešov,Prešov,,139900.0
2936,Bratislava,Bratislava,,1290000.0
2938,Dunajská Streda,,Dunajská Streda,159900.0
2944,Dubnica nad Váhom,,Nová Dubnica,189980.0
2946,Prievidza,,Prievidza,196400.0
2947,Bratislava,Bratislava,,429000.0
2952,Liptovský Mikuláš,,Liptovský Mikuláš,320000.0
2953,Bratislava,Bratislava,,869992.0
2954,Brezno,,Brezno,168000.0
2955,Brezno,,Brezno,177500.0
2956,Brezno,,Brezno,168900.0
2957,Brezno,,Brezno,153500.0
2958,Brezno,,Brezno,167500.0
2961,Nitra,Nitra,,143000.0
2968,Kežmarok,,,174500.0
2971,Detva,,Hriňová,155000.0
2972,Poprad,,,354099.0
2982,Dolný Kubín,,Dolný Kubín,307000.0
2985,Bratislava,,Stupava,169900.0
2988,Dubnica nad Váhom,,Nová Dubnica,133000.0
2989,Trnava,Trnava,,499900.0
2990,Trnava,Trnava,,229900.0
2991,Dunajská Streda,,Dunajská Streda,172200.0
2994,Bánovce nad Bebravou,,Bánovce nad Bebravou,94400.0
3010,Bratislava,Bratislava,,5000.0
3013,Bratislava,Bratislava,,399800.0
3031,Košice,Košice,,343375.0
3032,Bánovce nad Bebravou,,Bánovce nad Bebravou,139500.0
3033,Bánovce nad Bebravou,,Bánovce nad Bebravou,109600.0
3034,Trnava,Trnava,,184900.0
3036,Snina,,Snina,65000.0
3038,Liptovský Mikuláš,,,338000.0
3041,Dunajská Streda,,Dunajská Streda,173000.0
3043,Lučenec,,Lučenec,80999.0
3044,Bratislava,Bratislava,,325000.0
3045,Poprad,,Svit,360000.0
3051,Trebišov,,Trebišov,136999.0
3056,Dunajská Streda,,Dunajská Streda,163000.0
3057,Dubnica nad Váhom,,Dubnica nad Váhom,155000.0
3058,Bánovce nad Bebravou,,Bánovce nad Bebravou,94400.0
3059,Lučenec,,Lučenec,92700.0
3060,Snina,,Snina,43000.0
3066,Prievidza,,Handlová,86500.0
3067,Bratislava,,Šamorín,259500.0
3069,Skalica,,Holíč,150000.0
3075,Bratislava,Bratislava,,234000.0
3076,Prešov,Prešov,,249000.0
3080,Lučenec,,Lučenec,83000.0
3084,Bratislava,Bratislava,,199990.0
3085,Nové Zámky,,Nové Zámky,106000.0
3087,Košice,Košice,,230320.0
3088,Košice,Košice,,183017.0
3093,Senica,,Senica,109900.0
3094,Bratislava,Bratislava,,242990.0
3096,Piešťany,,Piešťany,147800.0
3097,Banská Bystrica,,,210000.0
3098,Martin,,Martin,163200.0
3100,Trenčín,Trenčín,,255000.0
3103,Bratislava,Bratislava,,205000.0
3107,Topoľčany,,Topoľčany,125000.0
3117,Bratislava,Bratislava,,225000.0
3118,Bratislava,Bratislava,,631200.0
3119,Bratislava,Bratislava,,477600.0
3120,Bratislava,Bratislava,,521280.0
3121,Bratislava,Bratislava,,687360.0
3122,Bratislava,Bratislava,,859900.0
3123,Bratislava,Bratislava,,879900.0
3132,Piešťany,,Piešťany,300000.0
3133,Bánovce nad Bebravou,,Bánovce nad Bebravou,149000.0
3134,Dolný Kubín,,Dolný Kubín,244900.0
3135,Košice,Košice,,255000.0
3136,Banská Bystrica,Banská Bystrica,,325000.0
3140,Michalovce,,,108630.0
3147,Košice,Košice,,154500.0
3148,Ružomberok,,,154900.0
3149,Bratislava,,,330000.0
3151,Senec,,Senec,189900.0
3158,Dunajská Streda,,Veľký Meder,122890.0
3165,Malacky,,,207000.0
3169,Prešov,Prešov,,168500.0
3170,Prešov,Prešov,,199000.0
3176,Žilina,Žilina,,293000.0
3177,Žilina,Žilina,,440000.0
3179,Dubnica nad Váhom,,Trenčianske Teplice,149900.0
3181,Pezinok,,Pezinok,215000.0
3191,Poprad,,,193700.0
3204,Michalovce,,Michalovce,163350.0
3205,Pezinok,,Pezinok,175000.0
3211,Skalica,,,83180.0
3222,Galanta,,,129900.0
3228,Partizánske,,Partizánske,75337.0
3231,Žilina,Žilina,,290000.0
3234,Košice,Košice,,198000.0
3235,Pezinok,,Pezinok,232000.0
3246,Bratislava,Bratislava,,333850.0
3247,Považská Bystrica,,Považská Bystrica,139000.0
3248,Bratislava,Bratislava,,589400.0
3250,Bratislava,Bratislava,,646840.0
3251,Bratislava,Bratislava,,1155660.0
3257,Bratislava,Bratislava,,729750.0
3265,Prievidza,,Handlová,63000.0
3266,Bratislava,Bratislava,,369900.0
3271,Žilina,Žilina,,159990.0
3280,Komárno,,Komárno,75900.0
3281,Bratislava,,Stupava,189990.0
3284,Revúca,,Hnúšťa,53000.0
3288,Piešťany,,Piešťany,145000.0
3289,Pezinok,,Pezinok,232000.0
3290,Dubnica nad Váhom,,Trenčianske Teplice,399000.0
3296,Nitra,Nitra,,204000.0
3297,Bratislava,Bratislava,,384150.0
3302,Martin,,,131572.0
3305,Bánovce nad Bebravou,,Bánovce nad Bebravou,94500.0
3306,Skalica,,Holíč,149900.0
3309,Bánovce nad Bebravou,,Bánovce nad Bebravou,120033.0
3310,Bánovce nad Bebravou,,Bánovce nad Bebravou,81582.0
3312,Dunajská Streda,,Dunajská Streda,187000.0
3314,Dunajská Streda,,Dunajská Streda,88000.0
3316,Liptovský Mikuláš,,Liptovský Mikuláš,165000.0
3317,Žiar nad Hronom,,Kremnica,120000.0
3318,Bratislava,,,326000.0
3319,Bratislava,,,276000.0
3320,Liptovský Mikuláš,,Liptovský Mikuláš,187500.0
3321,Vranov nad Topľou,,Vranov nad Topľou,109999.0
3329,Senec,,,209127.0
3330,Bratislava,Bratislava,,468384.0
3331,Bratislava,Bratislava,,298029.0
3332,Bratislava,Bratislava,,319923.0
3333,Bratislava,Bratislava,,246984.0
3334,Bratislava,Bratislava,,226812.0
3335,Bratislava,Bratislava,,242433.0
3342,Banská Bystrica,Banská Bystrica,,535000.0
3344,Bratislava,Bratislava,,549990.0
3346,Lučenec,,Lučenec,174000.0
3348,Liptovský Mikuláš,,,335000.0
3349,Liptovský Mikuláš,,,495000.0
3351,Piešťany,,Piešťany,147000.0
3354,Dolný Kubín,,Dolný Kubín,174900.0
3358,Rimavská Sobota,,Tornaľa,84900.0
3359,Bratislava,Bratislava,,494000.0
3362,Bratislava,Bratislava,,489000.0
3367,Bratislava,,,269900.0
3368,Dolný Kubín,,Dolný Kubín,254900.0
3373,Bratislava,Bratislava,,347844.0
3377,Zlaté Moravce,,,172000.0
3378,Banská Bystrica,,,194900.0
3383,Bratislava,Bratislava,,459990.0
3384,Žiar nad Hronom,,,139999.0
3386,Dunajská Streda,,,168900.0
3390,Trenčín,Trenčín,,349600.0
3391,Trenčín,Trenčín,,249000.0
3401,Hlohovec,,,110000.0
3407,Žilina,,Rajecké Teplice,159049.0
3409,Dunajská Streda,,Veľký Meder,123000.0
3412,Michalovce,,Michalovce,122000.0
3422,Banská Bystrica,Banská Bystrica,,173600.0
3424,Galanta,,Sládkovičovo,136800.0
3425,Senica,,,124900.0
3426,Žarnovica,,Žarnovica,99000.0
3437,Senec,,Senec,170000.0
3438,Šaľa,,Šaľa,112222.0
3439,Bratislava,Bratislava,,529900.0
3440,Bratislava,Bratislava,,479900.0
3446,Martin,,Martin,264000.0
3449,Hlohovec,,Hlohovec,143000.0
3453,Trenčín,Trenčín,,129000.0
3455,Sobrance,,Sobrance,47900.0
3456,Michalovce,,Michalovce,86900.0
3459,Bratislava,Bratislava,,469000.0
3460,Zvolen,,Zvolen,230000.0
3461,Trnava,Trnava,,131000.0
3462,Komárno,,Komárno,89000.0
3465,Skalica,,Holíč,150000.0
3467,Malacky,,,150500.0
3470,Levice,,,64790.0
3479,Poprad,,,123000.0
3483,Prešov,,,220000.0
3485,Prešov,Prešov,,540000.0
3486,Prešov,Prešov,,459000.0
3487,Prešov,Prešov,,355000.0
3488,Piešťany,,Piešťany,330000.0
3502,Piešťany,,Vrbové,143900.0
3504,Galanta,,Sládkovičovo,118200.0
3514,Levice,,Dudince,139000.0
3515,Bratislava,Bratislava,,296990.0
3518,Trenčín,,,159000.0
3519,Lučenec,,Lučenec,73000.0
3521,Trenčín,Trenčín,,70000.0
3522,Bratislava,Bratislava,,695000.0
3524,Bratislava,,,273000.0
3530,Trnava,Trnava,,380000.0
3531,Trnava,Trnava,,550000.0
3532,Banská Bystrica,,,149000.0
3535,Bratislava,,,368000.0
3548,Poprad,,Vysoké Tatry,310000.0
3553,Banská Bystrica,,,289000.0
3554,Žilina,Žilina,,239000.0
3564,Poprad,,Vysoké Tatry,246000.0
3566,Bratislava,Bratislava,,479990.0
3569,Trenčín,,,135000.0
3574,Bánovce nad Bebravou,,Bánovce nad Bebravou,114000.0
3584,Sobrance,,,170000.0
3586,Dunajská Streda,,Dunajská Streda,155000.0
3587,Piešťany,,Piešťany,555900.0
3588,Piešťany,,Piešťany,295900.0
3589,Piešťany,,Piešťany,194900.0
3592,Bratislava,Bratislava,,669000.0
3593,Trnava,,,169160.0
3608,Banská Bystrica,,,459000.0
3613,Bratislava,Bratislava,,455051.0
3619,Bratislava,,,299900.0
3621,Levice,,Šahy,74999.0
3629,Liptovský Mikuláš,,Liptovský Mikuláš,249000.0
3631,Bratislava,Bratislava,,435000.0
3632,Bratislava,Bratislava,,395000.0
3634,Bratislava,Bratislava,,800000.0
3636,Bratislava,Bratislava,,385000.0
3637,Bratislava,Bratislava,,449000.0
3638,Poprad,,Poprad,183500.0
3640,Banská Bystrica,Banská Bystrica,,463500.0
3641,Ilava,,,88000.0
3642,Snina,,Snina,59000.0
3643,Lučenec,,Lučenec,78000.0
3646,Bratislava,,Šamorín,259500.0
3647,Brezno,,,197000.0
3648,Bratislava,Bratislava,,670000.0
3655,Bratislava,,Stupava,207000.0
3657,Dunajská Streda,,,142900.0
3661,Kežmarok,,Vysoké Tatry,626644.0
3662,Kežmarok,,Vysoké Tatry,768523.0
3663,Kežmarok,,Vysoké Tatry,1056759.0
3665,Senica,,Senica,149000.0
3666,Bratislava,,,224900.0
3668,Bratislava,Bratislava,,567000.0
3669,Bratislava,Bratislava,,625000.0
3670,Kežmarok,,Vysoké Tatry,544832.0
3671,Kežmarok,,Vysoké Tatry,607120.0
3673,Kežmarok,,Vysoké Tatry,893771.0
3676,Malacky,,Malacky,289500.0
3680,Michalovce,,Michalovce,128000.0
3701,Veľký Krtíš,,Veľký Krtíš,79990.0
3706,Prešov,Prešov,,247000.0
3707,Zvolen,,Zvolen,164900.0
3708,Trenčín,,,154990.0
3715,Dunajská Streda,,Dunajská Streda,114900.0
3716,Dunajská Streda,,Dunajská Streda,149990.0
3717,Dunajská Streda,,Dunajská Streda,170990.0
3720,Prievidza,,Prievidza,82500.0
3722,Košice,Košice,,299900.0
3726,Poltár,,,48000.0
3727,Poprad,,,99900.0
3736,Levice,,Želiezovce,85000.0
3742,Košice,Košice,,182000.0
3743,Poprad,,Poprad,195000.0
3752,Piešťany,,Vrbové,135000.0
3759,Banská Štiavnica,,Banská Štiavnica,209900.0
3762,Skalica,,Holíč,73000.0
3772,Skalica,,,74630.0
3778,Bratislava,Bratislava,,647800.0
3779,Bratislava,Bratislava,,415900.0
3781,Žilina,,Rajecké Teplice,166050.0
3785,Bratislava,Bratislava,,1088000.0
3791,Šaľa,,Šaľa,148000.0
3793,Šaľa,,,138000.0
3797,Bratislava,Bratislava,,499200.0
3799,Bratislava,Bratislava,,399000.0
3807,Bratislava,Bratislava,,369900.0
3808,Bratislava,Bratislava,,775000.0
3817,Prievidza,,Prievidza,75000.0
3831,Piešťany,,Piešťany,139000.0
3835,Spišská Nová Ves,,,130000.0
3836,Bratislava,Bratislava,,660000.0
3839,Bratislava,Bratislava,,415900.0
3843,Bratislava,Bratislava,,399990.0
3844,Bratislava,Bratislava,,284900.0
3845,Bratislava,Bratislava,,327900.0
3846,Bratislava,Bratislava,,399000.0
3848,Bratislava,Bratislava,,294900.0
3850,Bratislava,Bratislava,,469990.0
3859,Bratislava,Bratislava,,240465.0
3860,Zvolen,,Zvolen,308689.0
3864,Zvolen,,Zvolen,305025.0
3866,Trnava,Trnava,,439900.0
3867,Trnava,Trnava,,339900.0
3868,Bratislava,,Šamorín,191201.0
3879,Bratislava,Bratislava,,530000.0
3882,Bratislava,Bratislava,,355000.0
3883,Prešov,Prešov,,186980.0
3887,Ružomberok,,,47856.0
3888,Dunajská Streda,,,60700.0
3892,Žilina,Žilina,,279000.0
3899,Bratislava,Bratislava,,390000.0
3900,Trnava,Trnava,,254900.0
3902,Myjava,,Stará Turá,107800.0
3904,Nové Zámky,,,77900.0
3906,Kysucké Nové Mesto,,Kysucké Nové Mesto,174900.0
3918,Košice,Košice,,329900.0
3919,Topoľčany,,Topoľčany,94000.0
3922,Michalovce,,Michalovce,74000.0
3924,Prešov,Prešov,,194000.0
3925,Prešov,Prešov,,153000.0
3949,Liptovský Mikuláš,,Liptovský Hrádok,164820.0
3950,Dubnica nad Váhom,,,169339.0
3951,Liptovský Mikuláš,,Liptovský Hrádok,207167.0
3952,Dubnica nad Váhom,,,132373.0
3953,Liptovský Mikuláš,,Liptovský Hrádok,256166.0
3955,Bratislava,Bratislava,,240000.0
3956,Galanta,,Sládkovičovo,131500.0
3959,Senec,,,298999.0
3969,Nitra,Nitra,,179000.0
3975,Bratislava,Bratislava,,269000.0
3979,Trnava,Trnava,,168000.0
3989,Martin,,,200000.0
3990,Martin,,,160000.0
3991,Bratislava,,,166900.0
3992,Humenné,,Strážske,87690.0
3995,Piešťany,,,147900.0
3996,Piešťany,,Piešťany,179900.0
4000,Malacky,,Malacky,149000.0
4001,Šaľa,,,82000.0
4002,Prešov,Prešov,,177900.0
4005,Lučenec,,Lučenec,90000.0
4024,Detva,,Detva,105900.0
4026,Bratislava,Bratislava,,790000.0
4027,Piešťany,,Vrbové,144000.0
4029,Piešťany,,Vrbové,135000.0
4030,Martin,,Turany,133500.0
4031,Žilina,Žilina,,157000.0
4032,Poprad,,Vysoké Tatry,510000.0
4033,Poprad,,Vysoké Tatry,560000.0
4042,Liptovský Mikuláš,,Liptovský Mikuláš,135000.0
4043,Malacky,,Malacky,150000.0
4047,Dunajská Streda,,Dunajská Streda,299000.0
4049,Žarnovica,,,119500.0
4054,Bratislava,Bratislava,,290000.0
4057,Brezno,,,189000.0
4064,Banská Bystrica,Banská Bystrica,,415000.0
4069,Myjava,,Stará Turá,94900.0
4071,Bratislava,Bratislava,,160501.0
4072,Bratislava,Bratislava,,212974.0
4076,Košice,Košice,,152990.0
4086,Bratislava,Bratislava,,449000.0
4087,Liptovský Mikuláš,,,189000.0
4093,Trnava,Trnava,,220000.0
4094,Poprad,,Poprad,173000.0
4097,Bratislava,Bratislava,,1199900.0
4098,Poprad,,Svit,144900.0
4103,Bratislava,Bratislava,,1200000.0
4104,Lučenec,,Lučenec,63000.0
4105,Levice,,Levice,120000.0
4110,Poprad,,Poprad,247900.0
4112,Poprad,,,181000.0
4122,Košice,Košice,,219000.0
4123,Martin,,Martin,120000.0
4126,Bratislava,Bratislava,,259400.0
4127,Bratislava,Bratislava,,435900.0
4130,Poprad,,Poprad,275400.0
4132,Žilina,Žilina,,349000.0
4133,Komárno,,Komárno,137384.0
4135,Bratislava,Bratislava,,265655.0
4137,Piešťany,,,135621.0
4141,Lučenec,,Lučenec,179000.0
4142,Nitra,Nitra,,239989.0
4143,Piešťany,,Piešťany,220113.0
4145,Senica,,,145500.0
4146,Poprad,,Vysoké Tatry,129900.0
4155,Nitra,Nitra,,229998.0
4156,Senica,,,99500.0
4157,Senica,,,117200.0
4159,Bratislava,Bratislava,,649990.0
4161,Piešťany,,,177827.0
4162,Piešťany,,,110713.0
4165,Nové Zámky,,Nové Zámky,117000.0
4169,Žilina,Žilina,,299900.0
4174,Bratislava,Bratislava,,849900.0
4176,Banská Bystrica,,,149900.0
4189,Nové Zámky,,Nové Zámky,120000.0
4193,Trenčín,Trenčín,,264711.0
4194,Trenčín,Trenčín,,183514.0
4196,Bratislava,Bratislava,,278000.0
4198,Liptovský Mikuláš,,,465000.0
4201,Banská Bystrica,Banská Bystrica,,224000.0
4202,Poprad,,Poprad,134000.0
4203,Komárno,,Komárno,115000.0
4204,Topoľčany,,,110000.0
4205,Banská Bystrica,Banská Bystrica,,325000.0
4208,Dolný Kubín,,Dolný Kubín,199900.0
4212,Stará Ľubovňa,,Stará Ľubovňa,149825.0
4214,Bratislava,Bratislava,,246990.0
4215,Trenčín,Trenčín,,137000.0
4216,Nové Zámky,,Šurany,131000.0
4217,Nitra,,,216800.0
4218,Nitra,,,155600.0
4224,Nitra,Nitra,,83499.0
4226,Komárno,,Komárno,299000.0
4228,Lučenec,,Lučenec,82000.0
4229,Topoľčany,,,115000.0
4234,Galanta,,Sládkovičovo,136800.0
4236,Galanta,,Sládkovičovo,131500.0
4240,Bratislava,Bratislava,,250000.0
4242,Lučenec,,Fiľakovo,62000.0
4243,Levice,,Levice,138000.0
4245,Nové Zámky,,Nové Zámky,122500.0
4246,Stará Ľubovňa,,Stará Ľubovňa,197672.0
4247,Stará Ľubovňa,,Stará Ľubovňa,193756.0
4248,Stará Ľubovňa,,Stará Ľubovňa,185252.0
4249,Nitra,Nitra,,227000.0
4252,Bratislava,Bratislava,,230000.0
4256,Ilava,,,156622.0
4257,Galanta,,Galanta,267500.0
4258,Trenčín,Trenčín,,159000.0
4266,Košice,Košice,,539900.0
4268,Nové Zámky,,Nesvady,144000.0
4270,Nitra,Nitra,,155000.0
4276,Liptovský Mikuláš,,Liptovský Mikuláš,169000.0
4281,Dubnica nad Váhom,,,279634.0
4289,Zlaté Moravce,,Vráble,143000.0
4290,Nové Zámky,,,36900.0
4292,Žarnovica,,Nová Baňa,129000.0
4293,Bratislava,Bratislava,,770000.0
4294,Piešťany,,Piešťany,150000.0
4295,Pezinok,,Pezinok,179900.0
4302,Nové Zámky,,Nové Zámky,79900.0
4309,Bratislava,Bratislava,,790000.0
4310,Bratislava,Bratislava,,195500.0
4326,Bratislava,Bratislava,,499000.0
4331,Bratislava,Bratislava,,269220.0
4334,Bratislava,Bratislava,,357241.0
4335,Bratislava,Bratislava,,279000.0
4336,Bratislava,Bratislava,,388385.0
4337,Bratislava,Bratislava,,578505.0
4343,Bratislava,,,226750.0
4344,Bratislava,,,217500.0
4345,Bratislava,Bratislava,,288000.0
4346,Bratislava,,,241020.0
4348,Nitra,Nitra,,179990.0
4350,Nitra,Nitra,,114990.0
4356,Levice,,Levice,96000.0
4357,Galanta,,Galanta,159500.0
4358,Dunajská Streda,,Dunajská Streda,119000.0
4362,Bratislava,,Modra,175800.0
4367,Trenčín,,,100000.0
4369,Medzilaborce,,Medzilaborce,44990.0
4377,Trenčín,Trenčín,,286676.0
4378,Trenčín,Trenčín,,419213.0
4379,Trenčín,Trenčín,,404250.0
4380,Trenčín,Trenčín,,398830.0
4382,Trenčín,Trenčín,,239819.0
4383,Trenčín,Trenčín,,190414.0
4384,Trenčín,Trenčín,,346344.0
4385,Trenčín,Trenčín,,416500.0
4388,Komárno,,Komárno,138500.0
4390,Nitra,Nitra,,559000.0
4393,Trenčín,Trenčín,,266411.0
4394,Trenčín,Trenčín,,431688.0
4395,Nitra,Nitra,,317000.0
4397,Bratislava,Bratislava,,379900.0
4398,Banská Bystrica,Banská Bystrica,,134800.0
4400,Trenčín,Trenčín,,219445.0
4404,Bratislava,Bratislava,,249900.0
4406,Banská Bystrica,Banská Bystrica,,346000.0
4414,Bratislava,,,239900.0
4416,Šaľa,,Šaľa,135000.0
4417,Brezno,,,177000.0
4418,Trenčín,Trenčín,,569028.0
4419,Trenčín,Trenčín,,286856.0
4420,Trenčín,Trenčín,,329059.0
4421,Trenčín,Trenčín,,252709.0
4422,Trenčín,Trenčín,,321693.0
4423,Trenčín,Trenčín,,166057.0
4424,Banská Bystrica,Banská Bystrica,,134800.0
4428,Spišská Nová Ves,,,239000.0
4429,Trenčín,Trenčín,,255033.0
4430,Trenčín,Trenčín,,282722.0
4431,Trenčín,Trenčín,,381789.0
4432,Trenčín,Trenčín,,286402.0
4436,Trenčín,Trenčín,,443922.0
4437,Trenčín,Trenčín,,285720.0
4443,Galanta,,Sereď,135000.0
4444,Bratislava,Bratislava,,249900.0
4445,Košice,Košice,,239999.0
4447,Trnava,Trnava,,399990.0
4448,Poprad,,Vysoké Tatry,399000.0
4450,Banská Štiavnica,,Banská Štiavnica,184000.0
4451,Bratislava,Bratislava,,460000.0
4453,Poprad,,Poprad,184896.0
4458,Banská Bystrica,Banská Bystrica,,271500.0
4459,Banská Bystrica,Banská Bystrica,,197400.0
4460,Banská Bystrica,Banská Bystrica,,138000.0
4464,Banská Bystrica,Banská Bystrica,,226500.0
4466,Nitra,Nitra,,179000.0
4467,Revúca,,,30500.0
4478,Banská Bystrica,Banská Bystrica,,555555.0
4480,Trnava,Trnava,,329000.0
4481,Trnava,Trnava,,265000.0
4483,Žarnovica,,Nová Baňa,102000.0
4495,Trenčín,Trenčín,,281450.0
4513,Nové Zámky,,Nové Zámky,125000.0
4515,Martin,,Martin,124000.0
4517,Banská Bystrica,Banská Bystrica,,325000.0
4520,Prešov,Prešov,,146000.0
4523,Prievidza,,,94000.0
4527,Nové Zámky,,Nové Zámky,131290.0
4530,Banská Bystrica,,,225999.0
4534,Čadca,,Čadca,135000.0
4536,Zvolen,,Zvolen,139990.0
4538,Liptovský Mikuláš,,Liptovský Mikuláš,159900.0
4539,Banská Bystrica,Banská Bystrica,,134800.0
4543,Bratislava,Bratislava,,357900.0
4547,Bytča,,Bytča,205000.0
4548,Nitra,Nitra,,227000.0
4549,Skalica,,Skalica,166800.0
4550,Zlaté Moravce,,Vráble,110000.0
4554,Liptovský Mikuláš,,Liptovský Mikuláš,141900.0
4557,Bratislava,Bratislava,,209900.0
4559,Liptovský Mikuláš,,,455000.0
4562,Šaľa,,Šaľa,135000.0
4563,Michalovce,,Michalovce,171900.0
4565,Dunajská Streda,,,80000.0
4568,Piešťany,,,179580.0
4574,Prievidza,,Prievidza,59900.0
4575,Pezinok,,,239990.0
4577,Galanta,,Galanta,179900.0
4579,Kežmarok,,Kežmarok,199000.0
4583,Bratislava,Bratislava,,432000.0
4584,Levice,,Levice,120000.0
4586,Skalica,,Skalica,149900.0
4589,Michalovce,,Michalovce,124900.0
4590,Liptovský Mikuláš,,Liptovský Mikuláš,120000.0
4592,Košice,Košice,,160000.0
4602,Bratislava,Bratislava,,280000.0
4604,Žilina,Žilina,,142900.0
4605,Žilina,Žilina,,166900.0
4606,Žilina,Žilina,,151900.0
4607,Žilina,Žilina,,208900.0
4614,Bratislava,Bratislava,,250000.0
4615,Bratislava,Bratislava,,239000.0
4632,Trnava,Trnava,,740000.0
4634,Malacky,,Malacky,169000.0
4636,Trenčín,,,58000.0
4637,Trenčín,,,78000.0
4638,Liptovský Mikuláš,,Liptovský Mikuláš,270000.0
4639,Levice,,Levice,97000.0
4642,Nitra,Nitra,,186600.0
4648,Poprad,,Vysoké Tatry,349900.0
4650,Komárno,,Komárno,178000.0
4657,Bratislava,Bratislava,,497427.0
4659,Bratislava,Bratislava,,415000.0
4660,Trenčín,Trenčín,,183000.0
4661,Bratislava,Bratislava,,578000.0
4662,Bratislava,Bratislava,,289000.0
4675,Košice,Košice,,395000.0
4676,Bratislava,Bratislava,,449900.0
4679,Banská Bystrica,,,169000.0
4680,Banská Bystrica,,,259000.0
4683,Bratislava,Bratislava,,555564.0
4691,Dubnica nad Váhom,,Trenčianske Teplice,115000.0
4692,Dubnica nad Váhom,,Trenčianske Teplice,105000.0
4694,Dubnica nad Váhom,,Trenčianske Teplice,124000.0
4697,Bratislava,,Stupava,164990.0
4698,Dubnica nad Váhom,,Trenčianske Teplice,184800.0
4699,Bratislava,Bratislava,,110000.0
4709,Banská Bystrica,Banská Bystrica,,179000.0
4714,Bratislava,Bratislava,,599000.0
4715,Pezinok,,Pezinok,229999.0
4725,Vranov nad Topľou,,Vranov nad Topľou,92000.0
4728,Dubnica nad Váhom,,,175684.0
4731,Rožňava,,Rožňava,93999.0
4734,Komárno,,Komárno,299000.0
4735,Trnava,Trnava,,180000.0
4736,Trenčín,Trenčín,,263711.0
4741,Žilina,Žilina,,314000.0
4743,Komárno,,Komárno,125000.0
4744,Bratislava,Bratislava,,358785.0
4745,Dunajská Streda,,,144800.0
4758,Bratislava,Bratislava,,445000.0
4759,Piešťany,,Piešťany,145000.0
4762,Bratislava,Bratislava,,381598.0
4765,Bratislava,Bratislava,,383999.0
4766,Nitra,Nitra,,123000.0
4767,Trenčín,Trenčín,,579518.0
4768,Trenčín,Trenčín,,647589.0
4769,Trenčín,Trenčín,,255033.0
4771,Trenčín,Trenčín,,268164.0
4772,Trenčín,Trenčín,,244263.0
4780,Nitra,Nitra,,185000.0
4782,Malacky,,Malacky,149000.0
4794,Trenčín,Trenčín,,205000.0
4795,Trenčín,Trenčín,,123000.0
4800,Senec,,Senec,155000.0
4803,Bánovce nad Bebravou,,,135000.0
4804,Bratislava,Bratislava,,415000.0
4805,Bratislava,Bratislava,,335000.0
4812,Bratislava,,Stupava,135990.0
4817,Lučenec,,Lučenec,133000.0
4823,Poltár,,,60000.0
4828,Ilava,,Ilava,134004.0
4829,Nové Zámky,,Nové Zámky,99500.0
4835,Dubnica nad Váhom,,Trenčianske Teplice,133000.0
4836,Martin,,Martin,150000.0
4842,Banská Bystrica,,,209000.0
4844,Prešov,Prešov,,359990.0
4845,Žilina,,Rajecké Teplice,173523.0
4847,Levice,,Levice,126000.0
4848,Piešťany,,Piešťany,157900.0
4849,Bratislava,Bratislava,,296900.0
4852,Dunajská Streda,,Veľký Meder,125000.0
4854,Nové Zámky,,,90000.0
4858,Bratislava,Bratislava,,125000.0
4860,Žilina,Žilina,,262000.0
4868,Prešov,,Veľký Šariš,132000.0
4872,Dunajská Streda,,Dunajská Streda,135000.0
4873,Bratislava,Bratislava,,205000.0
4875,Pezinok,,,155000.0
4876,Bratislava,Bratislava,,140000.0
4880,Prešov,,Veľký Šariš,132000.0
4881,Banská Bystrica,Banská Bystrica,,153000.0
4884,Zvolen,,Zvolen,129000.0
4889,Malacky,,Malacky,172800.0
4893,Trenčín,Trenčín,,114000.0
4894,Trenčín,Trenčín,,114000.0
4895,Senica,,,190000.0
4897,Nové Zámky,,,35000.0
4899,Žiar nad Hronom,,Žiar nad Hronom,84999.0
4905,Dubnica nad Váhom,,,169339.0
4912,Kežmarok,,Spišská Belá,136500.0
4916,Bratislava,Bratislava,,353000.0
4919,Bratislava,,Šamorín,191201.0
4923,Lučenec,,Lučenec,89500.0
4925,Bratislava,Bratislava,,340000.0
4928,Bratislava,Bratislava,,358700.0
4931,Banská Bystrica,,,153000.0
4936,Bratislava,Bratislava,,588000.0
4937,Bratislava,Bratislava,,349000.0
4938,Trenčín,Trenčín,,322600.0
4939,Trenčín,Trenčín,,209000.0
4944,Bratislava,Bratislava,,330900.0
4945,Bratislava,Bratislava,,544000.0
4950,Bratislava,Bratislava,,360000.0
4953,Prešov,Prešov,,246000.0
4955,Topoľčany,,,116900.0
4958,Trnava,Trnava,,225000.0
4959,Dunajská Streda,,Dunajská Streda,349990.0
4962,Trnava,,,399000.0
4965,Banská Bystrica,Banská Bystrica,,177400.0
4969,Bratislava,Bratislava,,329000.0
4970,Banská Bystrica,Banská Bystrica,,346000.0
4972,Košice,Košice,,209900.0
4979,Bratislava,Bratislava,,187000.0
4980,Bratislava,Bratislava,,364000.0
4981,Bratislava,Bratislava,,208852.0
4982,Liptovský Mikuláš,,Liptovský Mikuláš,265000.0
4983,Košice,Košice,,163900.0
4984,Košice,Košice,,323900.0
4985,Košice,Košice,,349900.0
4986,Košice,Košice,,325900.0
4987,Košice,Košice,,237900.0
4988,Košice,Košice,,559900.0
4989,Košice,Košice,,633900.0
4990,Košice,Košice,,1049900.0
4995,Sabinov,,Lipany,169092.0
4996,Banská Bystrica,,,249000.0
5019,Senec,,Senec,189000.0
5020,Senec,,,185000.0
5024,Bratislava,Bratislava,,424900.0
5026,Nitra,Nitra,,139990.0
5030,Košice,Košice,,350000.0
5039,Snina,,Snina,73000.0
5040,Lučenec,,Lučenec,95000.0
5046,Trenčín,Trenčín,,306430.0
5051,Dunajská Streda,,Dunajská Streda,159900.0
5052,Liptovský Mikuláš,,Liptovský Mikuláš,484000.0
5054,Banská Bystrica,Banská Bystrica,,313200.0
5068,Pezinok,,Pezinok,168000.0
5069,Nové Zámky,,,54900.0
5070,Trnava,Trnava,,269900.0
5071,Bratislava,Bratislava,,328300.0
5074,Skalica,,Holíč,120000.0
5082,Bratislava,Bratislava,,329000.0
5083,Bratislava,Bratislava,,244900.0
5084,Liptovský Mikuláš,,Liptovský Mikuláš,259000.0
5085,Liptovský Mikuláš,,Liptovský Mikuláš,249000.0
5086,Bratislava,Bratislava,,235000.0
5092,Nitra,Nitra,,337600.0
5093,Martin,,Martin,276200.0
5094,Bratislava,,Stupava,189990.0
5097,Košice,Košice,,350000.0
5122,Galanta,,Galanta,125000.0
5123,Dunajská Streda,,Dunajská Streda,139990.0
5125,Dunajská Streda,,,186000.0
5137,Levice,,Levice,102000.0
5138,Trenčín,Trenčín,,195000.0
5139,Trenčín,Trenčín,,168500.0
5142,Dunajská Streda,,,130000.0
5152,Gelnica,,Spišské Vlachy,99000.0
5153,Michalovce,,Michalovce,130000.0
5156,Púchov,,Púchov,430000.0
5165,Lučenec,,Lučenec,53000.0
5168,Hlohovec,,Hlohovec,155000.0
5170,Žilina,Žilina,,205900.0
5180,Levice,,Levice,103000.0
5182,Senec,,Senec,188000.0
5186,Bratislava,Bratislava,,404000.0
5192,Poprad,,Poprad,134000.0
5202,Košice,Košice,,249900.0
5209,Banská Bystrica,Banská Bystrica,,217500.0
5216,Piešťany,,Vrbové,199990.0
5217,Piešťany,,Vrbové,121900.0
5220,Piešťany,,Vrbové,107900.0
5221,Prievidza,,Handlová,52500.0
5222,Rimavská Sobota,,Rimavská Sobota,51500.0
5225,Detva,,Hriňová,140000.0
5226,Trenčín,Trenčín,,319900.0
5228,Senec,,,239700.0
5248,Skalica,,Skalica,138000.0
5253,Skalica,,Holíč,75000.0
5254,Dunajská Streda,,Dunajská Streda,187200.0
5255,Bratislava,Bratislava,,420000.0
5256,Banská Bystrica,Radvaň,,225000.0
5258,Dunajská Streda,,,199700.0
5260,Trebišov,,Trebišov,142900.0
5262,Komárno,,Komárno,99900.0
5263,Banská Bystrica,Banská Bystrica,,262900.0
5267,Levice,,Levice,104990.0
5268,Poprad,,,145600.0
5273,Partizánske,,Partizánske,89800.0
5279,Komárno,,Komárno,150000.0
5281,Trenčín,Trenčín,,193000.0
5288,Dunajská Streda,,Veľký Meder,138000.0
5289,Dunajská Streda,,Veľký Meder,123000.0
5294,Bratislava,Bratislava,,310000.0
5295,Trnava,Trnava,,499900.0
5297,Poprad,,,145600.0
5302,Humenné,,Humenné,99999.0
5305,Bratislava,Bratislava,,182400.0
5306,Bratislava,Bratislava,,561600.0
5307,Bratislava,Bratislava,,254400.0
5308,Bratislava,Bratislava,,198000.0
5309,Bratislava,Bratislava,,230400.0
5321,Žiar nad Hronom,,,78000.0
5323,Poprad,,Vysoké Tatry,299000.0
5331,Trenčín,Trenčín,,134900.0
5333,Senec,,,226000.0
5334,Zvolen,,Zvolen,159000.0
5335,Nové Zámky,,Nové Zámky,117000.0
5340,Bratislava,Bratislava,,465000.0
5343,Bratislava,Bratislava,,249900.0
5344,Bratislava,Bratislava,,260000.0
5345,Trnava,Trnava,,205000.0
5346,Malacky,,,164000.0
5347,Bratislava,,Šamorín,191201.0
5353,Bratislava,Bratislava,,434900.0
5354,Dunajská Streda,,Šamorín,164900.0
5357,Bratislava,Bratislava,,269000.0
5358,Bratislava,Bratislava,,235000.0
5362,Trenčín,Trenčín,,191520.0
5370,Poprad,,Svit,169999.0
5372,Galanta,,Galanta,146000.0
5391,Bratislava,Bratislava,,239900.0
5415,Poprad,,Poprad,249000.0
5416,Poprad,,Poprad,209000.0
5420,Bratislava,Bratislava,,229000.0
5422,Nové Mesto nad Váhom,,,106440.0
5423,Nové Mesto nad Váhom,,,80300.0
5426,Nové Zámky,,Nové Zámky,120000.0
5427,Nové Mesto nad Váhom,,,134640.0
5428,Nové Mesto nad Váhom,,,99800.0
5430,Brezno,,,37000.0
5433,Bratislava,Bratislava,,509000.0
5447,Trenčín,Trenčín,,306430.0
5448,Trenčín,Trenčín,,212870.0
5450,Bardejov,,,72500.0
5451,Trnava,Trnava,,329000.0
5454,Bratislava,Bratislava,,258000.0
5455,Žilina,Žilina,,149000.0
5458,Dunajská Streda,,Dunajská Streda,131600.0
5464,Medzilaborce,,Medzilaborce,49900.0
5471,Bratislava,Bratislava,,999000.0
5478,Čadca,,Čadca,97000.0
5484,Brezno,,,230000.0
5505,Košice,Košice,,209980.0
5506,Dubnica nad Váhom,,,147961.0
5507,Bratislava,Bratislava,,209000.0
5510,Košice,Košice,,209980.0
5511,Senec,,,181060.0
5514,Kysucké Nové Mesto,,Kysucké Nové Mesto,186000.0
5518,Snina,,Snina,153000.0
5519,Košice,Košice,,325000.0
5536,Bratislava,Bratislava,,322500.0
5538,Piešťany,,Piešťany,190000.0
5539,Bratislava,Bratislava,,1000000.0
5541,Partizánske,,,68500.0
5542,Nové Mesto nad Váhom,,Nové Mesto nad Váhom,173000.0
5543,Senec,,,298999.0
5545,Bratislava,Bratislava,,237000.0
5548,Malacky,,,164000.0
5551,Banská Štiavnica,,Banská Štiavnica,110000.0
5555,Dubnica nad Váhom,,,100762.0
5557,Trnava,,,141700.0
5558,Rimavská Sobota,,Rimavská Sobota,145000.0
5559,Trenčín,Trenčín,,163000.0
5563,Bratislava,Bratislava,,310000.0
5569,Martin,,Martin,119000.0
5597,Veľký Krtíš,,Veľký Krtíš,64900.0
5598,Trenčín,,,211000.0
5600,Banská Štiavnica,,Banská Štiavnica,107900.0
5611,Bratislava,Bratislava,,745000.0
5614,Martin,,Martin,145990.0
5615,Spišská Nová Ves,,,50000.0
5616,Banská Bystrica,Banská Bystrica,,242900.0
5617,Dubnica nad Váhom,,,247006.0
5623,Michalovce,,Michalovce,139000.0
5624,Martin,,Martin,116000.0
5628,Kežmarok,,,109000.0
5629,Kežmarok,,,119000.0
5635,Komárno,,,63000.0
5661,Poprad,,Poprad,265000.0
5672,Bratislava,Bratislava,,468000.0
5675,Dubnica nad Váhom,,Trenčianske Teplice,285000.0
5677,Skalica,,,74630.0
5680,Komárno,,Komárno,175000.0
5694,Spišská Nová Ves,,Spišská Nová Ves,107000.0
5698,Prievidza,,Prievidza,179000.0
5700,Martin,,Martin,210000.0
5705,Senec,,Senec,135000.0
5706,Nitra,Nitra,,224823.0
5707,Humenné,,Humenné,87900.0
5712,Stará Ľubovňa,,,82000.0
5721,Turčianske Teplice,,Turčianske Teplice,105000.0
5731,Šaľa,,Šaľa,104990.0
5734,Žilina,Žilina,,186000.0
5735,Dubnica nad Váhom,,Dubnica nad Váhom,320000.0
5736,Komárno,,,95000.0
5749,Bratislava,Bratislava,,239990.0
5753,Lučenec,,Lučenec,102000.0
5758,Levice,,Levice,119999.0
5760,Detva,,Detva,134900.0
5761,Pezinok,,,236400.0
5762,Pezinok,,,173900.0
5770,Trnava,Trnava,,154999.0
5771,Trnava,Trnava,,189999.0
5772,Bratislava,Bratislava,,254900.0
5776,Bratislava,Bratislava,,209990.0
5787,Liptovský Mikuláš,,,159900.0
5790,Komárno,,Komárno,150000.0
5797,Martin,,Vrútky,153000.0
5799,Bratislava,Bratislava,,109900.0
5812,Snina,,Snina,72990.0
5815,Žilina,Žilina,,216900.0
5817,Hlohovec,,Hlohovec,123000.0
5818,Košice,,,173400.0
5819,Hlohovec,,Hlohovec,110000.0
5821,Žilina,Žilina,,215900.0
5822,Nitra,,,189000.0
5823,Bratislava,Bratislava,,358000.0
5824,Bratislava,Bratislava,,384000.0
5825,Bratislava,Bratislava,,382000.0
5827,Liptovský Mikuláš,,Liptovský Mikuláš,165500.0
5839,Trnava,Trnava,,185000.0
5840,Poprad,,Vysoké Tatry,395000.0
5841,Topoľčany,,Topoľčany,298000.0
5848,Nitra,,,189000.0
5852,Senica,,,130990.0
5871,Bratislava,Bratislava,,285300.0
5872,Bratislava,Bratislava,,227800.0
5873,Bratislava,Bratislava,,306900.0
5874,Bratislava,Bratislava,,389800.0
5875,Bratislava,Bratislava,,312000.0
5891,Poprad,,Svit,162900.0
5892,Poprad,,Svit,199000.0
5899,Bratislava,Bratislava,,340000.0
5900,Senec,,,224999.0
5901,Trnava,Trnava,,142999.0
5902,Žilina,Žilina,,224000.0
5909,Dunajská Streda,,Dunajská Streda,169000.0
5911,Detva,,Detva,122000.0
5914,Poprad,,Svit,199990.0
5915,Dunajská Streda,,Gabčíkovo,118800.0
5916,Dunajská Streda,,Dunajská Streda,144800.0
5917,Poprad,,Svit,135000.0
5919,Poprad,,Svit,177500.0
5920,Poprad,,Svit,262900.0
5921,Poprad,,Svit,153900.0
5922,Poprad,,Svit,199000.0
5928,Detva,,,52500.0
5929,Košice,Košice,,165000.0
5930,Košice,Košice,,150000.0
5942,Galanta,,Galanta,159500.0
5947,Banská Bystrica,,,144990.0
5965,Bratislava,Bratislava,,399900.0
5967,Senica,,Senica,125000.0
5968,Senec,,Senec,222000.0
5969,Senec,,Senec,166500.0
5970,Senec,,Senec,186500.0
5974,Bratislava,Bratislava,,567559.0
5978,Bratislava,Bratislava,,266900.0
5982,Nové Zámky,,Nové Zámky,107400.0
5983,Žilina,Žilina,,298000.0
5984,Galanta,,Galanta,177230.0
5985,Rimavská Sobota,,Rimavská Sobota,78000.0
5986,Bratislava,Bratislava,,344778.0
6015,Lučenec,,Lučenec,117000.0
6016,Revúca,,,27500.0
6023,Turčianske Teplice,,,81000.0
6025,Banská Bystrica,,,155000.0
6026,Ilava,,Dubnica nad Váhom,320000.0
6040,Bratislava,Bratislava,,4800.0
6050,Trnava,Trnava,,142100.0
6052,Levice,,Levice,120000.0
6053,Nové Zámky,,Nesvady,98900.0
6055,Bratislava,Bratislava,,327900.0
6056,Galanta,,Sereď,145000.0
6058,Zvolen,,Zvolen,164900.0
6060,Lučenec,,Fiľakovo,83000.0
6067,Bratislava,Bratislava,,204000.0
6069,Pezinok,,Svätý Jur,199900.0
6079,Senec,,,219990.0
6081,Žiar nad Hronom,,,149500.0
6086,Tvrdošín,,Trstená,126000.0
6087,Liptovský Mikuláš,,Liptovský Mikuláš,190000.0
6089,Zvolen,,Zvolen,150000.0
6093,Bratislava,Bratislava,,1089900.0
6096,Nové Mesto nad Váhom,,,189117.0
6097,Nové Mesto nad Váhom,,,134862.0
6098,Bratislava,Bratislava,,712800.0
6099,Nové Mesto nad Váhom,,,100105.0
6101,Martin,,Turany,99000.0
6104,Trebišov,,,103590.0
6105,Poprad,,Poprad,363000.0
6108,Bratislava,Bratislava,,285000.0
6111,Bratislava,Bratislava,,300000.0
6117,Bratislava,,Stupava,147500.0
6118,Bratislava,Bratislava,,259990.0
6120,Poprad,,,161100.0
6121,Bratislava,Bratislava,,344900.0
6122,Banská Bystrica,,,133900.0
6124,Poprad,,Vysoké Tatry,299000.0
6128,Bratislava,Bratislava,,220000.0
6129,Bratislava,Bratislava,,399900.0
6130,Senec,,Senec,219000.0
6133,Bratislava,Bratislava,,449900.0
6136,Bratislava,Bratislava,,637000.0
6137,Trenčín,Trenčín,,205000.0
6140,Zlaté Moravce,,Zlaté Moravce,138990.0
6142,Prievidza,,Prievidza,160000.0
6143,Dunajská Streda,,,118800.0
6152,Levice,,Tlmače,97500.0
6154,Liptovský Mikuláš,,,120000.0
6164,Bratislava,Bratislava,,379900.0
6174,Partizánske,,,122900.0
6179,Senec,,,116862.0
6180,Bratislava,Bratislava,,199500.0
6188,Bratislava,Bratislava,,118000.0
6201,Považská Bystrica,,Považská Bystrica,117900.0
6202,Komárno,,Komárno,149900.0
6207,Nitra,Nitra,,189000.0
6209,Senec,,,136240.0
6210,Trnava,Trnava,,181990.0
6211,Bratislava,Bratislava,,480000.0
6214,Bytča,,Veľká Bytča,244000.0
6216,Nové Zámky,,Nové Zámky,128000.0
6226,Kežmarok,,,174000.0
6227,Bratislava,Bratislava,,223990.0
6231,Levice,,Levice,105000.0
6232,Piešťany,,,179900.0
6234,Trenčín,Trenčín,,285000.0
6236,Bratislava,Bratislava,,712800.0
6237,Bratislava,Bratislava,,305700.0
6238,Bratislava,Bratislava,,422990.0
6239,Zvolen,,Zvolen,137900.0
6240,Piešťany,,,170000.0
6244,Bratislava,Bratislava,,336900.0
6248,Bratislava,Bratislava,,342900.0
6265,Michalovce,,Michalovce,120000.0
6270,Nitra,Nitra,,164900.0
6272,Michalovce,,Michalovce,149990.0
6276,Bánovce nad Bebravou,,Bánovce nad Bebravou,113990.0
6283,Žilina,Žilina,,396000.0
6289,Topoľčany,,Topoľčany,149000.0
6294,Piešťany,,Piešťany,146000.0
6298,Žiar nad Hronom,,Žiar nad Hronom,215000.0
6308,Piešťany,,,450000.0
6314,Kežmarok,,Spišská Belá,129900.0
6323,Prešov,Prešov,,330884.0
6337,Nitra,Nitra,,179000.0
6339,Bratislava,Bratislava,,444900.0
6342,Bratislava,Bratislava,,150000.0
6343,Trebišov,,Trebišov,107490.0
6344,Galanta,,Galanta,146800.0
6345,Dunajská Streda,,Dunajská Streda,139900.0
6346,Bratislava,Bratislava,,680000.0
6348,Prievidza,,,52500.0
6349,Komárno,,Komárno,195000.0
6350,Bratislava,Bratislava,,449900.0
6360,Námestovo,,,131900.0
6363,Nitra,Nitra,,173000.0
6365,Bratislava,Bratislava,,365000.0
6366,Bratislava,Bratislava,,499000.0
6372,Trebišov,,,49990.0
6375,Dunajská Streda,,Dunajská Streda,199000.0
6376,Pezinok,,,199900.0
6380,Bratislava,,,319000.0
6381,Bratislava,,,359888.0
6382,Galanta,,Galanta,157320.0
6389,Dubnica nad Váhom,,Trenčianske Teplice,195000.0
6391,Bratislava,Bratislava,,330000.0
6395,Dunajská Streda,,,259990.0
6397,Levice,,Levice,104990.0
6401,Bratislava,Bratislava,,409800.0
6402,Bratislava,Bratislava,,217900.0
6403,Bratislava,Bratislava,,428900.0
6407,Bratislava,Bratislava,,480000.0
6408,Bratislava,Bratislava,,480000.0
6409,Bratislava,Bratislava,,231800.0
6413,Trebišov,,Kráľovský Chlmec,40000.0
6418,Ružomberok,,Ružomberok,277323.0
6419,Ružomberok,,Ružomberok,158983.0
6421,Bratislava,Bratislava,,249000.0
6422,Zvolen,,Zvolen,120000.0
6423,Bratislava,Bratislava,,185000.0
6425,Nitra,,,179990.0
6427,Poprad,,,135000.0
6430,Martin,,,131572.0
6431,Trnava,,,134900.0
6432,Šaľa,,Šaľa,80000.0
6446,Banská Štiavnica,,Banská Štiavnica,109900.0
6447,Pezinok,,Svätý Jur,170490.0
6451,Nové Zámky,,Nové Zámky,94000.0
6452,Bratislava,Bratislava,,239990.0
6464,Trenčín,Trenčín,,133000.0
6467,Bratislava,Bratislava,,140700.0
6468,Bratislava,Bratislava,,809990.0
6472,Senec,,Senec,220000.0
6477,Liptovský Mikuláš,,,154390.0
6502,Bratislava,Bratislava,,221990.0
6509,Bratislava,Bratislava,,230990.0
6518,Dunajská Streda,,,163990.0
6520,Pezinok,,,140700.0
6525,Ilava,,Dubnica nad Váhom,128000.0
6538,Košice,Košice,,165000.0
6546,Košice,Košice,,202980.0
6563,Banská Bystrica,Banská Bystrica,,134800.0
6566,Senec,,Senec,130000.0
6567,Trenčín,Trenčín,,137700.0
6571,Tvrdošín,,Trstená,93400.0
6583,Ilava,,Ilava,130000.0
6594,Bratislava,Bratislava,,490000.0
6602,Trebišov,,Sečovce,103500.0
6607,Žiar nad Hronom,,Kremnica,95000.0
6617,Košice,Košice,,119900.0
6620,Ružomberok,,,142000.0
6629,Šaľa,,,78900.0
6630,Kežmarok,,,239990.0
6631,Bratislava,Bratislava,,452000.0
6633,Martin,,Martin,118000.0
6634,Bratislava,Bratislava,,336900.0
6637,Bratislava,Bratislava,,299000.0
6642,Bratislava,Bratislava,,220000.0
6650,Poprad,,,156800.0
6651,Bratislava,Bratislava,,239990.0
6656,Dunajská Streda,,,153000.0
6659,Pezinok,,Svätý Jur,429900.0
6662,Pezinok,,Pezinok,155000.0
6663,Hlohovec,,,149990.0
6665,Banská Bystrica,,,428900.0
6667,Bratislava,Košice,,74200.0
6686,Košice,Košice,,425500.0
6687,Košice,Košice,,395500.0
6688,Košice,Košice,,289500.0
6689,Košice,Košice,,315000.0
6690,Košice,Košice,,437500.0
6691,Komárno,,Komárno,175000.0
6695,Trnava,Trnava,,220000.0
6697,Nové Zámky,,Šurany,164900.0
6699,Galanta,,Galanta,146800.0
6701,Galanta,,Galanta,177230.0
6702,Galanta,,Galanta,147390.0
6704,Brezno,,,164000.0
6715,Bratislava,Bratislava,,224990.0
6720,Banská Bystrica,Banská Bystrica,,350000.0
6721,Malacky,,Malacky,152000.0
6727,Bratislava,Bratislava,,468815.0
6731,Trebišov,,Čierna nad Tisou,51900.0
6734,Vranov nad Topľou,,Vranov nad Topľou,99900.0
6737,Nové Zámky,,Nové Zámky,127000.0
6740,Bratislava,Bratislava,,895000.0
6748,Dubnica nad Váhom,,,147961.0
6751,Košice,Košice,,196000.0
6752,Bratislava,,Stupava,237622.0
6755,Trenčín,Trenčín,,370000.0
6756,Považská Bystrica,,Považská Bystrica,97000.0
6758,Revúca,,Revúca,69990.0
6772,Bratislava,Bratislava,,334900.0
6775,Košice,Košice,,259990.0
6793,Topoľčany,,,169900.0
6794,Bratislava,Bratislava,,289000.0
6809,Snina,,Snina,53990.0
6811,Košice,Košice,,230000.0
6812,Piešťany,,Piešťany,135000.0
6814,Košice,Košice,,349999.0
6815,Košice,Košice,,285000.0
6818,Lučenec,,,47000.0
6820,Prievidza,,Prievidza,95000.0
6837,Senec,,,188700.0
6838,Komárno,,Komárno,298805.0
6840,Malacky,,Malacky,240000.0
6845,Bratislava,Bratislava,,499000.0
6846,Komárno,,Komárno,175000.0
6847,Košice,Košice,,165000.0
6861,Liptovský Mikuláš,,Liptovský Hrádok,160274.0
6863,Poprad,,Poprad,160000.0
6864,Gelnica,Košice,,54900.0
6865,Trnava,Trnava,,179900.0
6868,Bratislava,Bratislava,,184900.0
6869,Bratislava,Bratislava,,226990.0
6870,Poprad,,Poprad,270000.0
6871,Poprad,,Poprad,275000.0
6873,Piešťany,Košice,,219990.0
6878,Liptovský Mikuláš,,Liptovský Mikuláš,92600.0
6881,Bratislava,Bratislava,,480000.0
6882,Žilina,,Rajecké Teplice,210000.0
6887,Piešťany,,,215000.0
6912,Poprad,,Vysoké Tatry,174000.0
6922,Galanta,,Galanta,163000.0
6925,Nové Zámky,,Nové Zámky,98400.0
6926,Dunajská Streda,,Dunajská Streda,139000.0
6932,Senec,,,249000.0
6939,Bratislava,,Stupava,179990.0
6956,Levice,,Levice,120000.0
6966,Veľký Krtíš,,Veľký Krtíš,79900.0
6970,Komárno,,Komárno,149900.0
6977,Prievidza,,Bojnice,349890.0
6980,Michalovce,,Michalovce,125000.0
6982,Bratislava,Bratislava,,149900.0
6985,Veľký Krtíš,,Veľký Krtíš,79900.0
6987,Komárno,,Komárno,84900.0
6991,Košice,Košice,,185000.0
6997,Šaľa,,,55000.0
7003,Senec,,,243000.0
7005,Bratislava,Bratislava,,569000.0
7006,Košice,Košice,,180000.0
7008,Nové Mesto nad Váhom,,,124900.0
7009,Levice,,Levice,105000.0
7010,Bratislava,Bratislava,,349900.0
7011,Bánovce nad Bebravou,,Bánovce nad Bebravou,70000.0
7012,Bratislava,Bratislava,,543202.0
7015,Senec,,,201960.0
7035,Bratislava,Bratislava,,291990.0
7036,Bratislava,Bratislava,,291990.0
7042,Bratislava,Bratislava,,154990.0
7044,Tvrdošín,,Trstená,149000.0
7047,Piešťany,,Piešťany,185000.0
7049,Ružomberok,,,149000.0
7050,Ružomberok,,,129000.0
7052,Šaľa,,Šaľa,121000.0
7074,Lučenec,,Lučenec,78000.0
7075,Šaľa,,,89900.0
7077,Prešov,Prešov,,145000.0
7079,Trnava,Trnava,,284900.0
7084,Lučenec,,Lučenec,93000.0
7090,Nové Zámky,,,63000.0
7091,Ilava,,Ilava,110090.0
7101,Piešťany,,,70000.0
7103,Bratislava,Bratislava,,420000.0
7105,Nové Mesto nad Váhom,,,80300.0
7106,Nové Mesto nad Váhom,,,105000.0
7107,Nové Mesto nad Váhom,,,134640.0
7108,Nové Mesto nad Váhom,,Nové Mesto nad Váhom,138000.0
7116,Prievidza,,Handlová,69999.0
7121,Galanta,,Sládkovičovo,179000.0
7123,Tvrdošín,,Trstená,187100.0
7125,Bratislava,Bratislava,,549000.0
7129,Banská Bystrica,Banská Bystrica,,345261.0
7144,Kežmarok,,Vysoké Tatry,349900.0
7151,Žilina,Žilina,,417000.0
7156,Dunajská Streda,,Dunajská Streda,176200.0
7157,Nové Mesto nad Váhom,,Nové Mesto nad Váhom,146355.0
7159,Bratislava,Bratislava,,556247.0
7164,Považská Bystrica,,Považská Bystrica,179000.0
7191,Košice,Košice,,230000.0
7193,Bratislava,Bratislava,,900000.0
7200,Hlohovec,,Leopoldov,134000.0
7206,Michalovce,,Michalovce,145000.0
7207,Trebišov,,Sečovce,89999.0
7208,Michalovce,,,122000.0
7209,Michalovce,,,155000.0
7210,Michalovce,,,184200.0
7212,Trnava,,,149900.0
7213,Michalovce,,Michalovce,122000.0
7214,Michalovce,,,128000.0
7215,Bratislava,Bratislava,,276000.0
7216,Žiar nad Hronom,,Kremnica,114990.0
7232,Šaľa,,Šaľa,134900.0
7234,Kežmarok,,,184500.0
7242,Nitra,,,307100.0
7243,Nitra,,,147000.0
7244,Prievidza,,Bojnice,352100.0
7248,Bratislava,Bratislava,,990000.0
7251,Bratislava,Bratislava,,600000.0
7252,Trebišov,,Trebišov,102900.0
7254,Martin,,Martin,99900.0
7256,Banská Bystrica,,,277000.0
7257,Piešťany,,,209900.0
7279,Žilina,Žilina,,169900.0
7281,Spišská Nová Ves,,Spišská Nová Ves,94000.0
7290,Trnava,Trnava,,439000.0
7294,Humenné,,,86500.0
7295,Žilina,Žilina,,225000.0
7296,Poprad,,,920990.0
7299,Košice,Košice,,153600.0
7300,Lučenec,,,92000.0
7305,Senec,,,220000.0
7312,Michalovce,,Michalovce,133000.0
7314,Banská Bystrica,,,81000.0
7330,Košice,Košice,,125000.0
7331,Bratislava,Bratislava,,285000.0
7332,Partizánske,,,108000.0
7334,Nové Mesto nad Váhom,,Nové Mesto nad Váhom - Okrajová časť mesta,119900.0
7335,Pezinok,,Pezinok,229000.0
7337,Spišská Nová Ves,,,115000.0
7338,Košice,Košice,,249999.0
7339,Prešov,Prešov,,356300.0
7342,Prešov,Prešov,,356300.0
7361,Pezinok,,,359900.0
7362,Banská Štiavnica,,Banská Štiavnica,239000.0
7364,Lučenec,,Lučenec,65000.0
7365,Bratislava,Bratislava,,393000.0
7366,Bratislava,Bratislava,,275000.0
7367,Košice,Košice,,290536.0
7369,Trebišov,,Sečovce,83000.0
7371,Bratislava,Bratislava,,639990.0
7373,Levice,,Levice,124000.0
7376,Prešov,Prešov,,465000.0
7391,Bratislava,Bratislava,,224900.0
7394,Nitra,Nitra,,219212.0
7397,Košice,Košice,,379900.0
7400,Levice,,Levice,93000.0
7404,Pezinok,,Modra,199900.0
7429,Bratislava,Bratislava,,234900.0
7432,Levice,,Levice,165000.0
7434,Šaľa,,Šaľa,130000.0
7441,Liptovský Mikuláš,,Liptovský Mikuláš,154500.0
7442,Trenčín,Trenčín,,188000.0
7444,Bratislava,Bratislava,,899000.0
7445,Bratislava,Bratislava,,244725.0
7446,Piešťany,,Piešťany,149000.0
7447,Žarnovica,,,69000.0
7450,Poprad,,Poprad,160000.0
7458,Bratislava,Bratislava,,550000.0
7459,Bratislava,Bratislava,,639000.0
7468,Lučenec,,Lučenec,103500.0
7476,Hlohovec,,Hlohovec,113000.0
7478,Dunajská Streda,,,184900.0
7480,Košice,Košice,,374880.0
7483,Bratislava,Bratislava,,390000.0
7484,Bratislava,Bratislava,,369000.0
7490,Lučenec,,Lučenec,103500.0
7495,Nové Mesto nad Váhom,,,126900.0
7497,Bratislava,Bratislava,,198475.0
7498,Bratislava,Bratislava,,349725.0
7499,Bratislava,Bratislava,,435000.0
7500,Bratislava,Bratislava,,536000.0
7501,Bratislava,Bratislava,,800500.0
7504,Bratislava,Bratislava,,379000.0
7506,Žilina,Žilina,,269000.0
7507,Dunajská Streda,,Dunajská Streda,176500.0
7509,Košice,Košice,,249999.0
7512,Komárno,,Komárno,82000.0
7514,Lučenec,,Fiľakovo,49000.0
7516,Spišská Nová Ves,,Spišská Nová Ves,115000.0
7519,Martin,,Martin,153000.0
7529,Bratislava,Bratislava,,229900.0
7530,Nové Zámky,,Nové Zámky,93000.0
7532,Košice,Košice,,242500.0
7534,Dunajská Streda,,Dunajská Streda,164000.0
7535,Bratislava,Bratislava,,330000.0
7539,Senec,,Senec,179000.0
7544,Michalovce,,Michalovce,109990.0
7545,Bratislava,Bratislava,,260000.0
7547,Trebišov,,Sečovce,107500.0
7551,Trnava,Trnava,,158000.0
7552,Banská Bystrica,,,148500.0
7556,Liptovský Mikuláš,,Liptovský Mikuláš,225000.0
7577,Pezinok,,Pezinok,249000.0
7579,Pezinok,,Pezinok,218000.0
7580,Dunajská Streda,,Dunajská Streda,147000.0
7586,Zvolen,,Zvolen,179000.0
7590,Bratislava,,,315000.0
7591,Bratislava,,,285000.0
7606,Bratislava,Bratislava,,378990.0
7634,Levice,,Šahy,72000.0
7648,Bratislava,Bratislava,,429999.0
7652,Michalovce,,Michalovce,133000.0
7654,Košice,Košice,,229500.0
7656,Pezinok,,Modra,163990.0
7672,Nitra,Nitra,,195000.0
7674,Banská Bystrica,Banská Bystrica,,109000.0
7689,Bratislava,Bratislava,,449990.0
7698,Vranov nad Topľou,,,29900.0
7699,Piešťany,,Piešťany,158500.0
7708,Poprad,,Poprad,286000.0
7717,Komárno,,Komárno,83815.0
7718,Komárno,,Komárno,79574.0
7721,Čadca,,Turzovka,104900.0
7722,Humenné,,Humenné,118500.0
7732,Bratislava,Bratislava,,265000.0
7738,Bratislava,Bratislava,,266000.0
7739,Poprad,,Vysoké Tatry,225000.0
7743,Poltár,,,52500.0
7747,Košice,Košice,,296634.0
7754,Nitra,Nitra,,157829.0
7755,Nitra,Nitra,,229200.0
7756,Spišská Nová Ves,,Spišská Nová Ves,119999.0
7758,Trnava,Trnava,,179900.0
7759,Dunajská Streda,,,249990.0
7762,Galanta,,Sereď,235000.0
7763,Bratislava,Bratislava,,649000.0
7765,Prešov,Prešov,,546600.0
7769,Poprad,,Poprad,144614.0
7771,Lučenec,,Lučenec,139000.0
7779,Spišská Nová Ves,,,114000.0
7789,Pezinok,,Pezinok,229000.0
7791,Nitra,Nitra,,165000.0
7792,Bratislava,Bratislava,,561247.0
7799,Bratislava,Bratislava,,495000.0
7800,Bratislava,Bratislava,,400000.0
7801,Nitra,Nitra,,139200.0
7802,Bratislava,Bratislava,,775000.0
7803,Bratislava,Bratislava,,369000.0
7810,Námestovo,Námestovo,,129900.0
7813,Bratislava,Bratislava,,165000.0
7837,Piešťany,,Piešťany,232800.0
7840,Liptovský Mikuláš,,Liptovský Mikuláš,146000.0
7841,Košice,Košice,,419990.0
7844,Nové Zámky,,Nové Zámky,119000.0
7848,Nitra,Nitra,,172706.0
7851,Košice,Košice,,299900.0
7852,Trebišov,,Sečovce,98000.0
7858,Piešťany,,Piešťany,318990.0
7868,Banská Bystrica,Banská Bystrica,,155000.0
7872,Košice,,,145999.0
7874,Liptovský Mikuláš,,Liptovský Mikuláš,380000.0
7875,Senec,,,205000.0
7876,Košice,Košice,,290573.0
7877,Bratislava,Bratislava,,499000.0
7883,Bratislava,Bratislava,,204900.0
7888,Bratislava,Bratislava,,675000.0
7889,Prešov,Prešov,,465000.0
7902,Michalovce,,Michalovce,135000.0
7905,Senec,,,209900.0
7915,Brezno,,,138000.0
7928,Košice,Košice,,379667.0
7929,Košice,Košice,,298500.0
7935,Žiar nad Hronom,,Žiar nad Hronom,109990.0
7936,Senec,,Senec,169000.0
7938,Poprad,,,199000.0
7940,Banská Bystrica,,,210000.0
7941,Poprad,,,239000.0
7944,Levice,,Šahy,80000.0
7963,Bratislava,Bratislava,,254900.0
7965,Dubnica nad Váhom,,Trenčianske Teplice,430000.0
7969,Bratislava,Bratislava,,385000.0
7971,Dunajská Streda,,Dunajská Streda,168000.0
7972,Košice,,Moldava nad Bodvou,142500.0
7973,Bratislava,Bratislava,,184900.0
7983,Bratislava,Bratislava,,820000.0
7989,Nitra,Nitra,,177000.0
7999,Partizánske,,,110000.0
8002,Spišská Nová Ves,,Spišská Nová Ves,140000.0
8013,Poltár,,Poltár,80000.0
8025,Levice,,Levice,120000.0
8030,Brezno,,,39900.0
8078,Dubnica nad Váhom,,,100761.0
8082,Dunajská Streda,,Dunajská Streda,92000.0
8084,Liptovský Mikuláš,,Liptovský Mikuláš,176000.0
8099,Bratislava,Bratislava,,278000.0
8146,Košice,Košice,,439500.0
8147,Bratislava,Bratislava,,450000.0
8148,Košice,Košice,,207900.0
8153,Bratislava,,,234737.0
8155,Bratislava,,Šamorín,144900.0
8157,Dunajská Streda,,Gabčíkovo,112824.0
8161,Bratislava,Bratislava,,650000.0
8165,Nové Zámky,,Nové Zámky,123800.0
8166,Prievidza,,Bojnice,279000.0
8168,Trnava,Trnava,,185000.0
8173,Bratislava,Bratislava,,265000.0
8182,Brezno,,,275000.0
8185,Bratislava,Bratislava,,194500.0
8218,Bratislava,Bratislava,,226812.0
8220,Pezinok,,Pezinok,389000.0
8223,Dunajská Streda,,Dunajská Streda,127000.0
8226,Levice,,Levice,89000.0
8229,Košice,Košice,,185000.0
8234,Banská Bystrica,Banská Bystrica,,255000.0
8239,Stará Ľubovňa,,Stará Ľubovňa,262602.0
8242,Bratislava,Bratislava,,349000.0
8248,Topoľčany,,Topoľčany,119900.0
8249,Poprad,,Poprad,319900.0
8255,Banská Bystrica,,,127900.0
8258,Bratislava,Bratislava,,299900.0
8260,Nitra,Nitra,,166000.0
8263,Bratislava,Bratislava,,259000.0
8265,Michalovce,,Michalovce,104500.0
8266,Bratislava,Bratislava,,460000.0
8267,Senec,,Senec,174990.0
8268,Liptovský Mikuláš,,,130000.0
8274,Bratislava,Bratislava,,695000.0
8277,Krupina,,Krupina,99900.0
8279,Bratislava,Bratislava,,365041.0
8282,Bratislava,Bratislava,,455000.0
8286,Košice,Košice,,388788.0
8289,Košice,Košice,,369000.0
8293,Prešov,Prešov,,198900.0
8294,Bratislava,Bratislava,,379000.0
8299,Piešťany,,Piešťany,241912.0
8300,Trnava,Trnava,,265000.0
8314,Prievidza,,Prievidza,99900.0
8317,Košice,Košice,,202980.0
8318,Bratislava,Bratislava,,390000.0
8319,Bratislava,Bratislava,,275000.0
8322,Bratislava,Bratislava,,234000.0
8324,Košice,Košice,,202980.0
8325,Košice,Košice,,208980.0
8329,Dubnica nad Váhom,,Nová Dubnica,114980.0
8331,Žilina,Žilina,,298000.0
8333,Piešťany,,Piešťany,165000.0
8336,Dubnica nad Váhom,,Dubnica nad Váhom,121990.0
8340,Bratislava,Bratislava,,605000.0
8341,Martin,,Martin,178950.0
8343,Malacky,,Malacky,119000.0
8347,Martin,,Martin,253700.0
8348,Martin,,Martin,326198.0
8372,Bratislava,Bratislava,,234999.0
8377,Košice,Košice,,128000.0
8388,Banská Bystrica,,,81750.0
8391,Trebišov,,Trebišov,79900.0
8396,Bratislava,Bratislava,,705000.0
8397,Bratislava,Bratislava,,450000.0
8400,Trenčín,Trenčín,,269900.0
8403,Nové Zámky,,,132000.0
8409,Michalovce,,Michalovce,123000.0
8410,Ružomberok,,Ružomberok,73000.0
8411,Ružomberok,,,135000.0
8419,Senec,,Senec,184900.0
8420,Senec,,Senec,122000.0
8421,Piešťany,,Piešťany,210000.0
8426,Bratislava,Bratislava,,278000.0
8427,Bratislava,Bratislava,,278000.0
8428,Bratislava,Bratislava,,184890.0
8433,Bratislava,Bratislava,,679500.0
8437,Rimavská Sobota,,Brezno,30999.0
8446,Bratislava,Bratislava,,269990.0
8450,Trnava,Trnava,,145000.0
8452,Bratislava,Bratislava,,438800.0
8453,Košice,Košice,,350000.0
8455,Poprad,,Poprad,249000.0
8458,Dunajská Streda,,Gabčíkovo,112824.0
8459,Bratislava,Bratislava,,279500.0
8462,Považská Bystrica,,Považská Bystrica,195000.0
8466,Topoľčany,,Topoľčany,227600.0
8483,Senec,,Senec,269900.0
8488,Senec,,Senec,279900.0
8491,Dunajská Streda,,Dunajská Streda,139000.0
8492,Košice,Košice,,195000.0
8502,Vranov nad Topľou,,Vranov nad Topľou,123000.0
8503,Nitra,Nitra,,216900.0
8509,Dubnica nad Váhom,,Dubnica nad Váhom,149990.0
8510,Trebišov,,Čierna nad Tisou,40000.0
8511,Liptovský Mikuláš,,Liptovský Mikuláš,199990.0
8516,Liptovský Mikuláš,,,161500.0
8518,Dubnica nad Váhom,,Trenčianske Teplice,148000.0
8546,Partizánske,,Partizánske,64000.0
8547,Nitra,,,126900.0
8548,Nitra,,,137000.0
8551,Nové Zámky,,Nové Zámky,100000.0
8552,Bratislava,Bratislava,,309900.0
8554,Nitra,,,118700.0
8555,Nitra,,,133000.0
8604,Banská Bystrica,Banská Bystrica,,120000.0
8607,Bratislava,Bratislava,,205000.0
8609,Bratislava,Bratislava,,690000.0
8611,"Zadunajská cesta, Petržalka - Dvory, Bratislavský kraj",Bratislava,,455000.0
8640,Piešťany,,Piešťany,103000.0
8645,Malacky,,Malacky,170000.0
8647,Banská Bystrica,,,119000.0
8652,Žilina,Žilina,,224900.0
8653,Žilina,Žilina,,189900.0
8654,Žilina,Žilina,,176900.0
8655,Martin,,,218657.0
8656,Martin,,,147684.0
8657,Martin,,,120886.0
8667,Žilina,Žilina,,194900.0
8668,Senec,,,299000.0
8669,Piešťany,,Piešťany,109999.0
8673,Revúca,,Tisovec,34000.0
8676,Bratislava,Bratislava,,289900.0
8678,Poprad,,Poprad,179000.0
8679,Trnava,Trnava,,169900.0
8680,Martin,,,104125.0
8683,Banská Štiavnica,,Banská Štiavnica,105564.0
8685,Bratislava,Bratislava,,223990.0
8704,Senec,,Senec,229900.0
8706,Dubnica nad Váhom,,Trenčianske Teplice,109900.0
8707,Galanta,,Galanta,149900.0
8711,Piešťany,,,185000.0
8712,Piešťany,,,165000.0
8715,Bratislava,Bratislava,,184900.0
8716,Poprad,,,207405.0
8717,Zvolen,,Zvolen,184900.0
8718,Banská Bystrica,,,126000.0
8724,Trebišov,,Trebišov,130000.0
8726,Poprad,,Poprad,162000.0
8727,Sobrance,,Sobrance,118900.0
8728,Prievidza,,Nováky,93000.0
8732,Košice,Košice,,287000.0
8734,Žilina,Žilina,,234900.0
8737,Bratislava,Bratislava,,785000.0
8741,Košice,Košice,,355000.0
8742,Košice,Košice,,207000.0
8744,Bratislava,Bratislava,,309000.0
8759,Šaľa,,Šaľa,116000.0
8767,Prešov,,,309000.0
8773,Poltár,,Poltár,54999.0
8774,Malacky,,Malacky,149000.0
8782,Senec,,Senec,165000.0
8795,Senec,,,240000.0
8801,Nové Zámky,,Nové Zámky,123000.0
8812,Košice,,,247000.0
8814,Nitra,Nitra,,227000.0
8817,Martin,,Martin,123000.0
8821,Bratislava,Bratislava,,99000.0
8824,Pezinok,,,279000.0
8825,Bratislava,Bratislava,,900000.0
8826,Žarnovica,,,86000.0
8831,Trenčín,Trenčín,,178000.0
8834,Bratislava,Bratislava,,335000.0
8849,Košice,,,274000.0
8850,Košice,,,329000.0
8852,Banská Bystrica,Banská Bystrica,,206000.0
8857,Bratislava,Bratislava,,119900.0
8859,Dunajská Streda,,Dunajská Streda,160000.0
8870,Bánovce nad Bebravou,,Bánovce nad Bebravou,117000.0
8873,Trenčín,Trenčín,,329000.0
8876,Bratislava,Bratislava,,269990.0
8878,Košice,Košice,,189900.0
8891,Bratislava,Bratislava,,420000.0
8895,Nitra,Nitra,,227000.0
8896,Bratislava,Bratislava,,299900.0
8898,Trenčín,Trenčín,,178000.0
8924,Levice,,Levice,122000.0
8925,Michalovce,,Michalovce,148000.0
8926,Bratislava,Bratislava,,365000.0
8930,Galanta,,Galanta,149000.0
8931,Bratislava,Bratislava,,298900.0
8933,Galanta,,Galanta,144500.0
8938,Poprad,,,229000.0
8944,Poprad,,,239000.0
8954,Žiar nad Hronom,,Kremnica,209200.0
8961,Nitra,,,112500.0
8966,Piešťany,,Piešťany,158500.0
8968,Piešťany,,Piešťany,233500.0
9004,Ružomberok,,Ružomberok,104000.0
9005,Poprad,,Poprad,239900.0
9008,Košice,Košice,,298182.0
9011,Poprad,,,327000.0
9012,Košice,Košice,,307000.0
9014,Nitra,Nitra,,243257.0
9019,Prievidza,,Nováky,92000.0
9021,Košice,Košice,,189990.0
9027,Trnava,Trnava,,305000.0
9028,Bratislava,Bratislava,,769000.0
9031,Žiar nad Hronom,,Kremnica,119000.0
9032,Nové Zámky,,,75000.0
9048,Bratislava,Bratislava,,279900.0
9051,Bratislava,Bratislava,,310000.0
9060,Michalovce,,Michalovce,132900.0
9061,Michalovce,,Michalovce,123900.0
9066,Žilina,Žilina,,161398.0
9068,Trenčín,Trenčín,,339000.0
9101,Revúca,,Hnúšťa,45000.0
9102,Kežmarok,,,107600.0
9109,Ružomberok,,Ružomberok,170000.0
9115,Bratislava,Bratislava,,287000.0
9118,Košice,Košice,,381000.0
9122,Nové Zámky,,Nové Zámky,135500.0
9127,Nitra,Nitra,,243257.0
9130,Ružomberok,,Ružomberok,170000.0
9132,Žilina,Žilina,,219990.0
9137,Poprad,,Poprad,141500.0
9197,Banská Bystrica,,,258000.0
9210,Nové Zámky,,Nové Zámky,132000.0
9211,Myjava,,Stará Turá,119000.0
9229,Nové Mesto nad Váhom,,Nové Mesto nad Váhom,125000.0
9241,Dunajská Streda,,,76000.0
9242,Senec,,Senec,216000.0
9243,Bratislava,Bratislava,,275000.0
9250,Levice,,Levice,118000.0
9253,Trenčín,,,138722.0
9255,Bratislava,Bratislava,,284900.0
9256,Trnava,,,541000.0
9257,Trnava,Trnava,,427000.0
9258,Trnava,Trnava,,274000.0
9272,Kysucké Nové Mesto,,,137000.0
9273,Myjava,,Myjava,125000.0
9275,Trenčín,Trenčín,,235000.0
9284,Bratislava,Bratislava,,299000.0
9292,Revúca,,Tisovec,37999.0
9300,Žilina,Žilina,,359500.0
9307,Bratislava,Bratislava,,399000.0
9308,Prešov,Prešov,,164990.0
9310,Bratislava,,Šamorín,253000.0
9312,Prievidza,,Handlová,80000.0
9313,Pezinok,,Modra,247800.0
9315,Bratislava,Bratislava,,498700.0
9316,Košice,Košice,,185000.0
9322,Bratislava,Bratislava,,284900.0
9326,Prešov,,Veľký Šariš,243990.0
9330,Brezno,,,43000.0
9333,Prešov,,Veľký Šariš,140500.0
9344,Nitra,Nitra,,182000.0
9392,Piešťany,,Piešťany,185000.0
9395,Senec,,Senec,155000.0
9408,Košice,Košice,,219000.0
9409,Banská Bystrica,Banská Bystrica,,199000.0
9414,Piešťany,,Vrbové,148000.0
9418,Bratislava,Bratislava,,970000.0
9420,Bratislava,,,270000.0
9427,Bratislava,Bratislava,,324800.0
9429,Turčianske Teplice,,,89000.0
9434,Bratislava,Bratislava,,319990.0
9435,Senec,,Senec,165000.0
9446,Dunajská Streda,,,139000.0
9447,Dunajská Streda,,,149000.0
9448,Bratislava,Bratislava,,350000.0
9452,Košice,Košice,,181900.0
9456,Piešťany,,Piešťany,125000.0
9457,Banská Bystrica,,,73000.0
9460,Bratislava,Bratislava,,259999.0
9461,Komárno,,Komárno,298804.0
9466,Bratislava,Bratislava,,258000.0
9496,Pezinok,,Modra,221700.0
9497,Pezinok,,Modra,245900.0
9499,Komárno,,Komárno,94000.0
9506,Trnava,Trnava,,179000.0
9508,Malacky,,Malacky,300000.0
9511,Svidník,,,143900.0
9513,Trnava,Trnava,,549900.0
9514,Levice,,Levice,95000.0
9516,Trnava,Trnava,,399900.0
9517,Bratislava,Bratislava,,610000.0
9520,Komárno,,Komárno,172208.0
9521,Trnava,Trnava,,145900.0
9525,Galanta,,Galanta,169870.0
9552,Piešťany,,Piešťany,145000.0
9556,Bratislava,Bratislava,,306000.0
9557,Nové Zámky,,Nové Zámky,99900.0
9558,Prešov,,,317000.0
9559,Prešov,Prešov,,299000.0
9561,Galanta,,Sládkovičovo,146000.0
9562,Bratislava,Bratislava,,278000.0
9563,Košice,Košice,,279900.0
9565,Trenčín,Trenčín,,149900.0
9569,Dunajská Streda,,Dunajská Streda,187600.0
9577,Dubnica nad Váhom,,Trenčianske Teplice,399000.0
9578,Dubnica nad Váhom,,Trenčianske Teplice,449000.0
9579,Bratislava,Bratislava,,273490.0
9581,Senec,,Senec,249000.0
9584,Dunajská Streda,,Dunajská Streda,168500.0
9586,Pezinok,,,159000.0
9588,Svidník,,,74800.0
9591,Bratislava,Bratislava,,445000.0
9642,Skalica,,Skalica,114000.0
9654,Bratislava,Bratislava,,265000.0
9655,Trnava,Trnava,,170000.0
9657,Bratislava,,,193000.0
9661,Nitra,Nitra,,146000.0
9662,Bratislava,Bratislava,,990000.0
9666,Bratislava,Bratislava,,438111.0
9667,Bratislava,Bratislava,,363323.0
9669,Zvolen,,Zvolen,165000.0
9672,Trenčín,Trenčín,,179999.0
9673,Spišská Nová Ves,,Dobšiná,39900.0
9674,Púchov,,,125000.0
9680,Košice,Košice,,129900.0
9682,Michalovce,,Michalovce,147990.0
9683,Martin,,,84500.0
9704,Poprad,,Poprad,254990.0
9712,Nitra,Nitra,,204500.0
9715,Humenné,,Humenné,94000.0
9716,Bratislava,Bratislava,,255950.0
9718,Bratislava,Bratislava,,449000.0
9722,Bratislava,Bratislava,,460000.0
9723,Poprad,,Poprad,159990.0
9732,Bratislava,Bratislava,,240000.0
9735,Bratislava,Bratislava,,275000.0
9740,Poprad,,Poprad,184990.0
9741,Bratislava,Bratislava,,244900.0
9742,Galanta,,Sládkovičovo,146000.0
9748,Bratislava,Bratislava,,449000.0
9749,Prešov,Prešov,,161000.0
9750,Bánovce nad Bebravou,,,85000.0
9758,Michalovce,,,78000.0
9759,Bratislava,Bratislava,,399000.0
9760,Rimavská Sobota,,Rimavská Sobota,88000.0
9763,Brezno,,,180000.0
9767,Trenčín,,,136000.0
9772,Bratislava,Bratislava,,180000.0
9773,Bratislava,,Šamorín,154900.0
9776,Púchov,,Púchov,130990.0
9777,Púchov,,Púchov,133990.0
9778,Revúca,,Revúca,119990.0
9779,Komárno,,Komárno,129900.0
9781,Bratislava,Bratislava,,355000.0
9787,Bratislava,Bratislava,,445000.0
9788,Bratislava,Bratislava,,141000.0
9789,Bratislava,Bratislava,,349935.0
9790,Bratislava,Bratislava,,192372.0
9793,Banská Bystrica,,,76000.0
9794,Banská Bystrica,,,76000.0
9796,Dunajská Streda,,Dunajská Streda,199000.0
9798,Bratislava,Bratislava,,1190000.0
9831,Martin,,Martin,173990.0
9832,Poprad,,,153000.0
9833,Nové Mesto nad Váhom,,,155000.0
9850,Poltár,,,36500.0
9854,Piešťany,,Piešťany,299999.0
9857,Nitra,Nitra,,205652.0
9858,Bánovce nad Bebravou,,Bánovce nad Bebravou,110000.0
9859,Nitra,Nitra,,144738.0
9860,Bratislava,Bratislava,,230000.0
9864,Bratislava,Bratislava,,455000.0
9873,Malacky,,,159900.0
9876,Bratislava,Bratislava,,264900.0
9880,Banská Bystrica,Banská Bystrica,,220000.0
9883,Komárno,,Komárno,88000.0
9893,Bratislava,Bratislava,,254900.0
9922,Nitra,Nitra,,158000.0
9925,Košice,Košice,,119999.0
9927,Košice,Košice,,155000.0
9932,Bratislava,Bratislava,,349000.0
9934,Bratislava,Bratislava,,349000.0
9944,Bratislava,Bratislava,,229900.0
9946,Bratislava,Bratislava,,399000.0
9949,Poprad,,,229000.0
9950,Dunajská Streda,,Veľký Meder,139900.0
9953,Bratislava,Bratislava,,280800.0
9954,Banská Bystrica,Banská Bystrica,,280000.0
9956,Košice,Košice,,149900.0
9957,Bratislava,Bratislava,,369900.0
9958,Bratislava,Bratislava,,399900.0
9961,Dunajská Streda,,Šamorín,209201.0
9963,Prešov,Prešov,,274000.0
9964,Dubnica nad Váhom,,,97000.0
9967,Bratislava,Bratislava,,129900.0
9969,Dubnica nad Váhom,,,97000.0
9977,Bratislava,Bratislava,,850300.0
9978,Lučenec,,Lučenec,69990.0
9981,Košice,Košice,,189990.0
9982,Nitra,Nitra,,119700.0
9989,Prievidza,,Handlová,66990.0
9991,Bratislava,Bratislava,,348500.0
10008,Bratislava,Bratislava,,353500.0
10018,Nitra,Nitra,,174990.0
10025,Komárno,,Komárno,104000.0
10037,Kežmarok,,,129000.0
10050,Hlohovec,,Hlohovec,135000.0
10057,Poprad,,,161100.0
10070,Dubnica nad Váhom,,Nová Dubnica,142900.0
10075,Prešov,Prešov,,239900.0
10079,Komárno,,Komárno,149900.0
10090,Nitra,Nitra,,179900.0
10162,Bratislava,Bratislava,,242230.0
10168,Rimavská Sobota,,Hnúšťa,62500.0
10174,Dunajská Streda,,Veľký Meder,129000.0
10179,Pezinok,,,158999.0
10180,Košice,Košice,,379000.0
10181,Pezinok,,,244900.0
10183,Poprad,,Poprad,143942.0
10185,Malacky,,Malacky,175900.0
10186,Malacky,,Malacky,229500.0
10187,Bratislava,Bratislava,,259000.0
10196,Brezno,,,90000.0
10197,Bratislava,Bratislava,,249900.0
10206,Rožňava,,Rožňava,39900.0
10233,Skalica,,Holíč,124900.0
10235,Ružomberok,,Ružomberok,320000.0
10238,Považská Bystrica,,Považská Bystrica,164900.0
10241,Bratislava,Bratislava,,578000.0
10289,Nitra,Nitra,,240200.0
10291,Levice,,,350000.0
10299,Košice,Košice,,187000.0
10301,Bratislava,Bratislava,,354000.0
10304,Bratislava,Bratislava,,320000.0
10307,Nitra,Nitra,,206700.0
10308,Žilina,Žilina,,314000.0
10314,Zvolen,,Zvolen,149000.0
10319,Liptovský Mikuláš,,Liptovský Mikuláš,146000.0
10331,Poprad,,Vysoké Tatry,299628.0
10336,Bratislava,Bratislava,,389000.0
10342,Rimavská Sobota,,,32500.0
10347,Čadca,,Čadca,96000.0
10359,Lučenec,,Fiľakovo,68000.0
10369,Prešov,,,308500.0
10371,Prešov,,,371500.0
10372,Prešov,,,275500.0
10374,Prešov,,,422500.0
10377,Prešov,,,422500.0
10380,Humenné,,Humenné,112500.0
10398,Ilava,,Dubnica nad Váhom,121990.0
10399,Ilava,,Ilava,150000.0
10400,Nitra,Nitra,,257866.0
10403,Senec,,Senec,122000.0
10407,Komárno,,Komárno,109000.0
10423,Banská Bystrica,Banská Bystrica,,210000.0
10429,Poprad,,Poprad,175000.0
10432,Poprad,,Poprad,407000.0
10433,Nitra,Nitra,,232875.0
10472,Komárno,,Hurbanovo,96000.0
10488,Bratislava,Bratislava,,420000.0
10493,Malacky,,Malacky,179900.0
10494,Levice,,Levice,119990.0
10495,Žiar nad Hronom,,,135000.0
10497,Dunajská Streda,,Veľký Meder,105000.0
10498,Bratislava,Bratislava,,270000.0
10505,Piešťany,,,174900.0
10513,Dunajská Streda,,Veľký Meder,77998.0
10514,Bratislava,,Stupava,237622.0
10520,Martin,,Martin,136900.0
10522,Martin,,Martin,189000.0
10524,Trnava,Trnava,,155000.0
10525,Prievidza,,Prievidza,124000.0
10532,Michalovce,,Michalovce,121900.0
10534,Bratislava,Bratislava,,420000.0
10536,Bratislava,Bratislava,,440000.0
10538,Bratislava,Bratislava,,606000.0
10587,Trnava,Trnava,,294500.0
10589,Košice,Košice,,249990.0
10590,Pezinok,,,212000.0
10591,Bratislava,Bratislava,,220000.0
10593,Liptovský Mikuláš,,,199000.0
10596,Bratislava,Bratislava,,340000.0
10601,Bratislava,Bratislava,,354000.0
10605,Malacky,,Malacky,133500.0
10608,Trnava,,,204900.0
10609,Levice,,,484000.0
10611,Veľký Krtíš,,,252000.0
10614,Košice,Košice,,193900.0
10617,Spišská Nová Ves,,Spišská Nová Ves,172900.0
10627,Poprad,,,199000.0
10631,Bratislava,Bratislava,,354000.0
10632,Levice,,Levice,103500.0
10633,Bratislava,Bratislava,,399000.0
10634,Nitra,Nitra,,206700.0
10639,Nitra,Nitra,,144738.0
10644,Dunajská Streda,,Dunajská Streda,110000.0
10647,Trnava,Trnava,,170000.0
10649,Trnava,Trnava,,192000.0
10654,Bratislava,Bratislava,,2009700.0
10656,Bratislava,Bratislava,,365000.0
10657,Prešov,,,275500.0
10661,Bratislava,Bratislava,,850300.0
10695,Bratislava,Bratislava,,249900.0
10698,Levice,,Levice,103000.0
10699,Zvolen,,Zvolen,130000.0
10703,Poprad,,Poprad,325000.0
10720,Piešťany,,Piešťany,161500.0
10730,Bratislava,Bratislava,,247990.0
10778,Bratislava,Bratislava,,235000.0
10780,Senec,,Senec,175000.0
10786,Košice,Košice,,219990.0
10789,Pezinok,,Pezinok,319900.0
10792,Nové Zámky,,,178000.0
10794,Trenčín,Trenčín,,139800.0
10795,Nové Zámky,,,89000.0
10800,Bratislava,Bratislava,,360000.0
10840,Galanta,,,129900.0
10842,Liptovský Mikuláš,,Liptovský Hrádok,199800.0
10843,Liptovský Mikuláš,,Liptovský Hrádok,135000.0
10844,Liptovský Mikuláš,,Liptovský Hrádok,230350.0
10845,Košice,Košice,,159890.0
10846,Bratislava,Bratislava,,235000.0
10850,Žilina,Žilina,,219000.0
10852,Bratislava,,,248000.0
10853,Senec,,Senec,149900.0
10864,Dunajská Streda,,Dunajská Streda,169000.0
10866,Senec,,,189900.0
10868,Bratislava,Bratislava,,340000.0
10875,Tvrdošín,,,286000.0
10877,Poprad,,Poprad,223860.0
10878,Bratislava,Bratislava,,420000.0
10895,Trebišov,,Trebišov,97990.0
10896,Trebišov,,Trebišov,77900.0
10903,Bratislava,Bratislava,,555000.0
10907,Banská Bystrica,Banská Bystrica,,105000.0
10909,Bratislava,Bratislava,,387000.0
10910,Čadca,,Čadca,288990.0
10912,Trenčín,,,225000.0
10914,Nové Zámky,,Nové Zámky,198500.0
10926,"Björnsonova, Bratislava - mestská časť Staré Mesto - Oblasť Žilinská, Bratislavský kraj",Bratislava,,368000.0
10931,Trenčín,Trenčín,,172000.0
10932,Trenčín,Trenčín,,132000.0
10968,Bratislava,Bratislava,,420000.0
10970,Bánovce nad Bebravou,,Bánovce nad Bebravou,78000.0
10998,Pezinok,,Modra,220000.0
10999,Liptovský Mikuláš,,Liptovský Hrádok,222000.0
11000,Turčianske Teplice,,Turčianske Teplice,147900.0
11001,Galanta,,Galanta,139000.0
11003,Bratislava,,Šamorín,209906.0
11004,Žilina,Žilina,,314000.0
11005,Banská Bystrica,Banská Bystrica,,182000.0
11006,Malacky,,,157500.0
11010,Malacky,,,68000.0
11011,Malacky,,,73500.0
11014,Bratislava,Bratislava,,289900.0
11015,Malacky,,,74500.0
11022,Bratislava,Bratislava,,402750.0
11023,Senec,,Senec,170000.0
11028,Bratislava,Bratislava,,574000.0
11036,Detva,,,168726.0
11037,Senec,,Senec,219000.0
11040,Bratislava,Bratislava,,265000.0
11042,Bratislava,Bratislava,,299000.0
11073,Bratislava,Bratislava,,159000.0
11076,Trnava,Trnava,,206990.0
11079,Nové Zámky,,Kolárovo,93900.0
11080,Bratislava,Bratislava,,870000.0
11082,Púchov,,Púchov,165000.0
11087,Trebišov,,Trebišov,97990.0
11088,Trebišov,,Trebišov,77500.0
11092,Piešťany,,,169900.0
11097,Senec,,,220000.0
11098,Nitra,Nitra,,175000.0
11103,Zvolen,,Zvolen,277000.0
11107,Dubnica nad Váhom,,Trenčianske Teplice,128000.0
11151,Bratislava,Bratislava,,249500.0
11202,Bratislava,Bratislava,,490000.0
11203,Trnava,,,189000.0
11210,Bratislava,Bratislava,,154900.0
11211,Nové Mesto nad Váhom,,Nové Mesto nad Váhom,152000.0
11212,Košice,Košice,,178000.0
11218,Martin,,Martin,159900.0
11222,Námestovo,Námestovo,,168400.0
11223,Bratislava,Bratislava,,310000.0
11225,Bratislava,Bratislava,,420000.0
11227,Poprad,,Poprad,214521.0
11228,Liptovský Mikuláš,,Liptovský Hrádok,135000.0
11273,Košice,Košice,,215000.0
11274,Dunajská Streda,,,185000.0
11275,Banská Bystrica,Banská Bystrica,,400000.0
11278,Martin,,Martin,126000.0
11280,Bratislava,Bratislava,,422500.0
11285,Topoľčany,,,125400.0
11286,Púchov,,Púchov,158800.0
11301,Galanta,,Sereď,129900.0
11307,Trenčín,Trenčín,,349000.0
11308,Trenčín,Trenčín,,249000.0
11311,Nové Zámky,,Nové Zámky,125000.0
11315,Nitra,,,174000.0
11320,Poprad,,Poprad,348000.0
11355,Komárno,,Komárno,149900.0
11363,Prievidza,,Handlová,79000.0
11370,Piešťany,,Piešťany,141000.0
11382,Bratislava,Bratislava,,235000.0
11384,Žilina,,Rajecké Teplice,159049.0
11385,Žilina,,Rajecké Teplice,161398.0
11386,Žilina,,Rajecké Teplice,173523.0
11402,Žilina,Žilina,,155000.0
11412,Bratislava,Bratislava,,743000.0
11415,Senec,,Senec,208000.0
11417,Bratislava,Bratislava,,354000.0
11419,Dunajská Streda,,Dunajská Streda,189000.0
11427,Bratislava,Bratislava,,338700.0
11432,Nitra,Nitra,,170233.0
11478,Banská Bystrica,,,296000.0
11486,Vranov nad Topľou,,Vranov nad Topľou,98990.0
11489,Galanta,,Galanta,158000.0
11497,Lučenec,,Lučenec,80500.0
11500,Žilina,Žilina,,170000.0
11504,Nitra,Nitra,,165000.0
11507,Detva,,Detva,119900.0
11541,Košice,Košice,,230506.0
11545,Bratislava,Bratislava,,490000.0
11546,Tvrdošín,,Medvedzie,165000.0
11547,Košice,Košice,,194244.0
11549,Malacky,,Malacky,135000.0
11554,Trenčín,,,219900.0
11555,Banská Bystrica,Banská Bystrica,,425000.0
11557,Lučenec,,Lučenec,84000.0
11560,Zvolen,,Zvolen,167000.0
11562,Martin,,Martin,175000.0
11563,Hlohovec,,Hlohovec,113990.0
11564,Bratislava,Bratislava,,264000.0
11568,Komárno,,Komárno,149900.0
11569,Trenčín,,,104999.0
11571,Komárno,,Komárno,176836.0
11575,Topoľčany,,Topoľčany,185000.0
11578,Bratislava,Bratislava,,504999.0
11585,Malacky,,,214990.0
11586,Trenčín,Trenčín,,230000.0
11589,Dubnica nad Váhom,,Trenčianske Teplice,115000.0
11593,Zlaté Moravce,,Zlaté Moravce,116900.0
11595,Bratislava,Bratislava,,350000.0
11599,Piešťany,,,164400.0
11600,Bratislava,Bratislava,,244900.0
11615,Kežmarok,,,142000.0
11620,Bratislava,Bratislava,,629900.0
11622,Bratislava,Bratislava,,569900.0
11623,Bratislava,Bratislava,,496900.0
11632,Trnava,Trnava,,319900.0
11634,Trenčín,Trenčín,,396371.0
11635,Bratislava,Bratislava,,650000.0
11646,Senica,,Senica,119000.0
11648,Bratislava,Bratislava,,370000.0
11649,Levice,,Levice,95000.0
11654,Košice,Košice,,154500.0
11655,Trenčín,Trenčín,,139900.0
11657,Turčianske Teplice,,Turčianske Teplice,115500.0
11664,Bratislava,Bratislava,,615000.0
11666,Nitra,Nitra,,168000.0
11669,Bratislava,Bratislava,,232000.0
11675,Trnava,Trnava,,319900.0
11676,Košice,Košice,,463516.0
11678,Bratislava,Bratislava,,294990.0
11680,Piešťany,,Piešťany,70000.0
11683,Dubnica nad Váhom,,Trenčianske Teplice,195000.0
11688,Košice,Košice,,205000.0
11691,Žilina,Žilina,,235000.0
11692,Bratislava,Bratislava,,850000.0
11694,Pezinok,,,241000.0
11695,Bratislava,Bratislava,,759900.0
11697,Nitra,Nitra,,269000.0
11709,Pezinok,,Pezinok,299900.0
11711,Poprad,,Poprad,375000.0
11714,Košice,Košice,,139990.0
11715,Spišská Nová Ves,,,116000.0
11716,Bratislava,Bratislava,,599000.0
11718,Bratislava,Bratislava,,299000.0
11719,Bratislava,Bratislava,,319000.0
11723,Martin,,,140000.0
11727,Liptovský Mikuláš,,,199000.0
11740,Galanta,,Galanta,188000.0
11743,Banská Bystrica,,,140000.0
11745,Bratislava,Bratislava,,346000.0
11748,Humenné,,Humenné,93000.0
11749,Kežmarok,,,279900.0
11775,Košice,Košice,,189990.0
11777,Banská Bystrica,Banská Bystrica,,188000.0
11779,Rožňava,,Rožňava,94990.0
11780,Rožňava,,Rožňava,78990.0
11781,Partizánske,,Partizánske,78000.0
11783,Piešťany,,Piešťany,113590.0
11790,Hlohovec,,,58000.0
11796,Malacky,,Malacky,169990.0
11809,Bratislava,Bratislava,,494999.0
11811,Pezinok,,,178000.0
11815,Bratislava,Bratislava,,470000.0
11818,Trnava,Trnava,,259900.0
11822,Kežmarok,,,129000.0
11828,Bratislava,Bratislava,,1090000.0
11832,Humenné,,Humenné,115000.0
11835,Bratislava,Bratislava,,316000.0
11843,Galanta,,Galanta,212500.0
11844,Martin,,Martin,185000.0
11846,Bratislava,Bratislava,,669000.0
11852,Poprad,,Vysoké Tatry,223688.0
11856,Bratislava,Bratislava,,209990.0
11871,Poprad,,Poprad,303829.0
11874,Dubnica nad Váhom,,Trenčianske Teplice,399000.0
11875,Dubnica nad Váhom,,Trenčianske Teplice,320000.0
11876,Poprad,,Poprad,174955.0
11877,Poprad,,Poprad,183830.0
11878,Poprad,,Poprad,261606.0
11879,Poprad,,Poprad,319396.0
11884,Bratislava,Bratislava,,169000.0
11885,Zvolen,,Sliač,189000.0
11887,Prešov,Prešov,,173900.0
11891,Piešťany,,,84900.0
11893,Galanta,,Galanta,141000.0
11894,Bratislava,Bratislava,,910000.0
11904,Dunajská Streda,,,115800.0
11906,Šaľa,,Šaľa,116000.0
11907,Bratislava,Bratislava,,669000.0
11912,Banská Bystrica,Banská Bystrica,,190000.0
11922,Bratislava,Bratislava,,880000.0
11923,Prešov,,,219000.0
11929,Bratislava,,Šamorín,145000.0
11931,Senica,,Senica,117000.0
11975,Košice,Košice,,245300.0
11977,Bratislava,Bratislava,,349000.0
11978,Martin,,Martin,134000.0
11984,Bratislava,Bratislava,,220000.0
11986,Košice,Košice,,225072.0
11987,Košice,Košice,,447147.0
11994,Bratislava,Bratislava,,219999.0
11996,Malacky,,Malacky,164900.0
11998,Bratislava,Bratislava,,589000.0
12004,Bratislava,Bratislava,,230000.0
12008,Spišská Nová Ves,,Spišská Nová Ves,99000.0
12009,Liptovský Mikuláš,,Liptovský Mikuláš,147000.0
12010,Žilina,Žilina,,190000.0
12013,Levice,,Levice,83000.0
12015,Dunajská Streda,,Dunajská Streda,155000.0
12021,Brezno,,Brezno,98000.0
12022,Košice,Košice,,250000.0
12023,Kežmarok,,,142500.0
12086,Šaľa,,Šaľa,122900.0
12091,Zvolen,,Zvolen,194900.0
12092,Nové Mesto nad Váhom,,Nové Mesto nad Váhom,173000.0
12099,Martin,,,164500.0
12125,Pezinok,,Pezinok,179000.0
12129,Trnava,Trnava,,380000.0
12136,Nové Zámky,,Nové Zámky,100000.0
12143,Martin,,Martin,133000.0
12146,Prievidza,,Prievidza,93000.0
12149,Bratislava,Bratislava,,189999.0
12151,Dunajská Streda,,,129000.0
12161,Brezno,,,301500.0
12162,Brezno,,,254300.0
12168,Brezno,,,201000.0
12174,Bratislava,Bratislava,,1800000.0
12175,Bratislava,Bratislava,,1089000.0
12176,Bratislava,Bratislava,,649000.0
12181,Bratislava,Bratislava,,264900.0
12189,Senec,,,276486.0
12203,Levice,,,60000.0
12205,Bratislava,Bratislava,,650000.0
12207,Zvolen,,Zvolen,63900.0
12215,Košice,Košice,,191980.0
12220,Nitra,Nitra,,146000.0
12222,Galanta,,,135000.0
12225,Martin,,Martin,153000.0
12227,Trebišov,,Trebišov,77900.0
12229,Trebišov,,Trebišov,97900.0
12230,Bratislava,Bratislava,,455000.0
12231,Piešťany,,Piešťany,125000.0
12235,Zlaté Moravce,,Zlaté Moravce,139000.0
12245,Detva,,Detva,120000.0
12246,Liptovský Mikuláš,,,140000.0
12247,Bratislava,Bratislava,,285000.0
12251,Bratislava,Bratislava,,305000.0
12332,Lučenec,,Lučenec,85000.0
12335,Bratislava,Bratislava,,414900.0
12338,Žilina,Žilina,,179500.0
12339,Považská Bystrica,,Považská Bystrica,114000.0
12343,Bratislava,Bratislava,,498000.0
12360,Banská Štiavnica,,Banská Štiavnica,63000.0
12361,Dubnica nad Váhom,,Trenčianske Teplice,149900.0
12364,Poprad,,,359410.0
12365,Trnava,Trnava,,296000.0
12366,Bratislava,Bratislava,,219140.0
12367,Bratislava,Bratislava,,540000.0
12372,Senec,,,184999.0
12380,Bratislava,Bratislava,,330000.0
12382,Nitra,Nitra,,156000.0
12385,Bratislava,Bratislava,,678000.0
12386,Bratislava,Bratislava,,636000.0
12387,Bratislava,Bratislava,,315000.0
12392,Košice,Košice,,208990.0
12393,Nitra,Nitra,,174990.0
12394,Spišská Nová Ves,,Spišská Nová Ves,132500.0
12396,Pezinok,,,136999.0
12405,Bratislava,Bratislava,,235000.0
12410,Bratislava,Bratislava,,229000.0
12414,Bratislava,Bratislava,,360000.0
12415,Bratislava,Bratislava,,279000.0
12464,Bratislava,Bratislava,,230000.0
12469,Ružomberok,,Ružomberok,144500.0
12470,Košice,Košice,,299900.0
12476,Hlohovec,,,110000.0
12480,Nitra,Nitra,,166400.0
12481,Bratislava,Bratislava,,299000.0
12484,Košice,Košice,,319900.0
12485,Bratislava,Bratislava,,595000.0
12486,Galanta,,Sereď,236980.0
12488,Skalica,,Skalica,139000.0
12491,Galanta,,Sereď,159000.0
12492,Bratislava,Bratislava,,449000.0
12502,Bratislava,Bratislava,,689000.0
12504,Bratislava,Bratislava,,349000.0
12507,Galanta,,,127000.0
12510,Piešťany,,Piešťany,173600.0
12511,Bratislava,Bratislava,,214999.0
12512,Spišská Nová Ves,,Spišská Nová Ves,158000.0
12520,Košice,Košice,,390000.0
12525,Piešťany,,Piešťany,113590.0
12529,Žilina,Žilina,,315000.0
12542,Bratislava,Bratislava,,215000.0
12543,Bratislava,Bratislava,,298000.0
12552,Malacky,,Malacky,160000.0
12554,Poprad,,Vysoké Tatry,318000.0
12555,Bytča,,Veľká Bytča,139900.0
12556,Bratislava,Bratislava,,225000.0
12593,Trnava,Trnava,,218000.0
12597,Senec,,,225900.0
12599,Lučenec,,Lučenec,61900.0
12609,Žarnovica,,Nová Baňa,160000.0
12611,Dunajská Streda,,,205000.0
12614,Košice,Košice,,125000.0
12615,Bratislava,Bratislava,,850000.0
12625,Dunajská Streda,,,135000.0
12630,Piešťany,,Piešťany,185000.0
12631,Bratislava,Bratislava,,540000.0
12633,Liptovský Mikuláš,,Liptovský Mikuláš,344572.0
12634,Bratislava,Bratislava,,230000.0
12639,Banská Štiavnica,,Banská Štiavnica,198000.0
12641,Galanta,,Sereď,159000.0
12644,Lučenec,,Lučenec,85000.0
12647,Prievidza,,Prievidza,95000.0
12649,Trenčín,Trenčín,,181900.0
12658,Bratislava,Bratislava,,330000.0
12660,Bratislava,Bratislava,,796500.0
12662,Michalovce,,Michalovce,189000.0
12667,Skalica,,,83180.0
12674,Trenčín,Trenčín,,138722.0
12676,Senec,,,174102.0
12677,Senec,,,229821.0
12678,Senec,,,199900.0
12679,Senec,,,240049.0
12680,Senec,,,206900.0
12683,Nitra,Nitra,,143000.0
12685,Bratislava,Bratislava,,569990.0
12688,Poprad,,,265000.0
12689,Bratislava,Bratislava,,198500.0
12690,Trnava,Trnava,,189900.0
12691,Bratislava,Bratislava,,329900.0
12692,Piešťany,,Piešťany,133990.0
12693,Bratislava,Bratislava,,385000.0
12695,Bratislava,Bratislava,,295000.0
12699,Bratislava,Bratislava,,190000.0
12709,Bratislava,Bratislava,,295000.0
12714,Košice,Košice,,188999.0
12716,Bratislava,Bratislava,,310000.0
12718,Bratislava,Bratislava,,330000.0
12720,Bratislava,Bratislava,,279168.0
12725,Nové Zámky,,Nové Zámky,113000.0
12726,Piešťany,,Piešťany,117000.0
12728,Bratislava,Bratislava,,357800.0
12729,Bratislava,Bratislava,,383990.0
12730,Bratislava,Bratislava,,381990.0
12734,Bratislava,,Stupava,183195.0
12739,Martin,,Martin,263600.0
12740,Trenčín,Trenčín,,199000.0
12741,Bratislava,Bratislava,,685000.0
12742,Bratislava,Bratislava,,427000.0
12745,Myjava,,Stará Turá,156000.0
12756,Bratislava,Bratislava,,850000.0
12838,Bratislava,Bratislava,,229000.0
12839,Trnava,,,179000.0
12844,Košice,Košice,,219990.0
12847,Prievidza,,Prievidza,109900.0
12849,Pezinok,,Pezinok,185000.0
12850,Bratislava,Bratislava,,890000.0
12853,Košice,Košice,,185400.0
12863,Bratislava,Bratislava,,589000.0
12865,Bratislava,Bratislava,,233999.0
12867,Bratislava,Bratislava,,479999.0
12870,Bratislava,Bratislava,,245000.0
12871,Bratislava,Bratislava,,259999.0
12874,Bratislava,Bratislava,,299999.0
12875,Bratislava,Bratislava,,369999.0
12876,Bratislava,Bratislava,,329990.0
12882,Pezinok,,Pezinok,199300.0
12889,Trenčín,Trenčín,,169990.0
12891,Bratislava,Bratislava,,859999.0
12893,Sobrance,,Sobrance,127900.0
12894,Bratislava,Bratislava,,185000.0
12898,Bratislava,Bratislava,,523674.0
12927,Martin,,Martin,133000.0
12937,Bratislava,Bratislava,,549999.0
12944,Košice,Košice,,244998.0
12947,Poprad,,,142000.0
12952,Ružomberok,,,33223.0
12953,Nové Zámky,,Nové Zámky,109700.0
12955,Bratislava,Bratislava,,190000.0
12961,Bratislava,Bratislava,,259999.0
12962,Poprad,,Svit,159100.0
12964,Bratislava,Bratislava,,239900.0
12965,Bratislava,Bratislava,,289999.0
12975,Humenné,,Humenné,83000.0
12976,Bratislava,Bratislava,,532000.0
13008,Nitra,,,139400.0
13010,Košice,Košice,,175000.0
13015,Bratislava,Bratislava,,229000.0
13017,Bratislava,Bratislava,,239900.0
13021,Bratislava,Bratislava,,579000.0
13023,Bratislava,Bratislava,,245000.0
13030,Komárno,,Komárno,255000.0
13031,Bratislava,Bratislava,,456076.0
13038,Komárno,,Komárno,239000.0
13040,Bratislava,Bratislava,,330000.0
13045,Kežmarok,,,192000.0
13048,Bratislava,Bratislava,,587552.0
13055,Čadca,,Čadca,198990.0
13057,Prievidza,,Bojnice,330000.0
13059,Banská Bystrica,Banská Bystrica,,128000.0
13060,Bratislava,Bratislava,,492879.0
13062,Zvolen,,Zvolen,144900.0
13063,Bratislava,Bratislava,,361701.0
13070,Bratislava,Bratislava,,276962.0
13074,Košice,Košice,,195000.0
13078,Bratislava,Bratislava,,637000.0
13080,"Hraničná, Ružinov - Nivy, Bratislavský kraj",Bratislava,,329990.0
13103,Piešťany,,Piešťany,205000.0
13105,Trenčín,Trenčín,,150000.0
13108,Trnava,,,177900.0
13153,Liptovský Mikuláš,,Liptovský Mikuláš,165000.0
13159,Čadca,,,87000.0
13160,Brezno,,Brezno,85000.0
13161,Dunajská Streda,,,145000.0
13162,Levice,,,40500.0
13166,Bratislava,Bratislava,,184000.0
13167,Komárno,,Komárno,138500.0
13168,Senica,,,249000.0
13170,Banská Bystrica,Banská Bystrica,,179900.0
13171,Dunajská Streda,,Dunajská Streda,159900.0
13172,Bratislava,Bratislava,,284900.0
13173,Dunajská Streda,,Dunajská Streda,100600.0
13175,Dunajská Streda,,Dunajská Streda,133000.0
13177,Banská Bystrica,Banská Bystrica,,137990.0
13178,Žarnovica,,Žarnovica,100000.0
13179,Levice,,Šahy,77000.0
13185,Čadca,,Čadca,348990.0
13195,Nitra,Nitra,,349990.0
13200,Liptovský Mikuláš,,Liptovský Mikuláš,426900.0
13206,Nitra,Nitra,,165000.0
13208,Bratislava,Bratislava,,286900.0
13210,Levice,,Šahy,84890.0
13211,Michalovce,,Michalovce,104900.0
13218,Bratislava,Bratislava,,298000.0
13221,Dubnica nad Váhom,,,139000.0
13223,Bratislava,Bratislava,,249000.0
13232,Bratislava,Bratislava,,225000.0
13233,Banská Bystrica,Banská Bystrica,,159980.0
13238,Košice,Košice,,212980.0
13239,Košice,Košice,,188000.0
13242,Rimavská Sobota,,Hnúšťa,46800.0
13245,Liptovský Mikuláš,,,455000.0
13246,Bratislava,Bratislava,,650000.0
13251,Košice,Košice,,289000.0
13256,Trnava,Trnava,,299900.0
13258,Topoľčany,,Topoľčany,135000.0
13266,Senec,,Senec,189000.0
13271,Košice,Košice,,269000.0
13273,Púchov,,Púchov,115000.0
13278,Bratislava,Bratislava,,420000.0
13304,Piešťany,,,150000.0
13307,Banská Bystrica,,,72000.0
13310,Dunajská Streda,,,170821.0
13311,Komárno,,Komárno,170821.0
13313,Komárno,,Komárno,126711.0
13314,Bratislava,Bratislava,,599000.0
13317,Malacky,,,237000.0
13320,Bratislava,Bratislava,,275000.0
13321,Levice,,Levice,119000.0
13327,Zlaté Moravce,,Zlaté Moravce,70000.0
13331,Žilina,Žilina,,314900.0
13337,Skalica,,Skalica,137900.0
13339,Nové Mesto nad Váhom,,,113000.0
13347,Košice,Košice,,299900.0
13350,Bratislava,Bratislava,,589000.0
13352,Dunajská Streda,,Veľký Meder,139900.0
13401,"Martinčekova, Ružinov - Trávniky, Bratislavský kraj",Bratislava,,276990.0
13457,Lučenec,,Lučenec,110000.0
13465,Bratislava,Bratislava,,750000.0
13466,Bratislava,Bratislava,,271900.0
13467,Bratislava,Bratislava,,363900.0
13472,Banská Bystrica,,,249000.0
13474,Bratislava,Bratislava,,424081.0
13475,Bratislava,Bratislava,,399837.0
13476,Bratislava,Bratislava,,426150.0
13478,Dubnica nad Váhom,,Trenčianske Teplice,128000.0
13484,Banská Bystrica,Banská Bystrica,,179990.0
13485,Košice,Košice,,314000.0
13493,Bratislava,Bratislava,,249000.0
13495,Žarnovica,,Nová Baňa,129000.0
13499,Považská Bystrica,,Považská Bystrica,105000.0
13500,Trnava,Trnava,,380000.0
13518,Poprad,,,198700.0
13521,Poprad,,,165000.0
13528,Liptovský Mikuláš,,Liptovský Mikuláš,139990.0
13536,Banská Bystrica,Banská Bystrica,,99990.0
13552,Bratislava,Bratislava,,275000.0
13555,Dunajská Streda,,Veľký Meder,139900.0
13557,Bratislava,Bratislava,,586900.0
13560,Bratislava,Bratislava,,555000.0
13567,Bratislava,Bratislava,,329990.0
13569,Trenčín,Trenčín,,186648.0
13572,Trenčín,Trenčín,,202776.0
13573,Trenčín,Trenčín,,175440.0
13575,Trenčín,Trenčín,,210800.0
13576,Trenčín,Trenčín,,284138.0
13577,Trenčín,Trenčín,,303926.0
13579,Bratislava,Bratislava,,200000.0
13587,Bratislava,Bratislava,,579000.0
13593,Nové Mesto nad Váhom,,Nové Mesto nad Váhom,133990.0
13594,Poprad,,Poprad,671181.0
13595,Poprad,,Poprad,381330.0
13596,Poprad,,Poprad,296366.0
13598,Bratislava,Bratislava,,330000.0
13601,Bratislava,Bratislava,,219900.0
13602,Považská Bystrica,,Považská Bystrica,173000.0
13604,Trebišov,,Čierna nad Tisou,27990.0
13605,Bánovce nad Bebravou,,Bánovce nad Bebravou,105000.0
13607,Bratislava,Bratislava,,245000.0
13611,"Platanová, Miloslavov - Miloslavov, Bratislavský kraj",,,150000.0
13671,Poprad,,Poprad,175000.0
13673,Bratislava,Bratislava,,419000.0
13677,Sobrance,,Sobrance,55000.0
13679,Bratislava,Bratislava,,289900.0
13683,Bratislava,Bratislava,,220000.0
13684,Nové Zámky,,Hurbanovo,58000.0
13693,Bratislava,Bratislava,,790000.0
13730,Bratislava,Bratislava,,274900.0
13732,Snina,,Snina,76000.0
13734,Ružomberok,,,120000.0
13739,Trnava,Trnava,,264000.0
13743,Bratislava,Bratislava,,390000.0
13749,Skalica,,Holíč,80000.0
13750,Dunajská Streda,,Gabčíkovo,139000.0
13757,Nitra,Nitra,,299000.0
13760,Martin,,Martin,122500.0
13767,Skalica,,Skalica,99900.0
13769,Bratislava,Bratislava,,1299000.0
13774,Trenčín,,,97000.0
13782,Košice,Košice,,81900.0
13784,Nové Zámky,,Nové Zámky,129990.0
13786,Michalovce,,Michalovce,107900.0
13788,Liptovský Mikuláš,,,89900.0
13797,Prešov,Prešov,,125000.0
13798,Bánovce nad Bebravou,Trenčín,,151000.0
13807,Poltár,,,33000.0
13813,Nové Zámky,,,185000.0
13814,Bratislava,Bratislava,,380000.0
13817,Bratislava,Bratislava,,394000.0
13822,Senica,,,94000.0
13825,Trebišov,,Trebišov,96900.0
13826,Detva,,Detva,123900.0
13830,Bratislava,Bratislava,,239000.0
13832,Bratislava,Bratislava,,259990.0
13839,Partizánske,,Partizánske,109000.0
13844,Bratislava,Bratislava,,224900.0
13846,Bratislava,Bratislava,,349000.0
13847,Trebišov,,Trebišov,77500.0
13848,Senica,,Senica,113000.0
13850,Bratislava,Bratislava,,330000.0
13858,Prievidza,,Prievidza,109000.0
13860,Banská Bystrica,Banská Bystrica,,165000.0
13871,Ružomberok,,,132000.0
13875,Bratislava,Bratislava,,510000.0
13880,Brezno,,,122000.0
13901,Bratislava,Bratislava,,180000.0
13904,Pezinok,,Modra,259000.0
13906,Zlaté Moravce,,Zlaté Moravce,111500.0
13918,Pezinok,,Pezinok,199880.0
13923,Bratislava,Bratislava,,214900.0
13937,Dunajská Streda,,Dunajská Streda,123000.0
13938,Bratislava,Bratislava,,289900.0
13940,Komárno,,Komárno,106000.0
13942,Nové Zámky,,,54900.0
13944,Snina,,Snina,68000.0
13988,Nitra,Nitra,,175989.0
13989,Bratislava,Bratislava,,220000.0
13990,Bratislava,Bratislava,,319000.0
13995,Liptovský Mikuláš,,Liptovský Mikuláš,155883.0
13997,Liptovský Mikuláš,,Liptovský Mikuláš,251676.0
14000,Liptovský Mikuláš,,Liptovský Mikuláš,182252.0
14040,Senec,,,189999.0
14043,Nitra,Nitra,,199999.0
14046,Bratislava,Bratislava,,319990.0
14055,Lučenec,,Lučenec,68000.0
14058,Galanta,,Sereď,99000.0
14060,Rožňava,,Rožňava,94000.0
14061,Bratislava,Bratislava,,365000.0
14063,Martin,,Martin,145000.0
14065,Brezno,,,250000.0
14070,Bratislava,Bratislava,,289990.0
14071,Trenčín,Trenčín,,275000.0
14073,Košice,,,225000.0
14075,Košice,Košice,,265000.0
14081,Nové Zámky,,Hurbanovo,98000.0
14084,Malacky,,,235000.0
14090,Bratislava,Bratislava,,330000.0
14105,Pezinok,,,259000.0
14111,Dunajská Streda,,Dunajská Streda,159900.0
14112,Dunajská Streda,,Dunajská Streda,104700.0
14113,Trenčín,Trenčín,,169990.0
14144,Bratislava,Bratislava,,236500.0
14147,Žarnovica,,Nová Baňa,119900.0
14179,Bratislava,Bratislava,,649000.0
14184,Senica,,,69000.0
14191,Trenčín,Trenčín,,379000.0
14193,Bratislava,Bratislava,,383391.0
14194,Bratislava,Bratislava,,272445.0
14195,Bratislava,Bratislava,,319923.0
14200,Senec,,Senec,160000.0
14248,Bratislava,Bratislava,,240000.0
14259,Bratislava,Bratislava,,244900.0
14260,Martin,,Martin,91000.0
14263,Bardejov,,Bardejov,133000.0
14265,Nové Zámky,,,115000.0
14277,Bratislava,,Šamorín,178000.0
14301,Senec,,Senec,180000.0
14305,Bratislava,Bratislava,,420000.0
14306,Piešťany,,Piešťany,137900.0
14307,Bratislava,Bratislava,,509000.0
14308,Dunajská Streda,,Veľký Meder,139900.0
14315,Bratislava,Bratislava,,325000.0
14317,Bratislava,Bratislava,,225000.0
14320,Bratislava,Bratislava,,238990.0
14321,Košice,Košice,,265000.0
14325,Bratislava,Bratislava,,189900.0
14326,Bratislava,Bratislava,,410559.0
14330,Bratislava,Bratislava,,770000.0
14332,Prievidza,,Prievidza,153000.0
14334,Prešov,Prešov,,192500.0
14336,Malacky,,,129900.0
14338,Bratislava,,,199900.0
14340,Bratislava,Bratislava,,399192.0
14342,Bratislava,Bratislava,,222900.0
14350,Prievidza,,Handlová,67000.0
14352,Bratislava,Bratislava,,294000.0
14353,Bratislava,Bratislava,,304990.0
14354,Košice,,,319000.0
14355,Dunajská Streda,,Dunajská Streda,200990.0
14356,Nitra,Nitra,,199999.0
14362,Košice,Košice,,375640.0
14363,Bratislava,Bratislava,,329400.0
14366,Pezinok,,Pezinok,199880.0
14369,Bratislava,Bratislava,,315000.0
14371,Trnava,,,135000.0
14376,Bratislava,Bratislava,,559000.0
14380,Banská Bystrica,Banská Bystrica,,129000.0
14382,Bratislava,,Stupava,183195.0
14390,Liptovský Mikuláš,,Liptovský Mikuláš,199000.0
14393,Banská Bystrica,Banská Bystrica,,244999.0
14394,"Mierová, Galanta - Galanta, Trnavský kraj",,Galanta,123000.0
14505,Banská Bystrica,Banská Bystrica,,175090.0
14508,Bratislava,Bratislava,,251831.0
14514,Bratislava,,,229990.0
14518,Malacky,,,196000.0
14521,Dunajská Streda,,,139880.0
14528,Považská Bystrica,,Považská Bystrica,159000.0
14669,Košice,Košice,,270000.0
14670,Dunajská Streda,,Gabčíkovo,129990.0
14675,Žiar nad Hronom,,,63900.0
14676,Trnava,Trnava,,159999.0
14691,Senec,,Senec,226900.0
14699,Michalovce,,,192280.0
14700,Košice,Košice,,161000.0
14764,Skalica,,Holíč,144500.0
14773,Prievidza,,Prievidza,109000.0
14775,Michalovce,,Michalovce,139900.0
14778,Sobrance,,Sobrance,127700.0
14788,Hlohovec,,Hlohovec,159000.0
14794,Michalovce,,Michalovce,145000.0
14797,Turčianske Teplice,,Turčianske Teplice,123700.0
14819,Bratislava,Bratislava,,499990.0
14820,Senica,,Senica,128000.0
14822,Bratislava,Bratislava,,489000.0
14824,Lučenec,,Lučenec,65000.0
14825,Bytča,,Veľká Bytča,229000.0
14830,Kežmarok,,Kežmarok,90000.0
14838,Poprad,,Svit,140000.0
14841,Lučenec,,Lučenec,79000.0
14842,Bánovce nad Bebravou,,,149900.0
14852,Senec,,,240000.0
14856,Liptovský Mikuláš,,Liptovský Mikuláš,270000.0
14858,Košice,Košice,,204980.0
14863,Brezno,,,183000.0
14865,Turčianske Teplice,,Turčianske Teplice,150000.0
14877,Senec,,,285300.0
14883,Bratislava,Bratislava,,390000.0
14885,Bratislava,Bratislava,,755390.0
14889,Senec,,,194700.0
14892,Bratislava,Bratislava,,649000.0
14895,Pezinok,,,145000.0
14898,Banská Bystrica,Banská Bystrica,,158000.0
14900,Bratislava,Bratislava,,250000.0
14901,Bratislava,Bratislava,,795000.0
14905,Levice,,Levice,95000.0
14913,Galanta,,Sereď,137000.0
14924,Bratislava,Bratislava,,323878.0
14934,Košice,Košice,,145990.0
14940,Dunajská Streda,,,139900.0
14947,Bratislava,Bratislava,,378000.0
14952,Rimavská Sobota,,Rimavská Sobota,155000.0
14960,Nové Mesto nad Váhom,,,159000.0
14967,Nové Mesto nad Váhom,,Nové Mesto nad Váhom,219900.0
14973,Košice,Košice,,219000.0
14989,Stropkov,,Stropkov,79000.0
14999,Nitra,Nitra,,279000.0
15080,Bratislava,Bratislava,,214990.0
15087,Nitra,Nitra,,161000.0
15092,Komárno,,Komárno,78000.0
15105,Bratislava,Bratislava,,225000.0
15112,Levice,,Šahy,123000.0
15129,Trenčín,Trenčín,,199999.0
15138,Banská Bystrica,Banská Bystrica,,215000.0
15143,Trenčín,Trenčín,,142000.0
15146,Dunajská Streda,,Veľký Meder,139900.0
15149,Zvolen,,Zvolen,189900.0
15153,Bratislava,Bratislava,,235000.0
15164,Piešťany,,Piešťany,166000.0
15170,Čadca,,Turzovka,165000.0
15172,Bratislava,Bratislava,,145000.0
15185,Banská Štiavnica,,Banská Štiavnica,134999.0
15188,Senec,,,207000.0
15189,Senec,,,168300.0
15190,Senec,,,148567.0
15240,"Centrum II., Dubnica nad Váhom - Dubnica nad Váhom, Trenčiansky kraj",,Dubnica nad Váhom,138000.0
15267,Michalovce,,Pezinok,145000.0
15302,Košice,Košice,,234990.0
15309,Piešťany,,Piešťany,118000.0
15318,Košice,Košice,,145990.0
15319,Banská Bystrica,Radvaň,,107000.0
15325,Turčianske Teplice,,Turčianske Teplice,194900.0
15334,Partizánske,,Partizánske,70000.0
15357,Dunajská Streda,,Veľký Meder,142000.0
15369,Bardejov,,Bardejov,219000.0
15382,Ružomberok,,Ružomberok,214990.0
15404,Žilina,Žilina,,175000.0
15408,Senec,,,217500.0
15417,Sobrance,,Sobrance,140550.0
15419,Sobrance,,Sobrance,75600.0
15420,Sobrance,,Sobrance,180925.0
15427,Žilina,Žilina,,158000.0
15440,Nitra,Nitra,,193000.0
15441,Malacky,,Malacky,134900.0
15442,Banská Bystrica,Banská Bystrica,,81750.0
15443,Svidník,,,64900.0
15444,Stropkov,,Stropkov,85600.0
15495,Žilina,Žilina,,310000.0
15496,Košice,Košice,,190000.0
15524,Ilava,,Dubnica nad Váhom,124990.0
15531,Ilava,,Dubnica nad Váhom,117990.0
15571,Michalovce,,Michalovce,138000.0
15583,Lučenec,,,33000.0
15584,Zvolen,,Zvolen,159000.0
15592,Sobrance,,Sobrance,112575.0
15602,Košice,,Moldava nad Bodvou,125500.0
15612,Košice,Košice,,285000.0
15632,Prievidza,,Prievidza,125000.0
15667,Brezno,,,51000.0
15668,Žarnovica,,Nová Baňa,136000.0
15681,Košice,Košice,,290000.0
15686,Bratislava,Bratislava,,305000.0
15701,Pezinok,,Pezinok,163000.0
15722,Bratislava,Bratislava,,295000.0
15737,Humenné,,Humenné,118000.0
15749,Ilava,,,100762.0
15754,Košice,Košice,,170000.0
15803,Senec,,,298999.0
15818,Galanta,,Galanta,167500.0
15826,Bratislava,Bratislava,,382084.0
15827,Tvrdošín,,,155000.0
15829,Dubnica nad Váhom,,Dubnica nad Váhom,149800.0
15903,Galanta,,Galanta,143000.0
15913,Bratislava,Bratislava,,444900.0
15921,Piešťany,,,149900.0
15923,Banská Štiavnica,,Banská Štiavnica,107000.0
15928,Prešov,Prešov,,154990.0
15934,Košice,Košice,,309990.0
15942,Trenčín,Trenčín,,219990.0
15945,Žilina,,Rajecké Teplice,379000.0
15946,Žilina,,Rajecké Teplice,161399.0
15950,Sobrance,,Veľké Kapušany,51500.0
16001,Bratislava,Bratislava,,249000.0
16005,Bratislava,Bratislava,,570720.0
16006,Bratislava,Bratislava,,337020.0
16007,Bratislava,Bratislava,,242310.0
16009,Žarnovica,,Nová Baňa,152990.0
16010,Bratislava,Bratislava,,329000.0
16011,Senec,,Senec,120000.0
16013,Bratislava,Bratislava,,168000.0
16014,Poprad,,,337800.0
16060,Bratislava,Bratislava,,249900.0
16061,Ružomberok,,Ružomberok,175000.0
16066,Banská Bystrica,Banská Bystrica,,165000.0
16067,Košice,Košice,,225000.0
16071,Košice,Košice,,170000.0
16075,Lučenec,,Lučenec,67990.0
16077,Dolný Kubín,,,204990.0
16081,Banská Bystrica,,,210000.0
16082,Piešťany,,,209000.0
16088,Komárno,,Komárno,89900.0
16092,Bratislava,Bratislava,,567267.0
16098,Zvolen,,,145000.0
16111,Vranov nad Topľou,,Vranov nad Topľou,105000.0
16116,Veľký Krtíš,,Veľký Krtíš,85000.0
16119,Bratislava,,Stupava,237000.0
16126,Lučenec,,Lučenec,61000.0
16128,Trenčín,Trenčín,,114900.0
16130,Galanta,,Sereď,134000.0
16148,Michalovce,,Michalovce,121000.0
16151,Trnava,Trnava,,169500.0
16157,Poprad,,,465000.0
16161,Galanta,,Galanta,139900.0
16169,Galanta,,Sereď,163300.0
16172,Humenné,,Humenné,99990.0
16174,Senec,,Senec,204000.0
16177,Spišská Nová Ves,,Spišská Nová Ves,115000.0
16180,Trnava,Trnava,,175000.0
16182,Galanta,,Galanta,143000.0
16184,Bratislava,Bratislava,,469900.0
16185,Bratislava,Bratislava,,249990.0
16186,Bratislava,Bratislava,,444900.0
16187,Dunajská Streda,,Veľký Meder,139900.0
16188,Bratislava,Bratislava,,279500.0
16193,Bratislava,Bratislava,,364000.0
16196,Bratislava,Bratislava,,225000.0
16197,Dunajská Streda,,Dunajská Streda,159900.0
16199,Bratislava,Bratislava,,249900.0
16204,Bratislava,Bratislava,,255000.0
16205,Košice,Košice,,249990.0
16206,Bratislava,Bratislava,,218000.0
16208,Košice,Košice,,229900.0
16210,Bratislava,Bratislava,,269000.0
16211,Bratislava,Bratislava,,359900.0
16212,Bratislava,Bratislava,,319990.0
16213,Bratislava,Bratislava,,179000.0
16215,Bratislava,Bratislava,,899000.0
16217,Gelnica,,Spišské Vlachy,99000.0
16224,Poprad,,Svit,140000.0
16255,Pezinok,,Pezinok,159000.0
16256,Trenčín,Trenčín,,139800.0
16266,Snina,,Snina,69900.0
16269,Trnava,Trnava,,299900.0
16270,Bratislava,Bratislava,,560000.0
16276,Senec,,,139880.0
16277,Bratislava,Bratislava,,329990.0
16282,Bratislava,Bratislava,,297000.0
16283,Bratislava,Bratislava,,244900.0
16286,Bratislava,Bratislava,,1200000.0
16287,Bratislava,Bratislava,,285500.0
16298,Michalovce,,Michalovce,122500.0
16299,Dubnica nad Váhom,,,97000.0
16301,Žilina,Žilina,,167500.0
16305,Hlohovec,,Hlohovec,87000.0
16312,Bratislava,Bratislava,,329990.0
16314,Banská Bystrica,,,120000.0
16315,Humenné,,,117000.0
16318,Banská Bystrica,Banská Bystrica,,128000.0
16321,Banská Bystrica,Banská Bystrica,,126500.0
16327,Spišská Nová Ves,,Spišská Nová Ves,119000.0
16330,Bratislava,Bratislava,,254900.0
16331,Bratislava,,,185000.0
16339,Trnava,,,175000.0
16404,Galanta,,,135000.0
16405,Zlaté Moravce,,Zlaté Moravce,100000.0
16408,Ružomberok,,Ružomberok,139990.0
16409,Ružomberok,,Ružomberok,229990.0
16410,Šaľa,,,65700.0
16412,Prievidza,,Handlová,57400.0
16413,Pezinok,,Pezinok,168000.0
16416,Ružomberok,,Ružomberok,294990.0
16419,Senica,,,74900.0
16424,Komárno,,Komárno,138500.0
16486,Žilina,Žilina,,154900.0
16492,Bratislava,Bratislava,,229000.0
16495,Nitra,Nitra,,145000.0
16496,Košice,Košice,,177000.0
16499,Prešov,Prešov,,185000.0
16541,Bratislava,Bratislava,,280990.0
16543,Nové Zámky,,Nové Zámky,99900.0
16551,Trenčín,Trenčín,,139990.0
16553,Bratislava,Bratislava,,409000.0
16554,Banská Bystrica,Banská Bystrica,,219000.0
16559,Bratislava,Bratislava,,419000.0
16578,Bratislava,Bratislava,,319999.0
16584,Martin,,Martin,128000.0
16585,Piešťany,,Piešťany,220000.0
16589,Bratislava,Bratislava,,232000.0
16596,Sabinov,,Lipany,190000.0
16599,Bratislava,Bratislava,,199900.0
16600,Zvolen,,Zvolen,128000.0
16601,Bratislava,Bratislava,,434000.0
16605,Bratislava,Bratislava,,519000.0
16606,Trenčín,Trenčín,,550000.0
16607,Trenčín,Trenčín,,435000.0
16612,Nitra,Nitra,,206900.0
16615,Prešov,Prešov,,169490.0
16618,Bratislava,,Stupava,179900.0
16620,Bratislava,Bratislava,,435000.0
16622,Liptovský Mikuláš,,Liptovský Mikuláš,122500.0
16623,Levice,,Levice,122000.0
16624,Trebišov,,Čierna nad Tisou,43000.0
16625,Komárno,,Komárno,136000.0
16638,Banská Bystrica,,,141000.0
16642,Košice,Košice,,196000.0
16646,Bratislava,Bratislava,,193000.0
16649,Poprad,,Poprad,219990.0
16650,Dunajská Streda,,Dunajská Streda,134000.0
16660,Lučenec,,Lučenec,75500.0
16661,Komárno,,Komárno,110000.0
16668,Liptovský Mikuláš,,Liptovský Mikuláš,159990.0
16672,Bratislava,Bratislava,,379000.0
16673,Bratislava,,Stupava,261843.0
16677,Púchov,,,117999.0
16776,Trnava,Trnava,,155000.0
16779,Prievidza,,Prievidza,114900.0
16786,Piešťany,,Vrbové,136000.0
16790,Nové Zámky,,Nové Zámky,122500.0
16793,Ružomberok,,Ružomberok,284990.0
16801,Bratislava,Bratislava,,164990.0
16807,Bratislava,Bratislava,,289900.0
16814,Pezinok,,,125000.0
16816,Humenné,,Humenné,114900.0
16817,Bánovce nad Bebravou,,,84900.0
16818,Bánovce nad Bebravou,,,88900.0
16821,Vranov nad Topľou,,Vranov nad Topľou,73000.0
16824,Martin,,Martin,183000.0
16827,Liptovský Mikuláš,,Liptovský Mikuláš,92600.0
16829,Detva,,Detva,134690.0
16839,Trenčín,Trenčín,,179990.0
16933,Levice,,Levice,88000.0
16937,Košice,Košice,,369000.0
16938,Košice,Košice,,174000.0
16939,Šaľa,,Šaľa,119000.0
16940,Trnava,Trnava,,495000.0
16945,Kežmarok,,Spišská Belá,143000.0
16984,Revúca,,Revúca,98600.0
16986,Košice,Košice,,208990.0
16991,Bratislava,Bratislava,,284990.0
16994,Žilina,Žilina,,179990.0
16998,"Špačinská cesta, Trnava - Trnava, Trnavský kraj",Trnava,,196000.0
17024,Trnava,Trnava,,156000.0
17028,Martin,,Martin,110000.0
17033,Kežmarok,,,169000.0
17035,Piešťany,,Vrbové,115000.0
17036,Nové Zámky,,Nové Zámky,122500.0
17037,Bratislava,Bratislava,,414000.0
17052,Žilina,Žilina,,299000.0
17057,Bratislava,Bratislava,,409000.0
17062,Malacky,,Stupava,219990.0
17066,Skalica,,Holíč,150000.0
17069,Senec,,,124900.0
17071,Malacky,,Stupava,196990.0
17077,Michalovce,,Michalovce,112000.0
17080,Ružomberok,,Ružomberok,299990.0
17082,Nové Zámky,,Nové Zámky,158000.0
17084,Košice,Košice,,305900.0
17085,Žilina,Žilina,,169000.0
17101,Bratislava,Bratislava,,369900.0
17106,Nitra,Nitra,,222848.0
17108,Žiar nad Hronom,,,128750.0
17123,Považská Bystrica,,Považská Bystrica,194900.0
17126,Trnava,Trnava,,189900.0
17128,Trnava,Trnava,,234900.0
17129,Bratislava,Bratislava,,315000.0
17130,Bratislava,,Stupava,223990.0
17131,Bratislava,,Stupava,196990.0
17133,Trenčín,Trenčín,,375000.0
17137,Rimavská Sobota,,Rimavská Sobota,67500.0
17144,Galanta,,Galanta,246000.0
17147,Bratislava,Bratislava,,205990.0
17151,Bratislava,Bratislava,,354900.0
17152,Poprad,,Poprad,155900.0
17155,Komárno,,Komárno,84900.0
17156,Poltár,,,26990.0
17160,Bratislava,Bratislava,,550000.0
17163,Bratislava,Bratislava,,889000.0
17167,Bratislava,Bratislava,,240000.0
17168,Bratislava,Bratislava,,183000.0
17214,Bratislava,Bratislava,,199900.0
17215,Bratislava,Bratislava,,329900.0
17217,Bratislava,Bratislava,,244900.0
17231,Spišská Nová Ves,,Spišská Nová Ves,115000.0
17239,Žilina,Žilina,,189500.0
17243,Zvolen,,Zvolen,135000.0
17245,Vranov nad Topľou,,Vranov nad Topľou,89990.0
17251,Bratislava,Bratislava,,260000.0
17259,Bratislava,Bratislava,,236900.0
17260,Brezno,,,169000.0
17262,Trenčín,Trenčín,,117000.0
17267,Bratislava,Bratislava,,229000.0
17279,Bratislava,Bratislava,,328000.0
17286,Bratislava,,,321900.0
17287,Spišská Nová Ves,,Spišská Nová Ves,140000.0
17301,Galanta,,Galanta,125000.0
17305,Bratislava,Bratislava,,229900.0
17310,Banská Bystrica,,,158540.0
17312,Košice,Košice,,395500.0
17411,Bratislava,Bratislava,,157990.0
17416,"Vlárska, Nové Mesto - Vinohrady, Bratislavský kraj",Bratislava,,294000.0
17418,Rožňava,,Rožňava,99999.0
17421,Bratislava,Bratislava,,269000.0
17432,Sabinov,,Lipany,109900.0
17440,Košice,Košice,,177000.0
17442,Michalovce,,Michalovce,144000.0
17455,Bratislava,Bratislava,,489000.0
17461,Bratislava,Bratislava,,354000.0
17464,Bratislava,Bratislava,,215000.0
17468,Galanta,,Sereď,174000.0
17476,Nové Mesto nad Váhom,,Nové Mesto nad Váhom,94900.0
17480,Košice,Košice,,215000.0
17482,Nové Mesto nad Váhom,,Nové Mesto nad Váhom,135000.0
17485,Prievidza,,Prievidza,144999.0
17491,Bratislava,Bratislava,,560000.0
17492,Skalica,,Holíč,149900.0
17495,Trnava,Trnava,,193000.0
17560,Bratislava,Bratislava,,209200.0
17585,Trnava,Trnava,,235000.0
17587,Senica,,,199000.0
17588,Bratislava,Bratislava,,329000.0
17592,Bratislava,Bratislava,,250000.0
17593,Zvolen,,Zvolen,240000.0
17594,Bánovce nad Bebravou,,Bánovce nad Bebravou,97000.0
17601,Piešťany,,Piešťany,177800.0
17602,Trnava,Trnava,,225000.0
17613,Galanta,,,169000.0
17615,Bratislava,Bratislava,,249900.0
17618,Bratislava,Bratislava,,284900.0
17619,Malacky,,Stupava,179900.0
17631,Dunajská Streda,,,129000.0
17708,Nitra,Nitra,,155000.0
17712,Ružomberok,,,216451.0
17713,Žilina,Žilina,,200000.0
17715,Bratislava,Bratislava,,498000.0
17717,Vranov nad Topľou,,Vranov nad Topľou,112900.0
17720,Bratislava,Bratislava,,298000.0
17725,Michalovce,,,123000.0
17729,Bratislava,Bratislava,,235000.0
17734,Poprad,,Vysoké Tatry,179900.0
17738,Bratislava,Bratislava,,354000.0
17741,Rožňava,,Rožňava,117900.0
17745,Bratislava,Bratislava,,270000.0
17753,Košice,Košice,,349990.0
17758,Ružomberok,,Ružomberok,200000.0
17759,Bratislava,Bratislava,,799900.0
17765,Trebišov,,Trebišov,106995.0
17772,Bratislava,Bratislava,,229900.0
17774,Bratislava,Bratislava,,690000.0
17776,Bratislava,Bratislava,,319900.0
17778,Bratislava,Bratislava,,267900.0
17779,Liptovský Mikuláš,,,222180.0
17814,Lučenec,,Fiľakovo,63000.0
17816,Bratislava,Bratislava,,439000.0
17821,Komárno,,Komárno,95000.0
17825,Poprad,,Poprad,139000.0
17827,Zvolen,,,69900.0
17829,Námestovo,,,167000.0
17832,Ružomberok,,,285000.0
17833,Piešťany,,Piešťany,174990.0
17838,Bratislava,Bratislava,,690000.0
17841,Námestovo,,,139900.0
17848,Galanta,,Sereď,132000.0
17851,Martin,,Martin,149000.0
17853,Komárno,,Komárno,94000.0
17855,Prievidza,,Prievidza,69900.0
17857,Trnava,Trnava,,189900.0
17858,Galanta,,Sereď,119800.0
17865,Bratislava,Bratislava,,277900.0
17868,Martin,,Martin,130000.0
17869,Revúca,,Tornaľa,65000.0
17871,Bratislava,Bratislava,,690000.0
17967,Zvolen,,Zvolen,310000.0
17970,Košice,Košice,,119990.0
17973,Bratislava,Bratislava,,455000.0
17980,Prešov,,Veľký Šariš,151200.0
17984,Liptovský Mikuláš,,Liptovský Mikuláš,298900.0
17986,Piešťany,,Piešťany,99900.0
17987,Partizánske,,Partizánske,133000.0
17993,Košice,Košice,,207000.0
18038,Košice,Košice,,195000.0
18042,Nitra,Nitra,,175500.0
18047,Galanta,,,122000.0
18052,Nitra,,,157344.0
18053,Nitra,,,168200.0
18057,Košice,,,241000.0
18058,Skalica,,Gbely,149000.0
18121,Hlohovec,,Hlohovec,139000.0
18132,Kežmarok,,,129000.0
18138,Bratislava,Bratislava,,194000.0
18140,Banská Bystrica,Banská Bystrica,,170000.0
18141,Bratislava,Bratislava,,789000.0
18142,Partizánske,,Partizánske,133000.0
18143,Banská Bystrica,Banská Bystrica,,225000.0
18144,Dunajská Streda,,Veľký Meder,113000.0
18146,Komárno,,Komárno,132000.0
18147,Dunajská Streda,,,122000.0
18149,Trenčín,Trenčín,,170000.0
18150,Senec,,,117700.0
18152,Galanta,,,124900.0
18153,Banská Bystrica,Banská Bystrica,,498000.0
18155,Bratislava,Bratislava,,439000.0
18158,Námestovo,,,139900.0
18164,Myjava,,Stará Turá,103490.0
18168,Košice,Košice,,188700.0
18171,Rimavská Sobota,,Tornaľa,65000.0
18182,Bratislava,,Stupava,179900.0
18183,Košice,Košice,,275000.0
18186,Senica,,,169900.0
18192,Prešov,Prešov,,296703.0
18196,Bratislava,Bratislava,,549000.0
18199,Žilina,Žilina,,225000.0
18256,Bratislava,Bratislava,,219000.0
18260,Košice,Košice,,153900.0
18263,Bratislava,Bratislava,,239990.0
18265,Trnava,Trnava,,185000.0
18270,Trenčín,Trenčín,,153000.0
18271,Bratislava,Bratislava,,275000.0
18274,Partizánske,,,87000.0
18302,Bratislava,Bratislava,,354000.0
18303,Ružomberok,,Ružomberok,155000.0
18304,Ružomberok,,Ružomberok,134000.0
18318,Bratislava,Bratislava,,353990.0
18321,Bratislava,Bratislava,,163900.0
18331,Košice,Košice,,128990.0
18334,Piešťany,,Piešťany,149900.0
18335,Galanta,,Sereď,134000.0
18342,Bratislava,Bratislava,,270000.0
18348,Bratislava,,,215000.0
18365,Bratislava,Bratislava,,419000.0
18376,Bratislava,Bratislava,,599000.0
18378,Šaľa,,,38400.0
18379,Šaľa,,,61000.0
18382,Bratislava,Bratislava,,299000.0
18387,Komárno,,Komárno,142500.0
18388,Nitra,Nitra,,279000.0
18397,Banská Bystrica,Banská Bystrica,,128000.0
18398,Spišská Nová Ves,,Spišská Nová Ves,123000.0
18484,Ružomberok,,Ružomberok,160000.0
18489,Košice,Košice,,199900.0
18491,Galanta,,Sereď,160000.0
18497,Zvolen,,Zvolen,127900.0
18535,Nitra,Nitra,,185000.0
18536,Piešťany,,Piešťany,165000.0
18545,Púchov,,Púchov,201000.0
18548,Prešov,Prešov,,205000.0
18555,Dunajská Streda,,,99999.0
18559,Košice,Košice,,319000.0
18560,Žilina,Žilina,,176000.0
18567,Bratislava,Bratislava,,265999.0
18570,Považská Bystrica,,Považská Bystrica,159000.0
18576,Bratislava,Bratislava,,259000.0
18577,Bratislava,Bratislava,,189000.0
18579,Bratislava,Bratislava,,397900.0
18583,Zvolen,,Zvolen,159999.0
18593,Dubnica nad Váhom,,Dubnica nad Váhom,149990.0
18595,Trnava,Trnava,,175000.0
18599,Bratislava,Bratislava,,239990.0
18600,Bratislava,Bratislava,,259000.0
18601,Bratislava,,,187000.0
18602,Košice,Košice,,209900.0
18606,Bratislava,Bratislava,,565000.0
18607,Bratislava,Bratislava,,435000.0
18608,Bratislava,Bratislava,,399000.0
18609,Bratislava,Bratislava,,435000.0
18611,Nové Zámky,,Nové Zámky,135000.0
18612,Košice,Košice,,306000.0
18614,Brezno,,,298000.0
18616,Bratislava,Bratislava,,199999.0
18617,Ilava,,Ilava,147900.0
18618,Bratislava,,,229000.0
18619,Turčianske Teplice,,Turčianske Teplice,223900.0
18620,Ilava,,Ilava,143900.0
18621,"Francisciho, Poprad - Poprad, Prešovský kraj",,Poprad,215000.0
18707,Michalovce,,Michalovce,123450.0
18717,Košice,Košice,,218900.0
18719,Humenné,,Strážske,89900.0
18720,Levice,,,115900.0
18722,Púchov,,,99000.0
18723,Púchov,,,145000.0
18803,Pezinok,,Modra,175000.0
18805,Bratislava,Bratislava,,489500.0
18806,Bratislava,Bratislava,,444500.0
18811,Lučenec,,Fiľakovo,58900.0
19001,Bratislava,Bratislava,,295000.0
19008,Bratislava,Bratislava,,229000.0
19010,Brezno,,Brezno,95000.0
19020,Trenčín,,,165000.0
19028,Humenné,,Humenné,124900.0
19029,Košice,Košice,,211999.0
19048,Bratislava,Bratislava,,299900.0
19055,Prešov,,,225000.0
19130,Poprad,,,185000.0
19131,Žilina,Žilina,,223000.0
19132,Trenčín,Trenčín,,164900.0
19133,Nové Zámky,,Nové Zámky,133000.0
19142,Banská Bystrica,Banská Bystrica,,205000.0
19144,Prievidza,,Prievidza,99900.0
19147,Zlaté Moravce,,Vráble,135000.0
19152,Martin,,,139000.0
19153,Čadca,,Čadca,99000.0
19159,Dunajská Streda,,,163900.0
19160,Žilina,Žilina,,199900.0
19161,Bratislava,Bratislava,,397900.0
19164,Snina,,Snina,69999.0
19182,Bratislava,Bratislava,,444500.0
19183,Trenčín,Trenčín,,139900.0
19185,Prievidza,,Prievidza,129000.0
19188,Senec,,,158500.0
19194,Bratislava,Bratislava,,297500.0
19196,Galanta,,Sereď,115000.0
19197,Levice,,Levice,88000.0
19199,Dunajská Streda,,Dunajská Streda,152000.0
19235,Gelnica,,Gelnica,66000.0
19248,Senec,,Senec,195000.0
19262,Piešťany,,Piešťany,148900.0
19264,Piešťany,,Piešťany,185000.0
19269,Senica,,Senica,59900.0
19282,Bratislava,Bratislava,,575000.0
19283,Čadca,,Čadca,133500.0
19284,Banská Bystrica,,,240000.0
19287,Banská Bystrica,,,142500.0
19288,Bratislava,Bratislava,,79990.0
19313,Senec,,Senec,169000.0
19317,Revúca,,Tornaľa,68500.0
19324,Galanta,,,109500.0
19325,Banská Bystrica,Banská Bystrica,,154000.0
19352,Dubnica nad Váhom,,Dubnica nad Váhom,134990.0
19364,Nové Zámky,,Nové Zámky,133000.0
19378,Brezno,,Brezno,95000.0
19388,Michalovce,,Michalovce,122900.0
19409,Prievidza,,Handlová,75000.0
19419,Bratislava,Bratislava,,499990.0
19451,Nitra,,,176900.0
19467,Levice,,,143900.0
19468,Kežmarok,,Kežmarok,175000.0
19478,Prievidza,,Handlová,68000.0
19479,Komárno,,Komárno,109000.0
19514,Bratislava,Bratislava,,230000.0
19533,Poprad,,Poprad,139000.0
19569,Čadca,,Čadca,133500.0
19595,Kežmarok,,Kežmarok,150000.0
19596,"Gen. Štefánika, Kežmarok - Kežmarok, Prešovský kraj",,Kežmarok,144000.0
19661,Bratislava,Bratislava,,180000.0
19665,Ilava,,Dubnica nad Váhom,123900.0
19666,Ružomberok,,Ružomberok,160000.0
19667,Trenčín,Trenčín,,136990.0
19670,Ružomberok,,,259900.0
19672,Bratislava,Bratislava,,289000.0
19682,Pezinok,,Pezinok,208000.0
19683,Liptovský Mikuláš,,Liptovský Mikuláš,209900.0
19686,Lučenec,,Lučenec,86000.0
19688,Liptovský Mikuláš,,,210900.0
19693,Bratislava,Bratislava,,295000.0
19694,Bratislava,Bratislava,,499990.0
19704,Bratislava,Bratislava,,306000.0
19708,Čadca,Bratislava,,269000.0
19715,Nitra,,Vráble,130000.0
19717,Ilava,,Dubnica nad Váhom,105000.0
19718,Ilava,,Dubnica nad Váhom,110000.0
19725,Poprad,,Poprad,273921.0
19750,Trenčín,Trenčín,,186000.0
19767,Bratislava,Bratislava,,519000.0
19808,Šaľa,,,132500.0
19811,Revúca,,Revúca,85000.0
19883,Banská Bystrica,Banská Bystrica,,315000.0
19884,"Študentská, Košice - mestská časť Sever - Severné Mesto, Košický kraj",Košice,,195000.0
19925,Lučenec,,Lučenec,99750.0
19949,Zvolen,Banská Bystrica,,215000.0
19959,Levice,,,84000.0
19966,Skalica,,Skalica,92500.0
20001,Piešťany,,Piešťany,114900.0
20002,Piešťany,,Piešťany,138900.0
20003,Piešťany,,Piešťany,123900.0
20004,Galanta,,Galanta,140000.0
20006,Bratislava,Bratislava,,228690.0
20074,Bratislava,Bratislava,,185000.0
20076,Bratislava,Bratislava,,263500.0
20079,Skalica,,Holíč,78000.0
20080,Košice,Košice,,166000.0
20081,Nové Zámky,,Nové Zámky,128000.0
20094,Trnava,,,129900.0
20095,Piešťany,,Piešťany,177500.0
20142,Bratislava,Bratislava,,260000.0
20146,Bratislava,Bratislava,,199900.0
20182,Bratislava,Bratislava,,229000.0
20183,Piešťany,,Piešťany,164900.0
20186,Senec,,Senec,175000.0
20187,Senec,,Senec,159900.0
20188,Bratislava,Bratislava,,221000.0
20193,Bratislava,Bratislava,,599000.0
20204,Bratislava,,Stupava,196990.0
20208,Bratislava,Bratislava,,325000.0
20211,Bratislava,Bratislava,,210000.0
20215,Senec,,,102000.0
20218,Ružomberok,,,259900.0
20219,Bratislava,Bratislava,,289000.0
20224,Bratislava,Bratislava,,295000.0
20232,Dubnica nad Váhom,,Nemšová,119000.0
20240,Žilina,Žilina,,199900.0
20242,Košice,Košice,,399000.0
20246,Bratislava,Bratislava,,995000.0
20253,Trnava,,,141600.0
20257,Bratislava,Bratislava,,319000.0
20264,Čadca,,,175000.0
20268,Banská Bystrica,Banská Bystrica,,330000.0
20284,Bratislava,Bratislava,,319000.0
20286,Trnava,Trnava,,145900.0
20287,Bratislava,,,188000.0
20288,Galanta,,Galanta,162000.0
20292,Bratislava,Bratislava,,455000.0
20293,Martin,,Martin,225000.0
20294,Komárno,,Komárno,88900.0
20353,Prešov,Prešov,,108336.0
20358,Senica,,Senica,139100.0
20359,Zlaté Moravce,,Zlaté Moravce,125000.0
20365,Bardejov,,Bardejov,69900.0
20366,Košice,,,144000.0
20372,Bratislava,Bratislava,,259900.0
20376,Piešťany,,Piešťany,174900.0
20382,Zvolen,,Zvolen,174900.0
20385,Bratislava,Bratislava,,445000.0
20397,Prievidza,,Nováky,59900.0
20401,Piešťany,,Piešťany,155000.0
20417,Bánovce nad Bebravou,,Bánovce nad Bebravou,125000.0
20418,Brezno,,Brezno,113000.0
20421,Prievidza,,Nováky,169900.0
20424,Bratislava,Bratislava,,190990.0
20485,Bratislava,Bratislava,,209900.0
20486,Trnava,Trnava,,155000.0
20491,Bratislava,Bratislava,,329900.0
20499,Piešťany,,,140736.0
20517,Malacky,,Malacky,149990.0
20525,Bratislava,Bratislava,,445000.0
20549,Trnava,Trnava,,179000.0
20550,Lučenec,,Lučenec,83000.0
20551,Bratislava,Bratislava,,332000.0
20556,Piešťany,,Piešťany,163300.0
20560,Banská Bystrica,Banská Bystrica,,175000.0
20598,Galanta,,Sládkovičovo,123900.0
20599,Banská Bystrica,,,150500.0
20600,Banská Bystrica,,,96990.0
20602,Zlaté Moravce,,,75000.0
20660,Bratislava,Bratislava,,150000.0
20675,Komárno,,Komárno,82000.0
20677,Bratislava,Bratislava,,220000.0
20682,Komárno,,Komárno,254934.0
20684,Prešov,Prešov,,89000.0
20690,Michalovce,,Michalovce,137999.0
20691,Bratislava,Bratislava,,268000.0
20692,Banská Bystrica,,,175000.0
20702,Žilina,Žilina,,185000.0
20707,Snina,,Snina,50000.0
20708,Bratislava,Bratislava,,380000.0
20710,Bratislava,,,159000.0
20713,Považská Bystrica,,Považská Bystrica,139000.0
20714,Dubnica nad Váhom,,Dubnica nad Váhom,124990.0
20718,Lučenec,,Lučenec,171000.0
20720,Bratislava,,,258000.0
20721,Bratislava,Bratislava,,799000.0
20723,Bytča,,,168000.0
20725,Trnava,,,204455.0
20728,Košice,,,144000.0
20729,Košice,,,149000.0
20734,Bratislava,Bratislava,,259000.0
20737,Senec,,,219000.0
20738,Liptovský Mikuláš,,Liptovský Mikuláš,130000.0
20790,Prešov,Prešov,,169900.0
20798,Poprad,,Poprad,156000.0
20800,Liptovský Mikuláš,,,133900.0
20816,Košice,Košice,,159000.0
20825,Prešov,Prešov,,269900.0
20829,Senec,,Senec,289000.0
20831,Bratislava,Bratislava,,225990.0
20834,Dunajská Streda,,,190000.0
20835,Dunajská Streda,,Dunajská Streda,152000.0
20885,Bratislava,Bratislava,,198444.0
20889,Šaľa,,Šaľa,103900.0
20890,Lučenec,,Lučenec,98000.0
20896,Trenčín,Trenčín,,370000.0
20899,Partizánske,,Partizánske,94990.0
20900,Lučenec,,Lučenec,82999.0
20902,Bratislava,Bratislava,,315000.0
20904,Piešťany,,Piešťany,199000.0
20912,Trenčín,Trenčín,,205999.0
20935,Prešov,,,97900.0
20943,Bratislava,Bratislava,,515000.0
21000,Bratislava,Bratislava,,275000.0
21005,Poprad,,Poprad,188000.0
21008,Bratislava,Bratislava,,497696.0
21010,Bratislava,Bratislava,,338087.0
21014,Vranov nad Topľou,,Vranov nad Topľou,59000.0
21023,Lučenec,,Lučenec,113500.0
21024,Bratislava,Bratislava,,255000.0
21033,Bratislava,Bratislava,,174990.0
21035,Ružomberok,,Ružomberok,143000.0
21036,Dubnica nad Váhom,,Nová Dubnica,133000.0
21037,Žiar nad Hronom,,Žiar nad Hronom,125990.0
21038,Žiar nad Hronom,,Žiar nad Hronom,134990.0
21041,Bratislava,Bratislava,,266500.0
21102,Bratislava,Bratislava,,330000.0
21109,Poprad,,Vysoké Tatry,220000.0
21110,Poprad,,Vysoké Tatry,220000.0
21111,Prešov,Prešov,,187000.0
21112,Prešov,Mestská časť Prešov,,163000.0
21113,Prešov,Prešov,,345000.0
21115,Nitra,Nitra,,159900.0
21116,Trebišov,,Čierna nad Tisou,36000.0
21122,Prievidza,,Prievidza,107500.0
21124,Šaľa,,Šaľa,119900.0
21131,Bratislava,Bratislava,,390000.0
21134,Bánovce nad Bebravou,,Bánovce nad Bebravou,119900.0
21135,Bánovce nad Bebravou,,Bánovce nad Bebravou,128000.0
21206,Levice,,Levice,124000.0
21212,Žilina,Žilina,,209000.0
21219,Dunajská Streda,,Dunajská Streda,185000.0
21223,Trnava,,,136990.0
21229,Trenčín,Trenčín,,215000.0
21233,Dubnica nad Váhom,,Dubnica nad Váhom,150000.0
21246,Dunajská Streda,,Dunajská Streda,140000.0
21249,Martin,,Martin,99900.0
21405,Dubnica nad Váhom,,Trenčianske Teplice,116900.0
21407,Prešov,Prešov,,269900.0
21408,Galanta,,Galanta,115000.0
21410,Bratislava,Bratislava,,330000.0
21416,Komárno,,Komárno,83000.0
21424,Bratislava,Bratislava,,314000.0
21426,Bratislava,Bratislava,,297389.0
21427,Bratislava,Bratislava,,264900.0
21430,Banská Bystrica,Banská Bystrica,,150000.0
21431,Nitra,Nitra,,198583.0
21432,Prievidza,,Nováky,169900.0
21518,Lučenec,,Lučenec,123000.0
21526,Kežmarok,,,105000.0
21527,Košice,Košice,,180000.0
21531,Bratislava,Bratislava,,269990.0
21535,Košice,Košice,,178900.0
21539,Trnava,Trnava,,169990.0
21546,Trnava,Trnava,,209990.0
21550,Pezinok,,Pezinok,199900.0
21554,Bratislava,,,285000.0
21559,Michalovce,,Michalovce,142900.0
21567,Trenčín,Trenčín,,169000.0
21569,Prievidza,,Nováky,134000.0
21570,Ružomberok,,Ružomberok,89000.0
21572,Piešťany,,Piešťany,169990.0
21577,Trenčín,Trenčín,,179900.0
21591,Košice,Košice,,320000.0
21594,Partizánske,,Partizánske,79990.0
21596,Nitra,Nitra,,200000.0
21642,Senec,,,222000.0
21643,Banská Štiavnica,,,125000.0
21646,Nové Zámky,,Nové Zámky,218000.0
21649,Bratislava,Bratislava,,435000.0
49382,Bratislava,Bratislava,,219900.0
54712,Senec,,Senec,169000.0
84854,Levice,,Levice,90000.0
87213,Bratislava,Bratislava,,564753.0
87214,Bratislava,Bratislava,,510375.0
89295,Bratislava,Bratislava,,1890000.0
89876,Košice,Košice,,235000.0
91099,Pezinok,,Pezinok,232000.0
94383,Partizánske,,Bánovce nad Bebravou,81582.0
95182,Bratislava,,Stupava,179900.0
104607,Košice,Košice,,339000.0
105592,Spišská Nová Ves,,Spišská Nová Ves,152880.0
111272,Banská Bystrica,Banská Bystrica,,133900.0
120146,Bratislava,Bratislava,,390000.0
135230,Bratislava,Bratislava,,500000.0
136568,Bratislava,Bratislava,,295000.0
153010,Košice,Košice,,306500.0
155701,Zvolen,,Zvolen,129990.0
156036,Prešov,,,345800.0
157122,Senec,,,159000.0
162790,Poprad,,Poprad,133000.0
164181,Košice,Košice,,297000.0
172573,Bratislava,Bratislava,,489900.0
173181,Bratislava,Bratislava,,395000.0
175460,Zvolen,,Zvolen,90000.0
183726,Bratislava,Bratislava,,333000.0
185258,Zlaté Moravce,,,194000.0
190091,Liptovský Mikuláš,,,209000.0
195304,Skalica,,Holíč,125000.0
195597,Trenčín,Trenčín,,136900.0
195670,Brezno,,,174200.0
196418,Bratislava,Bratislava,,340000.0
197618,Senec,,,199000.0
198117,Nitra,Nitra,,128000.0
198748,Senica,,,115000.0
200960,Prievidza,,Prievidza,79000.0
201355,Trnava,,,129990.0
213979,Senec,,,168760.0
214189,Dubnica nad Váhom,,Nová Dubnica,136900.0
215678,Michalovce,,Michalovce,178000.0
215845,Poprad,,Poprad,139742.0
217225,Piešťany,,Piešťany,148000.0
217656,Nitra,,Vráble,117900.0
217741,Banská Bystrica,,,380000.0
217848,Ružomberok,,Ružomberok,239000.0
218098,Bratislava,Bratislava,,449000.0
218307,Prešov,,,168000.0
218308,Prešov,,,382800.0
218309,Prešov,,,208600.0
218642,Dunajská Streda,,Dunajská Streda,124000.0
218644,Kysucké Nové Mesto,,,135000.0
218665,Trenčín,,Trenčianske Teplice,145000.0
218715,Nitra,,Vráble,199000.0
218787,Nitra,,,128000.0
218790,Bratislava,Bratislava,,770000.0
219153,Martin,,Martin,166000.0
219750,Ilava,,Dubnica nad Váhom,73000.0
220584,Revúca,,Revúca,55000.0
221455,Trenčín,Trenčín,,170000.0
226199,Prešov,,,149000.0
226408,Bratislava,Bratislava,,250000.0
227270,Dubnica nad Váhom,,Trenčianske Teplice,145000.0
227608,Senica,,Senica,165000.0
228114,Nové Zámky,,Šurany,97400.0
228115,Nové Zámky,,Šurany,89000.0
228119,Nitra,Nitra,,125000.0
228120,Nitra,Nitra,,75000.0
228223,Dubnica nad Váhom,,Trenčianske Teplice,140000.0
229421,Komárno,,Komárno,85000.0
229933,Dunajská Streda,,Dunajská Streda,186000.0
232586,Žilina,Žilina,,359000.0
235966,Bratislava,Bratislava,,299000.0
238330,Nitra,Nitra,,170000.0
238661,Topoľčany,,,185000.0
242368,Lučenec,,Lučenec,99900.0
243512,Spišská Nová Ves,,,50000.0
244288,Martin,,,194900.0
244298,Gelnica,,,59500.0
245235,Piešťany,,Vrbové,229500.0
247396,Galanta,,Galanta,159900.0
250545,Senec,,Senec,190000.0
252459,Poprad,,Vysoké Tatry,309000.0
254601,Ružomberok,,,154900.0
254803,Trenčín,Trenčín,,246400.0
254914,Ružomberok,,Ružomberok,169900.0
254951,Ružomberok,,Ružomberok,188000.0
255155,Dunajská Streda,,Šamorín,259500.0
256436,Nitra,Nitra,,155000.0
259437,Trenčín,Trenčín,,174900.0
259706,Košice,Košice,,350000.0
259711,,,,149000.0
259927,Bánovce nad Bebravou,,Bánovce nad Bebravou,109600.0
260167,Bánovce nad Bebravou,,Bánovce nad Bebravou,81582.0
261981,Bratislava,Bratislava,,499300.0
262063,Vranov nad Topľou,,Vranov nad Topľou,94999.0
264752,Ilava,,Dubnica nad Váhom,75000.0
268409,Bratislava,Bratislava,,997400.0
268707,Bratislava,Bratislava,,579000.0
270820,Košice,,,29900.0
271581,Banská Bystrica,,,259000.0
277610,Bratislava,Bratislava,,450000.0
278885,Nové Zámky,,Nové Zámky,122400.0
278904,Prievidza,,Prievidza,110000.0
278932,Levice,,Levice,175000.0
279029,Lučenec,,Lučenec,78990.0
279369,Michalovce,,Michalovce,167999.0
279580,Dolný Kubín,,Dolný Kubín,1300000.0
279823,Ružomberok,,Ružomberok,135000.0
280803,Galanta,,Sládkovičovo,186000.0
280804,Bratislava,Bratislava,,190000.0
280810,Bratislava,Bratislava,,239990.0
280864,Bratislava,Bratislava,,455000.0
281429,Bratislava,Bratislava,,395000.0
282170,Nové Zámky,,Šurany,149900.0
282172,Nové Zámky,,Šurany,114900.0
282824,Žilina,Žilina,,249000.0
284091,Banská Bystrica,Banská Bystrica,,205000.0
284358,Trnava,Trnava,,355000.0
285932,Rožňava,,Rožňava,110000.0
285975,Košice,Košice,,210000.0
286746,Trnava,Trnava,,225000.0
287672,Poprad,,Vysoké Tatry,320000.0
288188,Detva,,Hriňová,97000.0
288196,Nové Zámky,,Nové Zámky,132000.0
288388,Bratislava,Bratislava,,289000.0
289202,Senica,Prešov,,129500.0
289933,Trenčín,Trenčín,,114000.0
289936,Trenčín,Trenčín,,112000.0
289958,Nitra,Nitra,,145000.0
290168,Svidník,,Svidník,115000.0
290271,Nové Mesto nad Váhom,,,93500.0
290514,Poprad,,,135000.0
291043,Trnava,Trnava,,189000.0
291149,Trnava,Trnava,,189000.0
291199,Bratislava,Bratislava,,599000.0
291257,Dubnica nad Váhom,,Dubnica nad Váhom,119090.0
291283,Nové Mesto nad Váhom,,Nové Mesto nad Váhom - Okrajová časť mesta,158787.0
291459,Nové Zámky,,,145000.0
291545,Galanta,,Sereď,139500.0
291893,Púchov,,Púchov,215000.0
292260,Košice,Košice,,236990.0
292787,Kežmarok,,,119000.0
294327,Lučenec,,Lučenec,99000.0
294451,Trnava,Trnava,,439900.0
294867,Bratislava,Bratislava,,879000.0
295327,Brezno,,,235000.0
295748,Bratislava,Bratislava,,249990.0
295869,Liptovský Mikuláš,,,110000.0
296245,Martin,,Martin,142000.0
296310,Spišská Nová Ves,,Spišská Nová Ves,107000.0
296692,Nové Zámky,,Šurany,126050.0
296913,Bratislava,Bratislava,,750000.0
297105,Piešťany,,Piešťany,308200.0
297107,Ružomberok,,,159000.0
297373,Pezinok,,,365000.0
298214,Piešťany,,Piešťany,289900.0
298335,Košice,Košice,,129983.0
298372,Turčianske Teplice,,Turčianske Teplice,129000.0
301097,Partizánske,,,90000.0
301151,Lučenec,,Lučenec,47500.0
301559,Žarnovica,,,78000.0
301656,Nové Zámky,,Šurany,155300.0
301657,Nové Zámky,,Šurany,144720.0
301658,Nové Zámky,,Šurany,130900.0
301659,Nové Zámky,,Šurany,108140.0
301816,Bratislava,,Stupava,135990.0
301847,Bratislava,Bratislava,,289900.0
302186,Žarnovica,,Žarnovica,135000.0
302649,Piešťany,,,150000.0
303142,Skalica,,Skalica,123000.0
303730,Žilina,Žilina,,269900.0
304384,Trenčín,Trenčín,,129000.0
304558,Senec,,Senec,186500.0
305060,Bratislava,Bratislava,,219900.0
305296,Bratislava,Bratislava,,259990.0
305729,Bratislava,Bratislava,,1299000.0
306860,Bratislava,Bratislava,,379900.0
307835,Ružomberok,,Ružomberok,208453.0
308338,Nitra,Nitra,,222000.0
308405,Poprad,,,161100.0
309294,Komárno,,Komárno,117000.0
309943,Ružomberok,,Ružomberok,180323.0
309944,Ružomberok,,Ružomberok,114363.0
309946,Ružomberok,,Ružomberok,290903.0
309947,Ružomberok,,Ružomberok,340373.0
309948,Ružomberok,,Ružomberok,290903.0
310228,Dunajská Streda,,Šamorín,191201.0
310628,Bratislava,Bratislava,,351900.0
311545,Trenčín,,,199000.0
311624,Košice,Košice,,119000.0
311988,Bratislava,Bratislava,,285000.0
312396,Bratislava,Bratislava,,254000.0
312603,Bratislava,Bratislava,,892000.0
312646,Komárno,,Komárno,85000.0
313710,Bratislava,Bratislava,,229700.0
314523,Trenčín,Trenčín,,310320.0
314703,Martin,,Martin,172000.0
314942,Senec,,,264900.0
314948,Tvrdošín,,Trstená,187100.0
315098,Malacky,,Šaštín-Stráže,59000.0
315344,Košice,Košice,,225000.0
315663,Zvolen,,Zvolen,225900.0
315741,Dubnica nad Váhom,,Dubnica nad Váhom,119900.0
315769,Banská Bystrica,Banská Bystrica,,174900.0
315809,Bratislava,Bratislava,,260000.0
315823,Bratislava,Bratislava,,454900.0
316183,Trnava,Trnava,,158000.0
316188,Banská Bystrica,,,148500.0
316347,Nitra,Nitra,,189000.0
316919,Trnava,Trnava,,319000.0
316934,Bratislava,Bratislava,,395900.0
317029,Banská Bystrica,,,168000.0
317032,Vranov nad Topľou,,Vranov nad Topľou,119999.0
317082,Piešťany,,Piešťany,140000.0
317109,Bratislava,Bratislava,,550000.0
317269,Dunajská Streda,,Veľký Meder,119000.0
317648,Košice,Košice,,241673.0
317993,Piešťany,,Piešťany,170047.0
318062,Bratislava,Bratislava,,311000.0
318067,Piešťany,,Piešťany,333442.0
318069,Piešťany,,Piešťany,233276.0
318247,Banská Bystrica,Banská Bystrica,,306000.0
318606,Bratislava,Bratislava,,375000.0
318779,Topoľčany,,,62900.0
319006,Trenčín,Trenčín,,138500.0
319020,Nové Mesto nad Váhom,,Stará Turá,105000.0
319479,Bratislava,Bratislava,,375000.0
319518,Trenčín,Trenčín,,185000.0
319852,Piešťany,,Vrbové,169000.0
320424,Michalovce,,Michalovce,138900.0
320758,Poprad,,Vysoké Tatry,235000.0
320803,Poprad,,,185000.0
321002,Bratislava,Bratislava,,224000.0
321187,Senica,,Senica,74900.0
321476,Senec,,,205000.0
321664,Michalovce,,Michalovce,128000.0
321676,Poprad,,,159000.0
321820,Prievidza,,Prievidza,136000.0
321948,Nové Mesto nad Váhom,,,125000.0
322023,Levice,,Levice,92000.0
322091,Ilava,,,169339.0
322126,Dunajská Streda,,Šamorín,259500.0
322186,Vranov nad Topľou,,Vranov nad Topľou,55000.0
322300,Nové Zámky,,,82000.0
322302,Banská Bystrica,Banská Bystrica,,350000.0
322604,Prievidza,,,75000.0
322857,Bratislava,,Stupava,190990.0
323176,Prešov,Mestská časť Prešov,,133900.0
323756,Brezno,,,190000.0
323762,Michalovce,,,145000.0
323766,Bratislava,Bratislava,,549900.0
324100,Michalovce,,,145000.0
324296,Dunajská Streda,,,167000.0
324348,Trnava,Trnava,,179900.0
324485,Liptovský Mikuláš,,,114500.0
324628,Trnava,Trnava,,179900.0
324648,Poltár,,Poltár,54500.0
324655,Bratislava,Bratislava,,450000.0
324847,Bratislava,Bratislava,,489000.0
325183,Nitra,,,215000.0
325672,Banská Bystrica,Banská Bystrica,,445000.0
326027,Nové Zámky,,Nové Zámky,105000.0
326390,Bratislava,Bratislava,,365000.0
326401,Michalovce,,Michalovce,199100.0
326402,Michalovce,,Michalovce,160200.0
326407,Michalovce,,Michalovce,219800.0
326408,Michalovce,,Michalovce,161990.0
326409,Michalovce,,Michalovce,124550.0
326707,Košice,Košice,,274990.0
326797,Levice,,Levice,129000.0
327073,Bratislava,Bratislava,,765800.0
327392,Košice,Košice,,225000.0
327489,Bratislava,Bratislava,,244900.0
327825,Prievidza,,Prievidza,217900.0
328305,Lučenec,,Lučenec,75000.0
328379,Malacky,,,129000.0
328594,Michalovce,,Michalovce,98000.0
329056,Dubnica nad Váhom,,Trenčianske Teplice,78000.0
329514,Bratislava,Bratislava,,499000.0
330131,Skalica,,Skalica,120900.0
330169,Lučenec,,,36500.0
330296,Humenné,,,95000.0
330566,Komárno,,Komárno,149990.0
330728,Medzilaborce,,,33000.0
330807,Banská Bystrica,,,258000.0
330857,Lučenec,,Fiľakovo,45000.0
330918,Bratislava,Bratislava,,270000.0
330990,Piešťany,,Piešťany,210000.0
331185,Sabinov,,,114900.0
331235,Zvolen,,Zvolen,149000.0
331293,Lučenec,,Lučenec,68000.0
331631,Košice,Košice,,195000.0
331773,Spišská Nová Ves,,Spišská Nová Ves,146000.0
331811,Košice,Košice,,200000.0
331820,Senec,,,279000.0
332027,Bratislava,Bratislava,,410000.0
332175,Lučenec,,Lučenec,90000.0
332177,Pezinok,,Pezinok,218000.0
332518,Košice,,,197000.0
332917,Senec,,,259351.0
335979,Bratislava,Bratislava,,699200.0
336073,Košice,Košice,,185000.0
336081,Pezinok,,Pezinok,175000.0
336133,Senec,,,176945.0
336327,Bratislava,Bratislava,,259000.0
336485,Senec,,,135000.0
336733,Považská Bystrica,,Považská Bystrica,93000.0
336746,Prievidza,,Prievidza,175000.0
336908,Trnava,,,209500.0
336947,Vranov nad Topľou,,Vranov nad Topľou,63900.0
337174,Pezinok,,Pezinok,218000.0
337223,Bratislava,Bratislava,,232000.0
337312,Trenčín,Trenčín,,160000.0
337948,Košice,Košice,,116900.0
338252,Bratislava,Bratislava,,299000.0
338274,Bratislava,Bratislava,,395000.0
338555,Dubnica nad Váhom,,Nová Dubnica,118000.0
338944,Bratislava,Bratislava,,272000.0
339340,Banská Bystrica,Banská Bystrica,,325000.0
339601,Bratislava,Bratislava,,350000.0
339632,Liptovský Mikuláš,,Liptovský Mikuláš,165000.0
339638,Bratislava,Bratislava,,859999.0
339640,Košice,Košice,,188700.0
339685,Bratislava,Bratislava,,350000.0
340010,Bratislava,Bratislava,,320000.0
340080,Liptovský Mikuláš,,Liptovský Mikuláš,432900.0
340081,Liptovský Mikuláš,,Liptovský Mikuláš,432900.0
340285,Nitra,Nitra,,154700.0
340388,Bratislava,Bratislava,,389900.0
340678,Senec,,,159999.0
340711,Zvolen,,Zvolen,99000.0
341142,Nitra,Nitra,,150000.0
341599,Košice,,,319000.0
341879,Trenčín,,Trenčianske Teplice,114990.0
342297,Rožňava,,Rožňava,69000.0
342406,Košice,Košice,,159900.0
342430,Trebišov,,,91080.0
342571,Rožňava,,Rožňava,78500.0
342579,Piešťany,,,179900.0
342713,Košice,Košice,,144900.0
342719,Bratislava,Bratislava,,385000.0
342742,Senec,,,179990.0
342765,Prievidza,,Nováky,59000.0
342769,Nové Zámky,,Nové Zámky,123000.0
342797,Liptovský Mikuláš,,Liptovský Mikuláš,165000.0
342828,Komárno,,Komárno,239000.0
342837,Vranov nad Topľou,,Vranov nad Topľou,91890.0
342851,Michalovce,,Strážske,78990.0
342904,Skalica,,Holíč,128000.0
342916,Sabinov,,Lipany,185900.0
342917,Sobrance,,Sobrance,125900.0
342918,Trebišov,,Trebišov,98500.0
342919,Trebišov,,,77900.0
343135,Humenné,,Humenné,92000.0
343139,Poprad,,Vysoké Tatry,120000.0
343163,Košice,,,50000.0
343216,Bratislava,Bratislava,,569900.0
343227,Bratislava,Bratislava,,480000.0
343392,Bratislava,Bratislava,,629900.0
343406,Senec,,,326000.0
343407,Senec,,,276000.0
343411,Bratislava,Bratislava,,509000.0
343454,Michalovce,,Michalovce,133000.0
343467,Žilina,,,154900.0
343484,Piešťany,,Piešťany,158000.0
343565,Nitra,Nitra,,154700.0
343592,Trebišov,,Trebišov,95000.0
343593,Trebišov,,Trebišov,75000.0
343594,Prievidza,,Prievidza,124000.0
343614,Vranov nad Topľou,,Hanušovce nad Topľou,85000.0
343882,Šaľa,,Šaľa,116000.0
344405,Bratislava,,,185000.0
344411,Púchov,,Púchov,115000.0
344618,Zvolen,,Zvolen,339000.0
344626,Trnava,Trnava,,194990.0
344923,Bratislava,Bratislava,,322990.0
345267,Trenčín,Trenčín,,329000.0
345313,Topoľčany,,Topoľčany,159000.0
345348,Bratislava,Bratislava,,336000.0
345501,Košice,Košice,,319000.0
345637,Michalovce,,Michalovce,165000.0
345877,Bratislava,Bratislava,,399000.0
345929,Bratislava,Bratislava,,455000.0
345934,Michalovce,,Michalovce,153000.0
345977,Bratislava,Bratislava,,354000.0
345978,Banská Bystrica,Banská Bystrica,,165000.0
346059,Stropkov,,Stropkov,84000.0
346199,Žilina,Žilina,,173900.0
346251,Liptovský Mikuláš,,Liptovský Mikuláš,220900.0
346599,Čadca,,Turzovka,153500.0
346603,Prievidza,,Prievidza,118000.0
346612,Košice,Košice,,199990.0
346615,Trenčín,Trenčín,,230226.0
346648,Bratislava,Bratislava,,330000.0
346698,Prešov,,,279959.0
346746,Košice,Košice,,244000.0
346785,Spišská Nová Ves,,Spišská Nová Ves,138000.0
346789,Poprad,,Vysoké Tatry,209000.0
346799,Prievidza,,Prievidza,102900.0
346804,Nové Zámky,,Nové Zámky,157900.0
346825,Bratislava,Bratislava,,265000.0
346835,Pezinok,,Svätý Jur,205000.0
346842,Zvolen,,,156990.0
346889,Bratislava,Bratislava,,230000.0
347096,Poprad,,Poprad,124200.0
347190,Košice,Košice,,187000.0
347289,Nitra,Nitra,,153000.0
347370,Trnava,Trnava,,193000.0
347439,Banská Bystrica,,,129000.0
347443,Spišská Nová Ves,,Dobšiná,24500.0
347447,Ružomberok,,Ružomberok,160000.0
352595,Trenčín,Trenčín,,134000.0
352607,Liptovský Mikuláš,,,269000.0
352626,Prievidza,,Handlová,48000.0
352642,Trenčín,Trenčín,,194000.0
352662,Spišská Nová Ves,,Spišská Nová Ves,137000.0
352679,Trnava,Trnava,,209900.0
352680,Galanta,,Galanta,109990.0
352716,Bratislava,Bratislava,,270000.0
352723,Bratislava,Bratislava,,520000.0
352736,Dunajská Streda,,Dunajská Streda,127000.0
352757,Bratislava,Bratislava,,329000.0
352824,Michalovce,,Michalovce,138000.0
353253,Komárno,,Hurbanovo,95999.0
353510,Komárno,,Komárno,110000.0
353564,Trnava,Trnava,,225000.0
353919,Bánovce nad Bebravou,,Bánovce nad Bebravou,115000.0
353957,Nitra,Nitra,,190000.0
354008,Ilava,,Dubnica nad Váhom,124990.0
354117,Prievidza,,Prievidza,87100.0
354125,Žiar nad Hronom,,Žiar nad Hronom,107000.0
354129,Poprad,,Poprad,179900.0
354156,Trenčín,,Trenčianske Teplice,115000.0
354418,Bratislava,,Stupava,242990.0
354490,Bratislava,Bratislava,,274990.0
354619,Piešťany,,Piešťany,185000.0
354663,Turčianske Teplice,,Turčianske Teplice,94000.0
354694,Veľký Krtíš,,Veľký Krtíš,84900.0
354777,Bratislava,Bratislava,,229000.0
355165,Michalovce,,,105000.0
355413,Rožňava,,Rožňava,70000.0
355851,Trebišov,,,141900.0
355977,Snina,,,50000.0
355988,Bánovce nad Bebravou,,Bánovce nad Bebravou,152000.0
356278,Dunajská Streda,,,136240.0
356614,Banská Bystrica,,,233000.0
356714,Žilina,Žilina,,289900.0
356801,Ilava,,Dubnica nad Váhom,155000.0
356911,Galanta,,,130800.0
356984,Ilava,,Dubnica nad Váhom,123900.0
357289,Snina,,Snina,90000.0
357616,Považská Bystrica,,Považská Bystrica,159000.0
357845,Žiar nad Hronom,,Žiar nad Hronom,28000.0
361075,Myjava,,Myjava,117000.0
361076,Komárno,,Komárno,138500.0
361097,Bratislava,Bratislava,,279000.0
361125,Levice,,Šahy,78500.0
361131,Banská Štiavnica,,Banská Štiavnica,130000.0
361155,Bratislava,Bratislava,,212000.0
361169,Bratislava,Bratislava,,375000.0
361213,Prešov,Prešov,,158900.0
361217,Levice,,Levice,135000.0
361331,Košice,Košice,,167000.0
361354,Bratislava,Bratislava,,310000.0
361386,Trenčín,Trenčín,,179000.0
361397,Trenčín,Trenčín,,174990.0
361405,Bratislava,Bratislava,,270000.0
361417,Bratislava,Bratislava,,179000.0
365057,Piešťany,,Piešťany,150000.0
365065,Komárno,,Komárno,105000.0
365069,Košice,Košice,,212900.0
365095,Rimavská Sobota,,Rimavská Sobota,72000.0
365098,Vranov nad Topľou,,Vranov nad Topľou,109900.0
365126,Zvolen,,Zvolen,189900.0
365127,Michalovce,,Michalovce,178000.0
365130,Košice,Košice,,156000.0
365191,Liptovský Mikuláš,,Liptovský Mikuláš,250000.0
368691,Banská Bystrica,,,79990.0
368776,Hlohovec,,,117630.0
368778,Hlohovec,,,112045.0
368781,Hlohovec,,,91517.0
368783,Hlohovec,,,99517.0
368784,Hlohovec,,,100007.0
368905,Dunajská Streda,,,199900.0
368978,Spišská Nová Ves,,Spišská Nová Ves,168900.0
369102,Bratislava,,,219900.0
369157,Bratislava,Bratislava,,440000.0
369197,Malacky,,,224300.0
369203,Malacky,,,131500.0
369265,Malacky,,,132500.0
369288,Poprad,,Poprad,325000.0
369302,Poprad,,Poprad,235000.0
369364,Trenčín,Trenčín,,138000.0
369433,Dunajská Streda,,Dunajská Streda,109990.0
369439,Nitra,Nitra,,133900.0
369531,Piešťany,,Piešťany,99900.0
369633,Bratislava,Bratislava,,385000.0
369682,Košice,Košice,,244000.0
369796,Púchov,,Púchov,184000.0
369921,Levice,,Levice,90000.0
370047,Levice,,Levice,159000.0
370082,Košice,Košice,,159900.0
370163,Dubnica nad Váhom,,Trenčianske Teplice,114990.0
370269,Považská Bystrica,,Považská Bystrica,154000.0
370279,Bratislava,,Stupava,183000.0
370379,Bratislava,,,345000.0
370409,Piešťany,,Piešťany,195000.0
370416,Bratislava,Bratislava,,485000.0
370496,Bratislava,,Stupava,234990.0
370524,Bratislava,Bratislava,,269990.0
370561,Čadca,,,155000.0
370604,Bratislava,Bratislava,,1490000.0
370862,Dunajská Streda,,Dunajská Streda,349900.0
370877,Bratislava,Bratislava,,389000.0
370878,Liptovský Mikuláš,,Liptovský Mikuláš,159000.0
376185,Bratislava,Bratislava,,270000.0
376191,Bratislava,Bratislava,,789000.0
376192,Levice,,Levice,98000.0
376203,Rožňava,,Rožňava,107000.0
376205,Galanta,,Sereď,141950.0
376206,Poprad,,,174900.0
376225,Nitra,Nitra,,138000.0
376236,Malacky,,,136000.0
376270,Bratislava,Bratislava,,245000.0
376275,Senec,,Senec,179990.0
376277,Košice,Košice,,119999.0
376376,Košice,Košice,,199000.0
376433,Dubnica nad Váhom,,Dubnica nad Váhom,146090.0
376439,Nitra,Nitra,,185000.0
376473,Banská Bystrica,,,165000.0
376482,Prievidza,,,58000.0
376521,Bratislava,Bratislava,,359900.0
376603,Bratislava,Bratislava,,289500.0
376659,Bratislava,Bratislava,,270000.0
376694,Bratislava,Bratislava,,329000.0
376701,Bratislava,Bratislava,,319990.0
376716,Piešťany,,Piešťany,103000.0
376755,Gelnica,,,70000.0
376805,Bratislava,Bratislava,,329800.0
376808,Sobrance,,Sobrance,122900.0
376817,Bratislava,Bratislava,,296000.0
376830,Bratislava,Bratislava,,427000.0
376851,Trnava,,,115900.0
376927,Skalica,,Holíč,128000.0
383211,Trnava,,,193900.0
383234,Prievidza,,Prievidza,117700.0
383245,Košice,Košice,,195000.0
383248,Nové Zámky,,Nové Zámky,128000.0
383258,Košice,Košice,,165000.0
383259,Košice,Košice,,155000.0
383262,Komárno,,Komárno,150000.0
383274,Košice,Košice,,190000.0
383286,Galanta,,,117200.0
383293,Bratislava,Bratislava,,241000.0
383312,Bratislava,Bratislava,,260000.0
383317,Poprad,,Vysoké Tatry,260000.0
383319,Lučenec,,Fiľakovo,54000.0
383350,Levice,,Levice,85000.0
383351,Ružomberok,,,243000.0
383355,Poprad,,Poprad,192000.0
383381,Bratislava,Bratislava,,415000.0
383416,Bratislava,Bratislava,,255000.0
383508,Košice,Košice,,182999.0
383531,Bánovce nad Bebravou,,,124900.0
383541,Bratislava,Bratislava,,243999.0
383545,Bratislava,Bratislava,,179999.0
383556,Bratislava,Bratislava,,318973.0
383559,Levice,,Levice,89990.0
383560,Nové Zámky,,Nové Zámky,205000.0
383563,Dunajská Streda,,,36000.0
383573,Bratislava,Bratislava,,456500.0
383584,Martin,,Martin,145000.0
383634,Lučenec,,Lučenec,74000.0
383635,Trnava,,,158900.0
383637,Trnava,,,139900.0
383688,Bratislava,Bratislava,,220000.0
383731,Trnava,Trnava,,182900.0
383732,Trnava,Trnava,,179900.0
383768,Žiar nad Hronom,,Žiar nad Hronom,73000.0
383789,Martin,,Martin,185000.0
383793,Martin,,Martin,230000.0
383798,Martin,,Martin,195000.0
383817,Ružomberok,,Ružomberok,160000.0
384032,Liptovský Mikuláš,,,350000.0
389143,Poprad,,,209000.0
389147,Galanta,,Galanta,119900.0
389157,Levice,,Levice,98000.0
389162,Prievidza,,Handlová,74990.0
389178,Nové Mesto nad Váhom,,Nové Mesto nad Váhom,97900.0
389200,Liptovský Mikuláš,,Liptovský Mikuláš,246900.0
389214,Martin,,Martin,145000.0
389225,Bratislava,Bratislava,,344800.0
389261,Bratislava,Bratislava,,298093.0
389270,Trnava,Trnava,,229000.0
389285,Trnava,Trnava,,217900.0
389293,Košice,,,190000.0
389294,Bratislava,Bratislava,,219990.0
389296,Nitra,Nitra,,200000.0
389302,Trenčín,Trenčín,,174990.0
389330,Ružomberok,,,159000.0
389333,Senec,,,299000.0
389337,Žilina,Žilina,,105000.0
389373,Bratislava,Bratislava,,196690.0
389381,Bratislava,Bratislava,,170000.0
389398,Trebišov,,Trebišov,97900.0
389403,Trenčín,,,147000.0
389417,Bratislava,Bratislava,,269900.0
389421,Trebišov,,Trebišov,77900.0
389462,Piešťany,,Piešťany,114000.0
389467,Bratislava,Bratislava,,186000.0
389468,Nové Zámky,,Nové Zámky,134900.0
389850,Humenné,,Humenné,94900.0
392726,Bratislava,Bratislava,,249000.0
394000,Bratislava,Bratislava,,194900.0
394040,Žilina,Žilina,,217000.0
394053,Košice,Košice,,215000.0
394068,Galanta,,Galanta,136000.0
394078,Trnava,Trnava,,209000.0
394090,Bratislava,Bratislava,,293900.0
394101,Malacky,,Malacky,144900.0
394132,Žilina,Žilina,,224990.0
394143,Trenčín,Trenčín,,138000.0
394158,Veľký Krtíš,,Veľký Krtíš,78000.0
394173,Nové Mesto nad Váhom,,Nové Mesto nad Váhom,169900.0
394206,Bratislava,Bratislava,,330000.0
394217,Košice,Košice,,289000.0
394231,Trnava,Trnava,,229000.0
394243,Bratislava,Bratislava,,225000.0
394273,Bardejov,,Bardejov,131000.0
394280,Piešťany,,Piešťany,112900.0
394282,Ružomberok,,,199000.0
394300,Levice,,Levice,97000.0
394303,Komárno,,,125000.0
394306,Trenčín,Trenčín,,183990.0
394323,Bratislava,Bratislava,,415000.0
394380,Bratislava,Bratislava,,499000.0
394386,Levice,,Levice,97900.0
395899,Bratislava,Bratislava,,235000.0
396583,Zlaté Moravce,,Vráble,142000.0
398663,Brezno,,Brezno,141500.0
398666,Senica,,Senica,129900.0
398676,Martin,,Martin,129990.0
398752,Dunajská Streda,,Veľký Meder,115000.0
398779,Čadca,,Čadca,202000.0
398824,Bratislava,Bratislava,,241000.0
398858,Žilina,Žilina,,285000.0
398860,Žilina,Žilina,,335000.0
398893,Skalica,,Skalica,118500.0
398911,Bratislava,Bratislava,,251000.0
398941,Košice,Košice,,259000.0
398969,Nitra,Nitra,,166000.0
398978,Bratislava,Bratislava,,265000.0
398985,Myjava,,Myjava,100000.0
398988,Trnava,Trnava,,194900.0
399050,Bratislava,Bratislava,,430000.0
402735,Žiar nad Hronom,,Kremnica,90000.0
402743,Bratislava,Bratislava,,290000.0
402782,Zvolen,,Zvolen,159900.0
402796,Bratislava,Bratislava,,180000.0
402798,Galanta,,Sládkovičovo,169000.0
402815,Nitra,Nitra,,135000.0
402820,Ružomberok,,Ružomberok,85000.0
402829,Zvolen,,Zvolen,167900.0
402862,Revúca,,,60000.0
402866,Žilina,Žilina,,459000.0
402869,Poprad,,,360000.0
402887,Dubnica nad Váhom,,Dubnica nad Váhom,175000.0
402888,Ružomberok,,Ružomberok,145000.0
402939,Humenné,,Humenné,113000.0
405428,Bratislava,Bratislava,,1100000.0
405431,Trebišov,,Trebišov,125000.0
405436,Bratislava,Bratislava,,269000.0
405451,Košice,Košice,,139000.0
405457,Bratislava,Bratislava,,379000.0
405458,Humenné,,Humenné,115000.0
405469,Prievidza,,Prievidza,61000.0
405477,Michalovce,,Michalovce,125000.0
405507,Bratislava,Bratislava,,279900.0
405508,Žarnovica,,,78500.0
405515,Bratislava,Bratislava,,499000.0
405533,Dubnica nad Váhom,,Trenčianske Teplice,147000.0
405627,Pezinok,,Pezinok,599000.0
405633,Bratislava,Bratislava,,187000.0
405828,Liptovský Mikuláš,,Liptovský Mikuláš,333900.0
405891,Košice,Košice,,143000.0
405935,Nitra,Nitra,,179900.0
406058,Bratislava,Bratislava,,415000.0
406076,Trnava,Trnava,,185900.0
406103,Senec,,,136999.0
406125,Brezno,,Brezno,149000.0
406244,Trnava,Trnava,,118500.0
406247,Zlaté Moravce,,,98900.0
406314,Bratislava,Bratislava,,255000.0
406376,Liptovský Mikuláš,,Liptovský Mikuláš,251900.0
406383,Bratislava,Bratislava,,498000.0
406460,Bratislava,Bratislava,,289900.0
406541,Malacky,,,119990.0
406690,Gelnica,,Krompachy,57000.0
406703,Komárno,,Komárno,95000.0
406793,Bratislava,Bratislava,,219990.0
406796,Komárno,,Komárno,178000.0
406818,Bratislava,Bratislava,,895000.0
406957,Revúca,,Hnúšťa,41000.0
406981,Bratislava,Bratislava,,499990.0
406995,Bratislava,Bratislava,,279900.0
407028,Bratislava,Bratislava,,465000.0
407043,Trnava,Trnava,,217900.0
407068,Poprad,,,174900.0
407120,Nitra,Nitra,,215000.0
407154,Komárno,,Komárno,71500.0
407181,Nitra,Nitra,,167000.0
407239,Nové Zámky,,Hurbanovo,79900.0
407260,Bratislava,Bratislava,,359000.0
407400,Košice,Košice,,172900.0
407448,Žiar nad Hronom,,Kremnica,95999.0
407460,Bratislava,Bratislava,,369000.0
407466,Košice,Košice,,195000.0
407539,Vranov nad Topľou,,Vranov nad Topľou,112999.0
407666,Bratislava,Bratislava,,319990.0
407728,Bratislava,Bratislava,,240509.0
407731,Bratislava,,,239000.0
407784,Bratislava,,,185900.0
407801,Komárno,,Komárno,69900.0
407827,Bratislava,Bratislava,,519000.0
407847,Levice,,Tlmače,73000.0
407852,Prešov,Prešov,,299000.0
407866,"Pri píle, Hamuliakovo - Hamuliakovo, Bratislavský kraj",,,148000.0
407876,Bratislava,Bratislava,,450000.0
407915,Banská Bystrica,Banská Bystrica,,379999.0
407996,Trnava,Trnava,,110000.0
408014,Banská Štiavnica,,,58000.0
408070,Košice,Košice,,237832.0
408081,Bratislava,Bratislava,,290000.0
408276,Liptovský Mikuláš,,Liptovský Mikuláš,267900.0
413155,Považská Bystrica,,Považská Bystrica,129000.0
413167,Žilina,Žilina,,278000.0
413173,Pezinok,,Pezinok,279900.0
413192,Bratislava,Bratislava,,354000.0
413204,Levice,,Levice,104500.0
413229,Poprad,,Poprad,285000.0
413235,Bratislava,Bratislava,,269000.0
413240,Bratislava,Bratislava,,180000.0
413257,Banská Štiavnica,,Banská Štiavnica,115000.0
413261,Zvolen,,Zvolen,185000.0
413278,Nitra,Nitra,,137000.0
413309,Bratislava,Bratislava,,268000.0
413329,Ružomberok,,Ružomberok,142800.0
413331,Bratislava,Bratislava,,335000.0
413370,Bratislava,Bratislava,,180000.0
413374,Partizánske,,Partizánske,115500.0
413410,Zvolen,,Zvolen,185000.0
413415,Dubnica nad Váhom,,Dubnica nad Váhom,165000.0
413427,Dunajská Streda,,Gabčíkovo,139900.0
413431,Bratislava,Bratislava,,339000.0
413436,Nitra,Nitra,,189999.0
413511,Levoča,,Levoča,120000.0
413519,Košice,Košice,,179990.0
413553,Detva,,Detva,124000.0
413557,Nové Zámky,,Nové Zámky,125000.0
413585,Senec,,,164500.0
413631,Malacky,,,129000.0
413635,Bratislava,Bratislava,,550000.0
413647,Bratislava,Bratislava,,581387.0
413649,Zvolen,,Zvolen,130000.0
413650,Pezinok,,,188000.0
413653,Bratislava,Bratislava,,839256.0
413655,Dubnica nad Váhom,,Dubnica nad Váhom,118090.0
413725,Žilina,Žilina,,458990.0
419212,Dunajská Streda,,Veľký Meder,104000.0
419219,Nové Zámky,,Nové Zámky,146500.0
419234,Lučenec,,Lučenec,95000.0
419239,Piešťany,,Piešťany,750000.0
419241,Topoľčany,,Topoľčany,172000.0
419251,Košice,Košice,,172990.0
419297,Bratislava,Bratislava,,241000.0
419320,Zvolen,,Zvolen,127900.0
419323,Trnava,,,143000.0
419330,Bratislava,Bratislava,,252990.0
419363,Prievidza,,Bojnice,82000.0
419364,Galanta,,Galanta,138000.0
419367,Nové Zámky,,Nové Zámky,248000.0
419371,Humenné,,Humenné,119900.0
419419,Martin,,,105000.0
419446,Bratislava,Bratislava,,650000.0
419448,Humenné,,Humenné,124900.0
419451,Nové Mesto nad Váhom,,Nové Mesto nad Váhom,144900.0
419511,Bratislava,Bratislava,,324900.0
419529,Poprad,,Poprad,230000.0
419546,Žiar nad Hronom,,,63000.0
419571,Prievidza,,Prievidza,76000.0
419574,Nové Zámky,,Nové Zámky,152000.0
419585,Bratislava,Bratislava,,239900.0
419623,Bratislava,Bratislava,,349000.0
419674,Prievidza,,,119900.0
419678,Bratislava,Bratislava,,225000.0
419711,Bratislava,Bratislava,,510000.0
421650,Púchov,,Púchov,154900.0
423844,Bratislava,Bratislava,,219900.0
424478,Senica,,Senica,135000.0
424497,Levice,,Levice,97500.0
424504,Bratislava,Bratislava,,495000.0
424533,Bratislava,Bratislava,,275000.0
424540,Trnava,Trnava,,189000.0
424578,Bratislava,Bratislava,,257000.0
424635,Košice,Košice,,189900.0
424665,Levice,,Levice,98000.0
424752,Levice,,Levice,75500.0
424760,Piešťany,,Piešťany,142900.0
424772,Galanta,,,129990.0
424810,Myjava,,Myjava,110000.0
424813,Hlohovec,,Hlohovec,135000.0
424823,Senec,,,269900.0
424871,Bratislava,Bratislava,,380000.0
424873,Topoľčany,,Topoľčany,112000.0
424879,Banská Bystrica,Banská Bystrica,,349000.0
425031,Bratislava,Bratislava,,185000.0
426241,"Mateja Encingera, Devínska Nová Ves - Devínska Nová Ves, Bratislavský kraj",Bratislava,,250000.0
427064,Bratislava,Bratislava,,180000.0
427514,Bratislava,Bratislava,,220000.0
427523,Bratislava,Bratislava,,199999.0
429543,Hlohovec,,,99517.0
429547,Poprad,,,152900.0
429565,Poprad,,Poprad,289000.0
429580,Bratislava,Bratislava,,278000.0
429599,Komárno,,Komárno,71500.0
429610,Nové Zámky,,Nové Zámky,115500.0
429659,Košice,Košice,,173000.0
429667,Trnava,Trnava,,195000.0
429746,Zlaté Moravce,,,85000.0
429751,Bratislava,Bratislava,,270000.0
429767,Trnava,,,255000.0
429802,Bratislava,Bratislava,,295000.0
429829,Košice,,Moldava nad Bodvou,154990.0
429846,Bratislava,Bratislava,,356800.0
429851,Prešov,Prešov,,132990.0
429872,Banská Bystrica,Banská Bystrica,,235000.0
429899,Bratislava,Bratislava,,289900.0
429909,Prievidza,,Handlová,109000.0
429912,Ilava,,Ilava,138750.0
429925,Prievidza,,Prievidza,124999.0
429930,Bratislava,Bratislava,,255000.0
431426,Bratislava,Bratislava,,189000.0
431577,Bratislava,Bratislava,,227000.0
434146,Banská Bystrica,Banská Bystrica,,179900.0
434157,Galanta,,,180000.0
434166,Košice,Košice,,345000.0
434168,Košice,Košice,,299000.0
434169,Nové Mesto nad Váhom,,Nové Mesto nad Váhom - Okrajová časť mesta,144000.0
434184,Bratislava,Bratislava,,255000.0
434188,Žilina,Žilina,,239900.0
434192,Malacky,,Malacky,309999.0
434195,Malacky,,Malacky,172800.0
434234,Košice,Košice,,232990.0
434256,Banská Bystrica,Banská Bystrica,,215000.0
434268,Prešov,Prešov,,222000.0
434306,Zvolen,,Zvolen,120000.0
434358,Poprad,,Poprad,155000.0
434374,Galanta,,Sereď,158000.0
434378,Banská Bystrica,,,72000.0
434402,Bratislava,Bratislava,,441216.0
434410,Komárno,,Komárno,90000.0
434416,Nové Mesto nad Váhom,,Nové Mesto nad Váhom - Okrajová časť mesta,144000.0
434423,Bratislava,Bratislava,,790000.0
434441,Trnava,Trnava,,185000.0
434443,Banská Bystrica,Banská Bystrica,,180000.0
434450,Bratislava,Bratislava,,284900.0
434453,Dunajská Streda,,Dunajská Streda,158000.0
434472,Bratislava,Bratislava,,329900.0
434479,Zvolen,,Zvolen,139900.0
434485,Trnava,Trnava,,114990.0
434493,Žiar nad Hronom,,Žiar nad Hronom,104000.0
434494,Piešťany,,Piešťany,155000.0
434502,Banská Bystrica,Banská Bystrica,,119000.0
434522,Košice,Košice,,160000.0
437982,Bratislava,Bratislava,,529900.0
437984,Skalica,,Skalica,73900.0
437985,Nitra,Nitra,,177000.0
437993,Dunajská Streda,,Veľký Meder,113000.0
438001,Bratislava,Bratislava,,280000.0
438025,Žilina,Žilina,,229000.0
438036,Komárno,,Komárno,178000.0
438061,Banská Bystrica,,,229000.0
438075,Prievidza,,Handlová,86000.0
438854,Bratislava,Bratislava,,186000.0
440161,Bratislava,Bratislava,,225000.0
440496,Bratislava,Bratislava,,235000.0
440501,Bratislava,Bratislava,,260000.0
440526,Trnava,,,154900.0
440529,Košice,Košice,,215000.0
440531,Ružomberok,,Ružomberok,99000.0
440541,Trebišov,,Trebišov,123500.0
440544,Bratislava,Bratislava,,317689.0
440548,Žilina,Žilina,,224000.0
440556,Nové Zámky,,,93750.0
440560,Senec,,Senec,229900.0
440570,Prešov,Prešov,,125000.0
440593,Malacky,,Malacky,310000.0
440599,Bratislava,Bratislava,,350000.0
440605,Bratislava,,Stupava,140000.0
440671,Nitra,Nitra,,134700.0
440676,Prievidza,,Nováky,145000.0
440725,Trenčín,Trenčín,,127900.0
440746,Trebišov,,Čierna nad Tisou,25990.0
440755,Revúca,,Revúca,67490.0
440760,Trebišov,,Čierna nad Tisou,29999.0
440841,Bratislava,Bratislava,,280000.0
440859,Brezno,,Brezno,169900.0
440912,Bratislava,Bratislava,,389000.0
440949,Trnava,,,124000.0
440976,Bratislava,,Stupava,185000.0
440987,Nové Mesto nad Váhom,,Nové Mesto nad Váhom,150000.0
440988,Dunajská Streda,,,145000.0
441061,Bratislava,Bratislava,,659000.0
441076,Bratislava,Bratislava,,252000.0
441119,Bratislava,Bratislava,,284900.0
441131,Bratislava,Bratislava,,259000.0
441142,Bratislava,,,148000.0
441159,Lučenec,,Lučenec,73990.0
441163,Poprad,,Poprad,156000.0
441183,Galanta,,Galanta,145000.0
441244,Nitra,Nitra,,114000.0
441260,Nitra,Nitra,,175000.0
441311,Topoľčany,,Topoľčany,112000.0
441314,Bratislava,Bratislava,,720000.0
441406,Trnava,,,159000.0
441441,Bratislava,,Stupava,399900.0
441496,Bratislava,Bratislava,,369000.0
441500,Bratislava,Bratislava,,399000.0
441512,Myjava,,Stará Turá,94000.0
441607,Bratislava,Bratislava,,226000.0
441683,Bratislava,,Stupava,249990.0
441804,Bratislava,,Šamorín,145000.0
441810,Revúca,,Revúca,79900.0
441822,Bratislava,Bratislava,,299000.0
441835,Bratislava,Bratislava,,359000.0
441884,Senec,,,290000.0
441888,Bratislava,Bratislava,,147500.0
441893,Bratislava,Bratislava,,299500.0
441984,Nové Zámky,,,92000.0
441989,Trebišov,,Trebišov,76500.0
442078,Levice,,,44000.0
442113,Žilina,Žilina,,205990.0
442147,Bratislava,Bratislava,,180000.0
442240,Žilina,Žilina,,173523.0
442241,Piešťany,,Piešťany,190000.0
442247,Bratislava,Bratislava,,560000.0
442256,Považská Bystrica,,Považská Bystrica,204900.0
442337,Senec,,,175000.0
442340,Bratislava,Bratislava,,362000.0
442422,Pezinok,,,193000.0
442456,Bratislava,Bratislava,,234000.0
442591,Malacky,,Malacky,131500.0
442831,Levice,,Levice,87000.0
443024,Dunajská Streda,,Veľký Meder,77000.0
443049,Nitra,Nitra,,152000.0
443123,Bratislava,Bratislava,,314000.0
443215,Bratislava,Bratislava,,735000.0
446431,Košice,,,165000.0
446443,Komárno,,Komárno,73900.0
446465,Žilina,Žilina,,168000.0
446468,Bratislava,Bratislava,,309990.0
446477,Myjava,,Myjava,83000.0
446511,Zlaté Moravce,,Vráble,143000.0
446515,Považská Bystrica,,Považská Bystrica,90000.0
446526,Prešov,Prešov,,169000.0
446535,Bratislava,,Stupava,270000.0
446559,Bratislava,Bratislava,,259990.0
446614,Bratislava,Bratislava,,232990.0
446723,Žarnovica,,Žarnovica,125000.0
446754,Bratislava,Bratislava,,324900.0
446826,Dunajská Streda,,Dunajská Streda,164000.0
446834,Nitra,Nitra,,175000.0
446838,Trnava,Trnava,,429900.0
446841,Liptovský Mikuláš,,Liptovský Mikuláš,150000.0
446857,Vranov nad Topľou,,,90000.0
446858,Nitra,Nitra,,199990.0
446869,Senec,,Senec,210000.0
446878,Komárno,,Komárno,87900.0
446881,Nitra,Nitra,,153500.0
446894,Dunajská Streda,,Veľký Meder,88000.0
446900,Bratislava,Bratislava,,170000.0
446908,Košice,Košice,,377340.0
446911,Bratislava,,,190900.0
446915,Žilina,Žilina,,221500.0
446941,Humenné,,Strážske,90000.0
446953,Spišská Nová Ves,,Spišská Nová Ves,128000.0
446963,Trebišov,,Trebišov,127900.0
448146,Košice,Košice,,239000.0
449759,Bratislava,Bratislava,,184900.0
450496,Bratislava,Bratislava,,199999.0
453409,Prievidza,,Handlová,69990.0
453465,Michalovce,,Michalovce,145000.0
453471,Michalovce,,Michalovce,129900.0
453485,Bratislava,Bratislava,,219900.0
453504,Bratislava,Bratislava,,289000.0
453552,Poltár,,Poltár,58000.0
453556,Košice,Košice,,159890.0
453572,Košice,Košice,,404990.0
453573,Košice,Košice,,399990.0
453588,Bratislava,Bratislava,,415000.0
453609,Skalica,,Holíč,65900.0
453610,Dunajská Streda,,,189000.0
453612,Rimavská Sobota,,Rimavská Sobota,48990.0
453643,Liptovský Mikuláš,,Liptovský Hrádok,182252.0
453645,Liptovský Mikuláš,,Liptovský Mikuláš,156795.0
453655,Dubnica nad Váhom,,Nová Dubnica,113000.0
453659,Senica,,Senica,139900.0
453687,Malacky,,Malacky,150000.0
453703,Žilina,Žilina,,259000.0
453713,Košice,Košice,,137990.0
453732,Košice,Košice,,215800.0
453734,Bratislava,Bratislava,,395000.0
453781,Brezno,,Brezno,153000.0
458339,Bratislava,Bratislava,,144900.0
461807,Púchov,,Púchov,139000.0
464619,Púchov,,Púchov,99990.0
464865,Bratislava,Bratislava,,272000.0
464882,Piešťany,,Piešťany,153000.0
470533,Košice,Košice,,158000.0
470547,Prievidza,,Prievidza,118000.0
470549,Bratislava,Bratislava,,349000.0
470554,Bratislava,Bratislava,,650000.0
470558,Bratislava,Bratislava,,499000.0
470560,Prešov,Prešov,,304537.0
472682,Bratislava,Bratislava,,140000.0
473541,Bratislava,Bratislava,,499900.0
477088,Košice,Košice,,299000.0
477100,Nové Zámky,,Nové Zámky,239000.0
478621,Bratislava,Bratislava,,249000.0
478988,Pezinok,,Pezinok,154990.0
478997,Bratislava,Bratislava,,275000.0
479015,Košice,Košice,,195000.0
479056,Trenčín,Trenčín,,194145.0
479073,Trenčín,Trenčín,,140000.0
479086,Kežmarok,,,207000.0
479089,Bratislava,,Stupava,329000.0
479114,Nové Zámky,,Nové Zámky,125000.0
479120,Levice,,Šahy,68000.0
479123,Rimavská Sobota,,Rimavská Sobota,85000.0
479125,Prešov,Prešov,,134000.0
479133,Komárno,,Komárno,66900.0
479137,Prešov,Prešov,,219000.0
479142,Trenčín,Trenčín,,239200.0
479144,Ružomberok,,Ružomberok,67000.0
479301,Trenčín,Trenčín,,95000.0
479397,Bratislava,Bratislava,,277000.0
479459,Komárno,,Komárno,275872.0
479470,Bratislava,Bratislava,,434000.0
479540,Bratislava,Bratislava,,233900.0
479590,Bratislava,Bratislava,,399000.0
479635,Košice,Košice,,343800.0
479814,Košice,Košice,,299900.0
479906,Bratislava,Bratislava,,249000.0
479917,Bratislava,Bratislava,,199000.0
480000,Žilina,Žilina,,169000.0
480022,Bratislava,Bratislava,,239990.0
480033,Bratislava,Bratislava,,159900.0
480042,Liptovský Mikuláš,,Liptovský Mikuláš,218858.0
480054,Liptovský Mikuláš,,Liptovský Mikuláš,190321.0
480069,Levice,,Šahy,67990.0
480131,Trnava,Trnava,,247000.0
480177,Bratislava,,,229000.0
480205,Žiar nad Hronom,,Žiar nad Hronom,235000.0
480229,Spišská Nová Ves,,Spišská Nová Ves,125000.0
480235,Nitra,Nitra,,167990.0
480244,Skalica,,Holíč,127900.0
480245,Nitra,Nitra,,199990.0
480248,Trenčín,Trenčín,,149000.0
480249,Senec,,,123000.0
480250,Komárno,,Komárno,149000.0
480257,Komárno,,Komárno,248057.0
480280,Spišská Nová Ves,,Spišská Nová Ves,85000.0
480284,Komárno,,Komárno,298804.0
480302,Komárno,,Komárno,301293.0
480306,Bratislava,Bratislava,,180000.0
480329,Zvolen,,Zvolen,240000.0
480333,Bratislava,Bratislava,,236900.0
480351,Trnava,Trnava,,185000.0
480363,Levoča,,Spišské Podhradie,115000.0
480371,Komárno,,Komárno,155000.0
480374,Piešťany,,Piešťany,205000.0
480404,Banská Štiavnica,,Banská Štiavnica,99900.0
480419,Liptovský Mikuláš,,Liptovský Mikuláš,109720.0
480435,Banská Bystrica,Banská Bystrica,,169000.0
480446,Bratislava,Bratislava,,579000.0
480449,Košice,Košice,,185000.0
480471,Rimavská Sobota,,Rimavská Sobota,83000.0
480478,Bratislava,Bratislava,,180000.0
480487,Senica,,Senica,139000.0
480515,Komárno,,,79900.0
480518,"Martinengova, Bratislava - mestská časť Staré Mesto - Oblasť Drotárska cesta, Bratislavský kraj",Bratislava,,175000.0
480520,Prešov,Prešov,,184990.0
480554,Banská Bystrica,Banská Bystrica,,265000.0
480564,Bratislava,Bratislava,,399681.0
480570,Bratislava,Bratislava,,329990.0
480589,Galanta,,Sereď,148000.0
480613,Košice,Košice,,175880.0
480644,Dunajská Streda,,Dunajská Streda,96000.0
480653,Komárno,,Komárno,69900.0
480662,Žilina,Žilina,,329990.0
480667,Prešov,Prešov,,144900.0
480679,Lučenec,,Fiľakovo,54500.0
480700,Kežmarok,,,99999.0
480704,Bratislava,Bratislava,,398000.0
480705,Bratislava,Bratislava,,463141.0
480711,Martin,,,351500.0
480724,Martin,,,299500.0
480745,Martin,,,133500.0
480746,Liptovský Mikuláš,,Liptovský Mikuláš,170900.0
480760,Bratislava,Bratislava,,245604.0
480797,Senec,,,189000.0
480803,Sabinov,,Sabinov,119000.0
480808,Košice,Košice,,299000.0
480811,Bratislava,Bratislava,,249990.0
480855,Bratislava,Bratislava,,499900.0
480873,Galanta,,,113000.0
480887,Bratislava,,,145990.0
480906,Bratislava,Bratislava,,187449.0
480942,Bratislava,Bratislava,,278178.0
480947,Nitra,Nitra,,153900.0
480954,Bratislava,Bratislava,,240000.0
480971,Košice,Košice,,289000.0
480980,Nové Mesto nad Váhom,,Nové Mesto nad Váhom,150000.0
480993,Galanta,,,179900.0
481007,Humenné,,Humenné,110000.0
481016,Trebišov,,Sečovce,88000.0
481022,Bratislava,Bratislava,,280000.0
481034,Ružomberok,,,243000.0
481062,Bratislava,Bratislava,,399000.0
481064,Bratislava,Bratislava,,369999.0
481065,Košice,Košice,,200000.0
481091,Košice,Košice,,210000.0
481099,Bratislava,Bratislava,,204900.0
481115,Galanta,,Galanta,149000.0
481132,Galanta,,Sereď,144000.0
481148,Bratislava,Bratislava,,471539.0
481172,Skalica,,Gbely,94590.0
481182,Galanta,,Sereď,148000.0
481186,Levice,,Tlmače,79000.0
481208,Galanta,,Galanta,187230.0
481216,Nové Mesto nad Váhom,,Nové Mesto nad Váhom,168000.0
481218,Dubnica nad Váhom,,Trenčianske Teplice,130000.0
481229,Trebišov,,Trebišov,128000.0
481233,Bratislava,Bratislava,,247800.0
481241,Martin,,Martin,155000.0
481242,Košice,Košice,,269000.0
481258,Prievidza,,Prievidza,155000.0
481278,Galanta,,Sereď,148000.0
481319,Bratislava,Bratislava,,394000.0
481323,Liptovský Mikuláš,,Liptovský Mikuláš,246818.0
481340,Skalica,,Holíč,85000.0
481366,Bratislava,Bratislava,,215000.0
481377,Pezinok,,,288400.0
481394,Košice,Košice,,164999.0
481424,Skalica,,Skalica,229000.0
481429,Bratislava,Bratislava,,422500.0
481431,Topoľčany,,,125000.0
481462,Bratislava,Bratislava,,478300.0
481504,Bratislava,Bratislava,,262000.0
481543,Bratislava,Bratislava,,743000.0
481567,Bratislava,Bratislava,,219999.0
481568,Bratislava,Bratislava,,765800.0
481578,Komárno,,Komárno,69900.0
481597,Sabinov,,,28000.0
481698,Zvolen,,Zvolen,164900.0
481713,Bratislava,Bratislava,,678460.0
481716,Liptovský Mikuláš,,Liptovský Mikuláš,143000.0
481728,Bratislava,Bratislava,,498700.0
481742,Senica,,,89000.0
481767,Nitra,Trnava,,160000.0
481777,Zvolen,,Zvolen,255000.0
481782,Trnava,Trnava,,525000.0
481800,Bratislava,Bratislava,,699200.0
481821,Liptovský Mikuláš,,Liptovský Mikuláš,295000.0
481834,Košice,Košice,,128500.0
481875,Žilina,Žilina,,167000.0
481889,Bratislava,Bratislava,,328300.0
481892,Bratislava,Bratislava,,170000.0
481894,Pezinok,,Pezinok,177900.0
481921,Košice,Košice,,199000.0
481936,Levice,,Levice,108000.0
481981,Bratislava,Bratislava,,329000.0
482000,Kežmarok,,Vysoké Tatry,356000.0
482043,Galanta,,Galanta,177500.0
482053,Ružomberok,,Ružomberok,138000.0
482094,Zlaté Moravce,,Zlaté Moravce,120000.0
482113,Nové Zámky,,Nové Zámky,123000.0
482148,Bratislava,Bratislava,,433000.0
482152,Prievidza,,Prievidza,142000.0
482155,Bratislava,Bratislava,,900000.0
482224,Bratislava,Bratislava,,219100.0
482276,Bratislava,Bratislava,,256000.0
482298,Zlaté Moravce,,Zlaté Moravce,128000.0
482328,Košice,Košice,,154000.0
482370,Rožňava,,Rožňava,53000.0
482379,Poprad,,Poprad,123000.0
482385,Zlaté Moravce,,Zlaté Moravce,119000.0
482386,Brezno,,,70000.0
482396,Bratislava,Bratislava,,220000.0
482402,Komárno,,Komárno,139900.0
482404,Bratislava,Bratislava,,241000.0
482543,Bratislava,Bratislava,,330000.0
484326,Nitra,Nitra,,128000.0
484360,Bratislava,Bratislava,,569000.0
484364,Bratislava,Bratislava,,308943.0
484372,Bratislava,Bratislava,,284900.0
484584,Trnava,Trnava,,125000.0
486706,Zvolen,,Zvolen,199000.0
488995,Košice,Košice,,249990.0
489011,Dolný Kubín,,,180000.0
489014,Bratislava,Bratislava,,374000.0
489019,Bratislava,Bratislava,,250000.0
489020,Banská Bystrica,Banská Bystrica,,339000.0
489035,Bratislava,Bratislava,,259000.0
492689,Bratislava,Bratislava,,189950.0
492703,"Školská, Považská Bystrica - Považská Bystrica, Trenčiansky kraj",,Považská Bystrica,175000.0
492714,Poprad,,Poprad,114000.0
492735,Bratislava,Bratislava,,329900.0
492737,Bratislava,Bratislava,,239999.0
495486,Púchov,,Púchov,139000.0
496011,Košice,Košice,,228000.0
496035,Bánovce nad Bebravou,,,89400.0
496037,Košice,Košice,,184000.0
496103,Bratislava,Bratislava,,269900.0
496169,Košice,Košice,,159900.0
497387,Dunajská Streda,,Dunajská Streda,136500.0
500104,Bratislava,Bratislava,,289000.0
500114,Bratislava,Bratislava,,290000.0
500116,Bratislava,Bratislava,,269000.0
500165,Banská Bystrica,Banská Bystrica,,135000.0
500169,Bratislava,Bratislava,,550000.0
500183,Bratislava,Bratislava,,315000.0
503095,Košice,Košice,,204900.0
503109,Košice,Košice,,186000.0
503121,Bratislava,Bratislava,,234000.0
503125,Bratislava,Bratislava,,229900.0
504388,Prešov,,,170631.0
516711,Bardejov,Trnava,,135000.0
520006,Rožňava,,Rožňava,84500.0
520726,Dunajská Streda,,Dunajská Streda,128000.0
520733,Banská Bystrica,,,259000.0
520735,Bratislava,Bratislava,,234900.0
520751,Žiar nad Hronom,,Žiar nad Hronom,54990.0
520753,Púchov,,Púchov,209000.0
520758,Spišská Nová Ves,,Spišská Nová Ves,129000.0
520766,Považská Bystrica,,Považská Bystrica,95000.0
520816,Bratislava,,,163000.0
520820,Bratislava,Bratislava,,270000.0
520836,Pezinok,,Pezinok,299990.0
520856,Lučenec,,Lučenec,88000.0
520865,Skalica,,Holíč,119999.0
520876,Humenné,,Humenné,126900.0
520913,Bratislava,Bratislava,,314000.0
520922,Senica,,Senica,129900.0
520988,Poprad,,Poprad,154990.0
520998,Pezinok,,Pezinok,229000.0
521001,Dubnica nad Váhom,,Dubnica nad Váhom,159990.0
521004,Senec,,Senec,249000.0
521028,Levice,,Levice,137990.0
521095,Nitra,Nitra,,218000.0
521096,Levice,,Levice,118000.0
521103,Komárno,,Komárno,89800.0
521121,Liptovský Mikuláš,,,179000.0
521343,Košice,Košice,,192000.0
521350,Bratislava,Bratislava,,314900.0
521352,Banská Bystrica,,,230000.0
521353,Komárno,,Komárno,84900.0
521368,Bratislava,Bratislava,,245900.0
521372,Žilina,Žilina,,186700.0
521376,Zvolen,,Zvolen,79500.0
521412,Bratislava,Bratislava,,258000.0
521500,Nitra,Nitra,,149900.0
521601,Liptovský Mikuláš,,Liptovský Mikuláš,144000.0
521634,Bratislava,,Stupava,237000.0
521639,Bratislava,,,228000.0
521646,Bratislava,Bratislava,,245000.0
521665,Žilina,Žilina,,149000.0
521667,Galanta,,Galanta,122460.0
521682,Bratislava,,,184990.0
521688,Galanta,,Galanta,250380.0
521761,Levice,,,99500.0
521767,Zvolen,,Zvolen,129000.0
521773,Levice,,Levice,86500.0
521805,Dubnica nad Váhom,,Trenčianske Teplice,105000.0
521806,Liptovský Mikuláš,,Liptovský Mikuláš,246752.0
521813,Poltár,,,35000.0
521822,Košice,Košice,,315000.0
521824,Bratislava,Bratislava,,429000.0
521833,Košice,Košice,,437500.0
521835,Žilina,Žilina,,168000.0
521837,Zvolen,,Zvolen,191999.0
521866,Bratislava,Bratislava,,318000.0
521873,Košice,Košice,,395500.0
521887,Košice,Košice,,425500.0
521921,Košice,Košice,,369000.0
521925,Dunajská Streda,,Dunajská Streda,123990.0
521935,Košice,Košice,,289500.0
521977,Poprad,,Vysoké Tatry,240000.0
522013,Dunajská Streda,,,129999.0
522060,Galanta,,Sereď,129000.0
522087,Žilina,Žilina,,169200.0
522135,Skalica,,Holíč,69900.0
522140,Zvolen,,Zvolen,148000.0
522145,Košice,Košice,,212990.0
522171,Košice,Košice,,188000.0
522180,Bratislava,Bratislava,,227900.0
522182,Prešov,Prešov,,165000.0
522201,Prešov,Prešov,,199000.0
522223,Trnava,Trnava,,229000.0
522228,Nové Zámky,,,128000.0
522231,Bratislava,Bratislava,,299900.0
522255,Pezinok,,Pezinok,139999.0
522266,Trenčín,Trenčín,,186000.0
522268,Bratislava,Bratislava,,1399900.0
522275,Bratislava,Bratislava,,699900.0
522283,Bratislava,Bratislava,,199000.0
522284,Nové Zámky,,Nové Zámky,159000.0
522287,Galanta,,Galanta,149900.0
522288,Žilina,,,126377.0
522292,Bratislava,Bratislava,,375000.0
522306,Bratislava,Bratislava,,166000.0
522310,Dunajská Streda,,Veľký Meder,104500.0
522312,Komárno,,Komárno,149900.0
522325,Dunajská Streda,,Veľký Meder,88000.0
522327,Galanta,,Galanta,145000.0
522349,Košice,,,215000.0
522351,Trebišov,,Čierna nad Tisou,39990.0
522368,Brezno,,,195000.0
522376,Bratislava,Bratislava,,389000.0
522388,Nitra,Nitra,,139990.0
522390,Bratislava,Bratislava,,269900.0
522438,Bratislava,Bratislava,,196763.0
522456,Bratislava,Bratislava,,255000.0
522459,Nové Mesto nad Váhom,,Nové Mesto nad Váhom,138000.0
522475,Bratislava,Bratislava,,174000.0
522528,Bratislava,,,240000.0
522529,Ružomberok,,Ružomberok,125000.0
522564,Zvolen,,Zvolen,230000.0
522566,Senica,,,69000.0
522570,Pezinok,,Pezinok,200000.0
522577,Bratislava,Bratislava,,393750.0
522579,Bratislava,Bratislava,,700000.0
522592,Banská Bystrica,Banská Bystrica,,196990.0
522600,Bratislava,Bratislava,,519750.0
522601,Banská Bystrica,Banská Bystrica,,210000.0
522608,Pezinok,,Pezinok,177000.0
522617,Bratislava,,Stupava,195000.0
522630,Bratislava,Bratislava,,229900.0
522639,Trebišov,,Kráľovský Chlmec,63000.0
522648,Trenčín,Trenčín,,136900.0
522650,Komárno,,Komárno,90000.0
522651,Žilina,,,170205.0
522669,Banská Bystrica,Banská Bystrica,,340000.0
522713,Bratislava,Bratislava,,602000.0
522732,Bratislava,,,295000.0
522751,Zvolen,,Zvolen,99900.0
522816,Nitra,Nitra,,164990.0
522831,Bratislava,Bratislava,,309000.0
522879,Trnava,Trnava,,219900.0
522902,Nitra,Nitra,,169999.0
522944,Žilina,,,211272.0
522948,Považská Bystrica,,Považská Bystrica,114000.0
522958,Pezinok,,,189000.0
522977,Humenné,,Humenné,99000.0
523007,Banská Bystrica,Banská Bystrica,,183500.0
523063,Košice,Košice,,239990.0
523069,Galanta,,Galanta,148000.0
523126,Bratislava,Bratislava,,229000.0
523168,Šaľa,,Šaľa,125000.0
523177,Prešov,Prešov,,209000.0
523205,Nové Zámky,,Nové Zámky,139000.0
523271,Žilina,,,229282.0
523287,Bratislava,Bratislava,,234990.0
523292,Dunajská Streda,,Dunajská Streda,128000.0
523303,Žilina,,,204838.0
523323,Bratislava,Bratislava,,159900.0
523342,Košice,Košice,,214999.0
523346,Košice,Košice,,175500.0
523357,Malacky,,Malacky,175000.0
523386,Žilina,,,220727.0
523403,Bratislava,Bratislava,,239900.0
523435,Bratislava,,Šamorín,275000.0
523460,Senec,,Senec,194700.0
523494,Turčianske Teplice,,Turčianske Teplice,127000.0
523507,Galanta,,Sereď,132900.0
523527,Bratislava,Bratislava,,318000.0
523529,Banská Bystrica,Banská Bystrica,,233200.0
523539,Trenčín,Trenčín,,189000.0
523544,Komárno,,Komárno,68500.0
523558,Trenčín,Trenčín,,189000.0
523566,Trnava,Trnava,,219400.0
523570,Levice,,Šahy,68000.0
523582,Trnava,Trnava,,179000.0
523628,Stará Ľubovňa,,Podolínec,179900.0
523635,Revúca,,Revúca,69999.0
523662,Bratislava,Bratislava,,245000.0
523667,Galanta,,Sereď,129000.0
523732,Bratislava,Bratislava,,850000.0
523748,Košice,Košice,,175000.0
523811,Liptovský Mikuláš,,Liptovský Mikuláš,230000.0
523820,Žilina,Žilina,,165000.0
523827,Zlaté Moravce,,Zlaté Moravce,118000.0
523836,Košice,Košice,,186500.0
523851,Senec,,,286000.0
523873,Bratislava,Bratislava,,80000.0
523900,Martin,,Martin,135000.0
523912,Galanta,,Galanta,114900.0
523932,Bratislava,Bratislava,,180000.0
523961,Bratislava,,Šamorín,164990.0
523981,Dunajská Streda,,,109900.0
523985,Nitra,Nitra,,170000.0
523992,Topoľčany,,Topoľčany,195000.0
524021,Bratislava,Bratislava,,579000.0
524038,Dunajská Streda,,Dunajská Streda,179000.0
524042,Bratislava,Bratislava,,254900.0
524056,Zvolen,,Zvolen,78000.0
524088,Bratislava,Bratislava,,245900.0
524091,Poprad,,,179900.0
524121,Bratislava,,,209000.0
524142,Myjava,,Myjava,105000.0
524165,Čadca,,,159900.0
524177,Komárno,,Štúrovo,115000.0
524197,Myjava,,Myjava,67500.0
524220,Bratislava,Bratislava,,259000.0
524305,Šaľa,,Šaľa,125000.0
524324,Krupina,,Krupina,70000.0
524365,Poprad,,Poprad,89900.0
524403,Prešov,Prešov,,314990.0
524412,Michalovce,,Michalovce,102990.0
524417,Šaľa,,Šaľa,103990.0
524454,Martin,,Martin,119600.0
524504,Bratislava,Bratislava,,234900.0
524508,Bratislava,Bratislava,,379086.0
524509,Stará Ľubovňa,,Stará Ľubovňa,194670.0
524533,Hlohovec,,Hlohovec,92000.0
524536,Prievidza,,Prievidza,87000.0
524555,Košice,Košice,,209990.0
524556,Banská Bystrica,Banská Bystrica,,249900.0
524558,Bratislava,Bratislava,,320000.0
524582,Bratislava,Bratislava,,364449.0
524618,Bratislava,Bratislava,,192372.0
524641,Trenčín,Trenčín,,220000.0
524644,Liptovský Mikuláš,,Liptovský Mikuláš,179900.0
524669,Bratislava,Bratislava,,218325.0
524686,Bardejov,,Bardejov,138990.0
524701,Liptovský Mikuláš,,Liptovský Mikuláš,177000.0
524704,Humenné,,Humenné,110000.0
524751,Piešťany,,Piešťany,155000.0
524755,Trnava,Trnava,,140000.0
524775,Bratislava,Bratislava,,205000.0
524793,Martin,,Martin,95000.0
524801,Banská Štiavnica,,Banská Štiavnica,129900.0
524804,Nové Zámky,,Nové Zámky,130000.0
524837,Nitra,Nitra,,153990.0
524844,Bratislava,Bratislava,,298990.0
524856,Martin,,Martin,95000.0
524882,Bratislava,Bratislava,,322383.0
524903,Bratislava,Bratislava,,150000.0
524919,Bratislava,Bratislava,,278000.0
524922,Trnava,Trnava,,285000.0
524945,Čadca,,Čadca,133500.0
524949,Malacky,,Malacky,245000.0
524964,Bratislava,Bratislava,,319000.0
524978,Bratislava,Bratislava,,229000.0
524981,Bratislava,Bratislava,,259000.0
524996,Bratislava,Bratislava,,232000.0
525023,Komárno,,Komárno,66900.0
525025,Myjava,,Myjava,67900.0
525069,Martin,,Martin,169000.0
525111,Bratislava,Bratislava,,260000.0
525118,Šaľa,,Šaľa,119000.0
525150,Bratislava,Bratislava,,230000.0
525206,Trnava,Trnava,,215000.0
525234,Prešov,Prešov,,350000.0
525238,Senica,,Senica,93000.0
525239,Trenčín,Trenčín,,159000.0
525244,Galanta,,Sereď,129000.0
525254,Bratislava,Bratislava,,359900.0
525255,Bratislava,Bratislava,,299900.0
525257,Nové Zámky,,Nové Zámky,138000.0
525281,Nitra,Nitra,,134700.0
525283,Nitra,Nitra,,182300.0
525305,Dubnica nad Váhom,,Nová Dubnica,128500.0
525309,Bratislava,Bratislava,,1250000.0
525325,Komárno,,Komárno,84900.0
525373,Zvolen,,Zvolen,95000.0
525374,Košice,Košice,,213000.0
525387,Trnava,Trnava,,202000.0
525402,Nitra,,,103000.0
525482,Zvolen,,Zvolen,118000.0
525622,Trnava,,Skalica,279000.0
525679,Turčianske Teplice,,,63000.0
525686,Bratislava,Bratislava,,238000.0
525718,Dunajská Streda,,Šamorín,259500.0
525728,Trnava,Trnava,,234900.0
525730,Kežmarok,,,169000.0
525740,Trnava,,,189900.0
525747,Komárno,,Komárno,83000.0
525756,Komárno,,Komárno,111212.0
525763,Košice,Košice,,198000.0
525765,Komárno,,Komárno,201648.0
525769,Snina,,Snina,81900.0
525771,Komárno,,Komárno,128860.0
525779,Komárno,,Komárno,130157.0
525784,Partizánske,,Partizánske,108000.0
525786,Komárno,,Komárno,209100.0
525793,Piešťany,,Piešťany,152000.0
525796,Komárno,,Komárno,187485.0
525802,Brezno,,,275000.0
525806,Martin,,Martin,144000.0
525812,Brezno,,,199900.0
525815,Komárno,,Komárno,86883.0
525823,Komárno,,Komárno,106493.0
525828,Banská Bystrica,Banská Bystrica,,225000.0
525830,Komárno,,Komárno,158381.0
525850,Bratislava,Bratislava,,259000.0
525856,Levice,,Levice,120000.0
525863,Levice,,Levice,120000.0
525874,Pezinok,,,155000.0
525881,Banská Bystrica,Radvaň,,175000.0
525882,Banská Bystrica,,,240000.0
525883,Prievidza,,Prievidza,118450.0
525891,Skalica,,Skalica,119900.0
525892,Bratislava,Bratislava,,259990.0
525893,Bratislava,Bratislava,,1089000.0
525903,Malacky,,Malacky,169000.0
525911,Poprad,,Vysoké Tatry,220000.0
525914,Brezno,,Brezno,146900.0
525948,Martin,,Martin,155000.0
525957,Levice,,Šahy,41000.0
525961,Žiar nad Hronom,,Žiar nad Hronom,72500.0
525984,Nové Mesto nad Váhom,,Nové Mesto nad Váhom,109990.0
525988,Humenné,,Humenné,114000.0
525999,Humenné,,Humenné,130000.0
526000,Košice,Košice,,186990.0
526008,Trenčín,Trenčín,,399900.0
526010,Bratislava,Bratislava,,250000.0
526015,Trebišov,,Trebišov,135000.0
526016,Bratislava,Bratislava,,190000.0
526018,Skalica,,Skalica,92000.0
544773,Žilina,Žilina,,215000.0
544800,Bratislava,Bratislava,,219900.0
544802,Martin,,Martin,142400.0
544823,"Žltá, Petržalka - Lúky, Bratislavský kraj",Bratislava,,410000.0
567092,Poprad,,,109000.0
567107,Bratislava,Bratislava,,314277.0
567114,Bratislava,Bratislava,,499000.0
567116,Topoľčany,,Topoľčany,169900.0
567129,Topoľčany,,Topoľčany,179999.0
567134,"K Železnej studienke, Bratislava - mestská časť Staré Mesto - Oblasť Patrónka, Bratislavský kraj",Bratislava,,489000.0
570929,Liptovský Mikuláš,,Liptovský Mikuláš,79990.0
570945,Bratislava,Bratislava,,209000.0
570955,Bratislava,Bratislava,,169990.0
570975,Bratislava,Bratislava,,299900.0
570995,Martin,,Martin,96900.0
574175,Nitra,Nitra,,185000.0
574179,Spišská Nová Ves,,Spišská Nová Ves,149500.0
574181,Banská Bystrica,,,183000.0
574186,Bratislava,Bratislava,,269500.0
574196,Malacky,,Malacky,154500.0
574198,Trnava,Trnava,,169700.0
574200,Prievidza,,Handlová,57000.0
574201,Banská Bystrica,,,269900.0
574209,Bratislava,Bratislava,,204900.0
574218,Košice,Košice,,258000.0
574220,Trnava,Trnava,,234900.0
577223,Trnava,Trnava,,435000.0
577250,Bratislava,Bratislava,,239900.0
577260,Trnava,,,218500.0
577262,Košice,Košice,,223000.0
577263,Ružomberok,,Ružomberok,160000.0
577269,Bratislava,Bratislava,,310000.0
580386,Košice,Košice,,229500.0
580390,Zlaté Moravce,,Zlaté Moravce,128000.0
580391,Zlaté Moravce,,Zlaté Moravce,117000.0
580392,Zlaté Moravce,,Zlaté Moravce,180000.0
582288,Košice,Košice,,215000.0
582295,Komárno,,Komárno,120000.0
582300,Kežmarok,,Kežmarok,149990.0
582312,Poprad,,Vysoké Tatry,266509.0
582318,Trnava,,Skalica,217000.0
582350,Bratislava,Bratislava,,299990.0
582358,Košice,Košice,,169000.0
582369,Bratislava,Bratislava,,212000.0
582388,Spišská Nová Ves,,,120000.0
582406,Zvolen,,Zvolen,123000.0
582417,Piešťany,,Piešťany,149900.0
582421,Piešťany,,Piešťany,120000.0
582441,Dunajská Streda,,Dunajská Streda,100000.0
582453,Bratislava,Bratislava,,328000.0
582482,Trnava,Trnava,,169990.0
582483,Banská Bystrica,,,208000.0
582498,Lučenec,,Lučenec,123000.0
582508,Košice,Košice,,185000.0
582519,Bratislava,Bratislava,,142900.0
582535,Bratislava,Bratislava,,325000.0
582540,Rimavská Sobota,,Rimavská Sobota,65000.0
582546,Banská Bystrica,Banská Bystrica,,175000.0
582563,Michalovce,,Michalovce,138000.0
582567,Liptovský Mikuláš,,Liptovský Mikuláš,159000.0
582571,Bratislava,Bratislava,,364900.0
582573,Topoľčany,,Topoľčany,105000.0
582576,Michalovce,,Michalovce,120000.0
582580,Galanta,,Galanta,139990.0
582582,Bratislava,Bratislava,,290000.0
582602,Trenčín,Trenčín,,139900.0
582603,Brezno,,,320000.0
582605,Brezno,,,182800.0
582608,Brezno,,,199900.0
582616,Bratislava,Bratislava,,204000.0
582619,Bratislava,Bratislava,,285950.0
582624,Banská Bystrica,,,337900.0
582627,Banská Bystrica,,,259900.0
582652,Prešov,Prešov,,159000.0
582656,Žilina,Žilina,,166540.0
582661,Bratislava,Bratislava,,235000.0
582669,Komárno,,Komárno,85900.0
582680,Levice,,Tlmače,98000.0
582700,Malacky,,Malacky,162000.0
582713,Michalovce,,Michalovce,123000.0
582726,Nové Zámky,,Nové Zámky,131000.0
582735,Košice,Košice,,209900.0
582739,Nové Zámky,,Nové Zámky,125000.0
582770,Košice,Košice,,209000.0
582829,Spišská Nová Ves,,Spišská Nová Ves,134000.0
582847,Poltár,,Poltár,67999.0
582849,Nitra,,,160000.0
582859,Lučenec,,Lučenec,89999.0
582870,Bánovce nad Bebravou,,Bánovce nad Bebravou,146000.0
582889,Bratislava,Bratislava,,195999.0
582912,Bratislava,Bratislava,,269000.0
582928,Senec,,Senec,209990.0
582947,Košice,Košice,,239800.0
582963,Bratislava,Bratislava,,270000.0
582983,Lučenec,,Lučenec,104999.0
583010,Zvolen,,Zvolen,215000.0
583015,Vranov nad Topľou,,Vranov nad Topľou,126990.0
583019,Bratislava,Bratislava,,339000.0
583033,Bratislava,Bratislava,,226600.0
583034,Partizánske,,Partizánske,115000.0
583051,Banská Bystrica,Banská Bystrica,,218000.0
583090,Pezinok,,Modra,199400.0
583092,Košice,Košice,,215000.0
583094,Banská Bystrica,Banská Bystrica,,207000.0
583102,Partizánske,,Partizánske,101990.0
583103,Košice,Košice,,194900.0
583108,Bratislava,Bratislava,,220000.0
583112,Brezno,,Brezno,129000.0
583115,Rimavská Sobota,,Rimavská Sobota,67500.0
583124,Košice,Košice,,410900.0
583126,Bratislava,Bratislava,,413000.0
583129,Bratislava,Bratislava,,294000.0
583130,Dunajská Streda,,,139999.0
583133,Bratislava,Bratislava,,393400.0
583137,Bratislava,Bratislava,,435475.0
583144,Pezinok,,,215700.0
583161,Košice,Košice,,270000.0
583172,Spišská Nová Ves,,Spišská Nová Ves,125500.0
583192,Košice,Košice,,225000.0
583196,Bratislava,Bratislava,,281748.0
583197,Považská Bystrica,,Považská Bystrica,105000.0
583200,Senec,,,158000.0
583206,Komárno,,Komárno,76500.0
583211,Bratislava,Bratislava,,220000.0
583225,Bratislava,Bratislava,,118000.0
583234,Trnava,Trnava,,199900.0
583247,Dunajská Streda,,Dunajská Streda,133000.0
583256,Bratislava,Bratislava,,326805.0
583269,Nové Zámky,,Nové Zámky,118000.0
583272,Liptovský Mikuláš,,Liptovský Mikuláš,218000.0
583278,Bratislava,Bratislava,,240000.0
583309,Galanta,,Sereď,149900.0
583317,Dunajská Streda,,Dunajská Streda,145000.0
583320,Dubnica nad Váhom,,Trenčianske Teplice,149000.0
583328,Bratislava,Bratislava,,410999.0
583331,Martin,,Vrútky,95000.0
583348,Dunajská Streda,,Dunajská Streda,150000.0
583369,Bratislava,Bratislava,,282000.0
583387,Bratislava,Bratislava,,536074.0
583388,Ružomberok,,Ružomberok,172000.0
583391,Galanta,,Sereď,128000.0
583404,Bratislava,Bratislava,,209990.0
583409,Banská Bystrica,Banská Bystrica,,419900.0
583421,Bratislava,Bratislava,,289900.0
583425,"Javornícka, Banská Bystrica - Sásová, Banskobystrický kraj",Banská Bystrica,,225000.0
583426,"Jozefa Cígera Hronského, Nové Mesto - Nové Mesto, Bratislavský kraj",Bratislava,,272000.0
583434,Bratislava,Bratislava,,275000.0
583435,Brezno,,,190000.0
583447,Trnava,Trnava,,189900.0
583470,Myjava,,Myjava,105000.0
583472,Košice,Košice,,116000.0
583481,Lučenec,,Lučenec,130000.0
583489,Bratislava,Bratislava,,320000.0
583496,Nitra,Nitra,,144000.0
583504,Spišská Nová Ves,,Spišská Nová Ves,123900.0
583517,Bratislava,Bratislava,,349000.0
583519,Prešov,Prešov,,139000.0
583520,Trnava,Trnava,,179900.0
583530,Bratislava,Bratislava,,280000.0
583532,Košice,Košice,,182000.0
583546,Michalovce,,Michalovce,403150.0
583553,Michalovce,,Michalovce,143990.0
583555,Brezno,,Brezno,90000.0
583561,Košice,Košice,,185000.0
583570,Žilina,Žilina,,194990.0
583596,Skalica,,Holíč,75000.0
583599,Bratislava,Bratislava,,250000.0
583609,Žilina,Žilina,,185000.0
583611,Dunajská Streda,,Dunajská Streda,89000.0
583617,Zvolen,,Zvolen,165000.0
583621,Poprad,,Poprad,164900.0
583632,Bratislava,Bratislava,,319990.0
583636,Košice,Košice,,280000.0
583654,Bratislava,Bratislava,,236900.0
583661,Martin,,Martin,135000.0
583691,Dunajská Streda,,Dunajská Streda,165000.0
583692,Trnava,Trnava,,259000.0
583695,Bytča,,Veľká Bytča,116500.0
583700,Trnava,Trnava,,186900.0
583713,Bratislava,Bratislava,,224900.0
583717,Bratislava,Bratislava,,305000.0
583724,Dolný Kubín,,,103000.0
583757,Bratislava,Bratislava,,339000.0
583788,Bratislava,Bratislava,,359000.0
583807,Bratislava,Bratislava,,279990.0
583813,Galanta,,,113000.0
583818,Bratislava,Bratislava,,334900.0
583827,Bratislava,Bratislava,,319000.0
583835,Myjava,,Myjava,125000.0
583845,Bratislava,,Stupava,189990.0
583851,Bratislava,Bratislava,,159900.0
583901,Nitra,,,239000.0
583910,Levoča,,Levoča,135000.0
583917,Košice,Košice,,246909.0
583921,Poprad,,Poprad,349900.0
583930,Čadca,,Čadca,175000.0
583949,Banská Bystrica,Banská Bystrica,,209000.0
583959,Bratislava,Bratislava,,380000.0
583960,Košice,Košice,,242928.0
583965,Pezinok,,,264900.0
583967,Pezinok,,Pezinok,175900.0
583973,Dunajská Streda,,,159900.0
583977,Bratislava,Bratislava,,249900.0
583979,Bratislava,Bratislava,,264500.0
583983,Kežmarok,,,179900.0
583998,Dunajská Streda,,Dunajská Streda,119900.0
584005,Pezinok,,,169900.0
584006,Trenčín,Trenčín,,145000.0
584007,Žilina,,Rajecké Teplice,173523.0
584009,Poprad,,Poprad,215000.0
584015,Komárno,,Komárno,120000.0
584019,Spišská Nová Ves,,Spišská Nová Ves,134900.0
584078,Pezinok,,Svätý Jur,174900.0
584105,Žilina,Žilina,,310900.0
584109,Trenčín,Trenčín,,218400.0
584114,Prešov,Prešov,,136990.0
584117,Trnava,Trnava,,145000.0
584119,Pezinok,,Modra,219500.0
584127,Košice,Košice,,519900.0
584160,Bratislava,Bratislava,,140000.0
584164,Nitra,Nitra,,168500.0
584169,Pezinok,,,199000.0
584174,Bratislava,,,168500.0
584178,Bratislava,Bratislava,,172840.0
584204,Malacky,,Malacky,158000.0
584217,Prešov,Prešov,,164990.0
584225,Bratislava,Bratislava,,544990.0
584227,Banská Štiavnica,,Banská Štiavnica,119000.0
584228,Zvolen,,Zvolen,122000.0
584236,Malacky,,Malacky,165000.0
584238,Šaľa,,Šaľa,119000.0
584240,Prievidza,,Prievidza,123000.0
584242,Považská Bystrica,,Považská Bystrica,98900.0
584248,Bratislava,Bratislava,,415000.0
584252,Trenčín,Trenčín,,89900.0
584268,Prievidza,,Prievidza,87000.0
584270,Trnava,Trnava,,207000.0
584273,Galanta,,Galanta,146000.0
584279,Ružomberok,,Ružomberok,126000.0
584294,Trenčín,Trenčín,,174000.0
584302,Nitra,Nitra,,165000.0
584333,Košice,Košice,,354000.0
584342,Kežmarok,,Kežmarok,120000.0
584348,Nitra,Nitra,,167990.0
584351,Považská Bystrica,,Považská Bystrica,132000.0
584354,Bratislava,Bratislava,,640000.0
584367,Bratislava,Bratislava,,460000.0
584383,Komárno,,Komárno,120000.0
584405,Banská Bystrica,Banská Bystrica,,225000.0
584407,Nitra,Nitra,,183990.0
584412,Levoča,,Spišské Podhradie,115900.0
584443,Bánovce nad Bebravou,,Bánovce nad Bebravou,85000.0
584463,Bratislava,Bratislava,,274990.0
584498,Púchov,,Púchov,189000.0
584501,Banská Bystrica,Banská Bystrica,,187000.0
584510,Bratislava,Bratislava,,212000.0
584513,Spišská Nová Ves,,Spišská Nová Ves,123000.0
584516,Bratislava,Bratislava,,171241.0
584523,Čadca,,,157000.0
584524,Košice,Košice,,243000.0
584567,Pezinok,,,219900.0
584569,Žilina,Žilina,,215000.0
584573,Košice,Košice,,157990.0
584580,Pezinok,,Modra,178500.0
584630,Pezinok,,Modra,221700.0
584636,Nitra,Nitra,,219390.0
584644,Revúca,,Revúca,65000.0
584647,Senica,,Senica,79900.0
584669,Košice,,,219900.0
584672,Pezinok,,,206900.0
584699,Košice,Košice,,215000.0
584701,Pezinok,,Pezinok,263000.0
584723,Pezinok,,Modra,235900.0
584772,Košice,Košice,,229000.0
584779,Malacky,,,99900.0
584800,Dunajská Streda,,Dunajská Streda,205000.0
584874,Levice,,Šahy,68000.0
584875,Trenčín,Trenčín,,130000.0
584876,Žilina,Žilina,,184900.0
584878,Trnava,Trnava,,170000.0
584886,Michalovce,,,115000.0
584890,Bratislava,Bratislava,,249900.0
584891,Turčianske Teplice,,Turčianske Teplice,135000.0
584894,Komárno,,Štúrovo,88900.0
584896,Šaľa,,Šaľa,125000.0
584910,Poprad,,,129000.0
584923,Bratislava,Bratislava,,364000.0
584925,Žarnovica,,Nová Baňa,124999.0
584944,Bratislava,Bratislava,,175000.0
584959,Trenčín,Trenčín,,260000.0
584961,Lučenec,,,61000.0
584979,Bratislava,Bratislava,,180000.0
584982,Komárno,,,99000.0
584983,Poprad,,,147900.0
585000,Bratislava,Bratislava,,216990.0
585003,Bratislava,Bratislava,,241000.0
585005,Sabinov,,Sabinov,119800.0
585009,Komárno,,Komárno,105000.0
585015,Bratislava,Bratislava,,759000.0
585060,Bratislava,Bratislava,,215000.0
585066,Prešov,Prešov,,184990.0
585076,Bratislava,Bratislava,,334000.0
585077,Rimavská Sobota,,Rimavská Sobota,69500.0
585108,Bratislava,Bratislava,,288000.0
585115,Humenné,,Humenné,85000.0
585116,Poprad,,Poprad,169900.0
585123,Košice,Košice,,195000.0
585135,Pezinok,,,246000.0
585139,Revúca,,Revúca,105600.0
585141,Martin,,Martin,145000.0
585146,Bratislava,Bratislava,,259900.0
585148,Bratislava,Bratislava,,494000.0
585164,Bratislava,Bratislava,,166000.0
585182,Košice,Košice,,191900.0
585190,Komárno,,Komárno,84900.0
585199,Trenčín,Trenčín,,164900.0
585229,Levice,,Tlmače,75000.0
585243,Bratislava,Bratislava,,230000.0
585254,Žiar nad Hronom,,Žiar nad Hronom,85000.0
585266,Šaľa,,Šaľa,98000.0
585280,Brezno,,,145000.0
585281,Levice,,Tlmače,94900.0
585288,Košice,Košice,,207000.0
585298,Brezno,,Brezno,143000.0
585357,Pezinok,,,199000.0
585372,Šaľa,,Šaľa,119000.0
587397,Nové Zámky,,Nové Zámky,123000.0
587402,Košice,Košice,,189000.0
587423,Bratislava,Bratislava,,359900.0
587467,Bratislava,Bratislava,,287115.0
587470,"Jégého, Ružinov - Nivy, Bratislavský kraj",Bratislava,,275000.0
591847,Bratislava,Bratislava,,199990.0
591848,Trenčín,Trenčín,,294000.0
591866,Bratislava,Bratislava,,210000.0
591881,Košice,Košice,,169900.0
595439,Žarnovica,,,49990.0
595441,Senec,,Senec,159000.0
595448,Bratislava,Bratislava,,164400.0
595450,Martin,,Martin,166000.0
595457,Krupina,,,135000.0
595467,Bratislava,Bratislava,,271475.0
595471,Bratislava,Bratislava,,171000.0
595473,Dunajská Streda,,Dunajská Streda,99900.0
595486,"Bajzova, Ružinov - Nivy, Bratislavský kraj",Bratislava,,300000.0
598604,Dunajská Streda,,Dunajská Streda,145000.0
598618,Prievidza,,Prievidza,118000.0
598620,Hlohovec,,Hlohovec,138200.0
598621,Košice,Košice,,195000.0
598622,Trenčín,Trenčín,,125000.0
598624,Zlaté Moravce,,Vráble,169900.0
598625,Nitra,Nitra,,259900.0
598628,Martin,,Martin,158000.0
598641,Bratislava,Bratislava,,276690.0
598644,Bratislava,Bratislava,,210740.0
598646,Bratislava,Bratislava,,383426.0
598647,Bratislava,Bratislava,,372394.0
598659,Dunajská Streda,,Veľký Meder,139900.0
598660,Bratislava,Bratislava,,180000.0
598663,Bratislava,Bratislava,,225999.0
598665,"Karola Adlera, Dúbravka - Dúbravka, Bratislavský kraj",Bratislava,,225990.0
601375,Nitra,,,149900.0
601480,Kežmarok,,,224990.0
601482,Kežmarok,,Spišská Stará Ves,100000.0
601487,Pezinok,,Pezinok,285000.0
601494,Bratislava,Bratislava,,198378.0
601495,Prievidza,,Prievidza,125000.0
601514,Nové Mesto nad Váhom,,Nové Mesto nad Váhom,129900.0
601516,Bratislava,Bratislava,,245000.0
601518,Banská Bystrica,Banská Bystrica,,160000.0
601542,Dunajská Streda,,Dunajská Streda,145000.0
604637,Piešťany,,Piešťany,184900.0
604646,Bratislava,Bratislava,,284000.0
606410,Bratislava,Bratislava,,555000.0
606415,Šaľa,,Šaľa,128000.0
606422,Košice,Košice,,205000.0
606440,Myjava,,Myjava,67500.0
606442,Komárno,,Štúrovo,99000.0
606450,Komárno,,Štúrovo,126000.0
606455,Bratislava,Bratislava,,289000.0
606463,Levoča,,Levoča,110000.0
606468,Bratislava,Bratislava,,255000.0
606487,Bratislava,Bratislava,,200895.0
606488,Hlohovec,,Leopoldov,215000.0
606491,Bratislava,Bratislava,,211475.0
606503,Bratislava,Bratislava,,339845.0
606509,Žilina,Žilina,,229000.0
606511,Brezno,,,63000.0
606515,Humenné,,,82000.0
606542,Bratislava,Bratislava,,298000.0
606556,Galanta,,Sereď,139500.0
606558,Dolný Kubín,,Dolný Kubín,133000.0
606559,Košice,Košice,,185000.0
606563,Detva,,Detva,127000.0
606565,Banská Bystrica,,,181500.0
606567,Galanta,,Sereď,164500.0
606592,Košice,Košice,,169990.0
606594,Bratislava,Bratislava,,376341.0
606610,Trnava,Trnava,,289900.0
606618,Bratislava,Bratislava,,529900.0
606620,Hlohovec,,Hlohovec,199990.0
606625,Komárno,,Komárno,109900.0
606627,Dubnica nad Váhom,,Dubnica nad Váhom,188000.0
606630,Prievidza,,Prievidza,111900.0
606632,Banská Bystrica,Banská Bystrica,,289000.0
606733,Trenčín,Trenčín,,99000.0
606739,Bratislava,Bratislava,,530000.0
606753,Šaľa,,Šaľa,135000.0
606770,Michalovce,,Michalovce,137900.0
606791,Prievidza,,Handlová,79800.0
606796,Trnava,Trnava,,165000.0
606808,Zvolen,,Zvolen,179000.0
606835,Trenčín,Trenčín,,126000.0
606837,Malacky,,,217000.0
606839,Senec,,,166400.0
606843,Nitra,Nitra,,225000.0
606849,Bratislava,Bratislava,,223000.0
606850,Senec,,,127600.0
606871,Prešov,Prešov,,143000.0
606875,Bratislava,Bratislava,,229000.0
606878,Hlohovec,,,117600.0
606893,Brezno,,Brezno,125000.0
606896,Hlohovec,,,99500.0
606918,Bratislava,Bratislava,,183900.0
606956,Trenčín,Trenčín,,198000.0
606960,Galanta,,Sereď,129900.0
606962,Trnava,Trnava,,154500.0
606970,Tvrdošín,,Medvedzie,138100.0
606971,Bratislava,Bratislava,,91000.0
606972,Košice,Košice,,274990.0
606977,Košice,Košice,,249000.0
607024,Skalica,,,83000.0
607033,Komárno,,Komárno,84900.0
607042,Žilina,,Rajecké Teplice,219000.0
607048,Bytča,,,185000.0
607055,Bratislava,Bratislava,,259990.0
607056,Prievidza,,Bojnice,199890.0
607064,Michalovce,,Michalovce,172000.0
607081,Bratislava,Bratislava,,479990.0
607089,Bratislava,Bratislava,,279000.0
607095,Nitra,Nitra,,169990.0
607126,Detva,,Detva,123900.0
607142,Bratislava,Bratislava,,305000.0
607151,Bratislava,Bratislava,,287000.0
607153,Hlohovec,,Hlohovec,163000.0
607158,Košice,Košice,,329000.0
607160,Prešov,Prešov,,64000.0
607195,Prievidza,,Prievidza,100000.0
607202,Bratislava,Bratislava,,195000.0
607208,Šaľa,,Šaľa,113000.0
607234,Šaľa,,Šaľa,103000.0
607269,Nové Zámky,,Nové Zámky,227871.0
607314,Trnava,Trnava,,190000.0
607324,Bratislava,Bratislava,,444900.0
607333,Trnava,Trnava,,210000.0
607336,Šaľa,,Šaľa,105000.0
607339,Piešťany,,Piešťany,150000.0
607354,Bratislava,Bratislava,,230000.0
607369,Trnava,,,195000.0
607373,Bratislava,Bratislava,,650000.0
607379,Bratislava,Bratislava,,599000.0
607382,Michalovce,,Michalovce,137000.0
607390,Bratislava,Bratislava,,254999.0
607394,Košice,Košice,,285000.0
607399,Bratislava,Bratislava,,249900.0
607410,Bratislava,Bratislava,,174000.0
607411,Považská Bystrica,,Nové Zámky,160000.0
607413,Zvolen,,Zvolen,106000.0
607417,Senica,,Senica,115000.0
607419,Bratislava,,Stupava,179990.0
607425,Malacky,,Malacky,180000.0
607439,Banská Bystrica,,,54900.0
607445,Nové Zámky,,Nové Zámky,158000.0
607453,Košice,Košice,,189000.0
607500,Bratislava,Bratislava,,254000.0
607537,Galanta,,Sládkovičovo,49900.0
607545,Medzilaborce,,Medzilaborce,37900.0
607547,Senica,,Senica,119900.0
607551,Bratislava,Bratislava,,285000.0
607567,Humenné,,Strážske,78990.0
607569,Bratislava,Bratislava,,284990.0
607575,Zvolen,,Zvolen,165990.0
607577,Senica,,,185000.0
607583,Senec,,,241500.0
607586,Nitra,Nitra,,169900.0
607589,Senec,,Senec,239000.0
607603,Bratislava,Bratislava,,385000.0
607614,Prešov,Prešov,,350000.0
607620,Rožňava,,Rožňava,64990.0
607622,Piešťany,,Piešťany,122500.0
607628,Prešov,Prešov,,163000.0
607636,Trenčín,Trenčín,,163000.0
607638,Nové Mesto nad Váhom,,Nové Mesto nad Váhom,130000.0
607646,Bratislava,Bratislava,,199900.0
607648,Senec,,,292900.0
607650,Žilina,Žilina,,149990.0
607659,Bratislava,Bratislava,,219000.0
607666,Košice,Košice,,194500.0
607674,Nové Mesto nad Váhom,,Nové Mesto nad Váhom,109990.0
607688,Bratislava,Bratislava,,229000.0
607689,Banská Bystrica,,,169900.0
607695,Dunajská Streda,,,158500.0
607706,Lučenec,,Lučenec,65000.0
607716,Bratislava,Bratislava,,448000.0
607719,Žilina,Žilina,,164990.0
607731,Bratislava,Bratislava,,229900.0
607742,Bratislava,Bratislava,,499990.0
607743,Bratislava,Bratislava,,169000.0
607746,Svidník,,Svidník,75000.0
607757,Myjava,,Stará Turá,124000.0
607814,Kežmarok,,,224990.0
607816,Bratislava,Bratislava,,230700.0
607817,Brezno,,,90000.0
607836,Bratislava,Bratislava,,425000.0
607845,Bratislava,Bratislava,,250000.0
607854,Bratislava,Bratislava,,329000.0
607857,Trnava,Trnava,,225000.0
607860,Trnava,Trnava,,172000.0
607866,Detva,,Detva,129500.0
607873,Kysucké Nové Mesto,,Kysucké Nové Mesto,159999.0
607874,Senec,,Senec,295000.0
607875,Dunajská Streda,,Dunajská Streda,129850.0
607882,Poprad,,Vysoké Tatry,229000.0
607888,Nové Zámky,,Šurany,129900.0
607900,Žiar nad Hronom,,Žiar nad Hronom,79500.0
607903,Košice,Košice,,370000.0
607907,Ilava,,Dubnica nad Váhom,66000.0
607933,Bratislava,Bratislava,,211000.0
607934,Levice,,Levice,110000.0
607947,Nové Mesto nad Váhom,,Nové Mesto nad Váhom,147000.0
607962,Žilina,Žilina,,399999.0
607966,Bratislava,Bratislava,,299990.0
607980,Košice,Košice,,193000.0
607982,Krupina,,Krupina,88000.0
607991,Bratislava,Bratislava,,264000.0
607993,Rožňava,,Rožňava,89990.0
607995,Prievidza,,Prievidza,103000.0
607998,Martin,,,109712.0
608022,Žilina,Žilina,,143990.0
608025,Trenčín,Trenčín,,159650.0
608031,Bratislava,Bratislava,,282990.0
608043,Trnava,Trnava,,286000.0
608044,Košice,Košice,,169800.0
608049,Bratislava,Bratislava,,364700.0
608064,Žilina,Žilina,,149000.0
608083,Bratislava,Bratislava,,220000.0
608099,Žilina,Žilina,,280000.0
608119,Piešťany,,Vrbové,110000.0
608122,Nové Zámky,,Nové Zámky,142900.0
608129,Bratislava,Bratislava,,308000.0
608138,Bánovce nad Bebravou,,Bánovce nad Bebravou,85000.0
608141,Detva,,Detva,108000.0
608143,Bratislava,Bratislava,,250000.0
608154,Košice,Košice,,340000.0
608163,Komárno,,Komárno,135000.0
608167,Bratislava,Bratislava,,190000.0
608168,Bratislava,Bratislava,,339000.0
608185,Trenčín,Trenčín,,199000.0
608191,Detva,,Detva,132000.0
608192,Košice,Košice,,179990.0
608195,Zvolen,,Zvolen,110000.0
608196,Rimavská Sobota,,,22500.0
608197,Dunajská Streda,,Dunajská Streda,145000.0
608236,Dubnica nad Váhom,,Nová Dubnica,135900.0
608238,Bratislava,Bratislava,,499000.0
608253,Bratislava,Bratislava,,109000.0
608264,Banská Bystrica,Banská Bystrica,,229000.0
608269,Košice,Košice,,179990.0
608279,Bratislava,Bratislava,,244900.0
608306,Košice,Košice,,215000.0
608311,Pezinok,,,219500.0
608357,Pezinok,,Modra,239000.0
608364,Bratislava,Bratislava,,275000.0
608376,Trenčín,Trenčín,,163000.0
608380,Bratislava,Bratislava,,220000.0
608397,Bratislava,Bratislava,,484900.0
608415,Galanta,,Sereď,148000.0
608423,Bratislava,Bratislava,,300000.0
608445,Kežmarok,,Kežmarok,15900.0
608446,Brezno,,,189990.0
608448,Trenčín,Trenčín,,155000.0
608462,Bánovce nad Bebravou,,Bánovce nad Bebravou,113000.0
608470,Prievidza,,,119990.0
608484,Bratislava,Bratislava,,271000.0
608516,Banská Bystrica,Banská Bystrica,,305000.0
608522,Malacky,,,144000.0
608528,Banská Štiavnica,,Banská Štiavnica,80000.0
608534,Vranov nad Topľou,,Vranov nad Topľou,64900.0
608537,Považská Bystrica,,Rajec,153000.0
608541,Bratislava,Bratislava,,249000.0
608544,Trenčín,Trenčín,,159800.0
608560,Žiar nad Hronom,,Žiar nad Hronom,89900.0
608567,Bratislava,Bratislava,,213990.0
608570,Banská Bystrica,Banská Bystrica,,158000.0
608597,Topoľčany,,Topoľčany,151000.0
608598,Prievidza,,,139000.0
608609,Levice,,Levice,95000.0
608612,Levice,,Levice,125000.0
608616,Martin,,Martin,153900.0
608629,Galanta,,,139900.0
608637,Trebišov,,Trebišov,127999.0
608639,Prešov,Prešov,,134900.0
608660,Bratislava,Bratislava,,266000.0
608662,Dubnica nad Váhom,,Dubnica nad Váhom,116000.0
608686,Košice,Košice,,239000.0
608709,Prievidza,,Prievidza,119500.0
608718,Senec,,Senec,113000.0
608724,Trnava,Trnava,,255000.0
608725,Nitra,Nitra,,235000.0
608727,Banská Bystrica,,,259800.0
608756,Trnava,Trnava,,192000.0
608769,Dunajská Streda,,Veľký Meder,108900.0
608777,Trenčín,Trenčín,,165000.0
608790,Senec,,Senec,185000.0
608802,Lučenec,,Lučenec,79000.0
608810,Liptovský Mikuláš,,Liptovský Mikuláš,173500.0
608830,Bratislava,Bratislava,,510000.0
608839,Banská Bystrica,Banská Bystrica,,158490.0
608847,Piešťany,,Piešťany,179900.0
608856,Bratislava,Bratislava,,164446.0
608862,Pezinok,,Pezinok,198000.0
608870,Bratislava,Bratislava,,271475.0
608875,Nitra,Nitra,,229000.0
608881,Hlohovec,,,154500.0
608883,Bánovce nad Bebravou,,Bánovce nad Bebravou,98000.0
608893,Šaľa,,Šaľa,126000.0
608895,Banská Bystrica,Banská Bystrica,,159900.0
608897,Brezno,,Brezno,179990.0
608902,Zvolen,,Zvolen,139000.0
608922,Košice,Košice,,168000.0
608925,Žilina,Žilina,,189990.0
608957,Poltár,,,40000.0
608971,Bratislava,Bratislava,,222000.0
608973,Trenčín,,Ilava,130000.0
608985,Trebišov,,Sečovce,59990.0
608986,Trenčín,Trenčín,,116900.0
608995,Košice,Košice,,184990.0
608997,Bratislava,Bratislava,,639900.0
609004,Bratislava,Bratislava,,219000.0
609023,Bratislava,Bratislava,,202000.0
609025,Bratislava,Bratislava,,265000.0
609027,Bratislava,Bratislava,,248000.0
609032,Bratislava,Bratislava,,279500.0
609034,Nitra,Nitra,,149900.0
609047,Liptovský Mikuláš,,Liptovský Hrádok,59000.0
609057,Žilina,Žilina,,418000.0
609064,Žilina,Žilina,,268000.0
609072,Bratislava,Bratislava,,244900.0
609076,Bratislava,Bratislava,,639900.0
609077,Krupina,,Dudince,80500.0
609079,Trenčín,Trenčín,,146900.0
609086,Košice,Košice,,339990.0
609107,Bratislava,Bratislava,,327000.0
609110,Košice,Košice,,207800.0
609126,Dunajská Streda,,Dunajská Streda,95999.0
609128,Martin,,Martin,158000.0
609131,Košice,Košice,,185590.0
609137,Bratislava,Bratislava,,230000.0
609158,Trenčín,Trenčín,,89900.0
609176,Košice,Košice,,185000.0
609177,Levoča,,Spišské Podhradie,135000.0
609178,Nové Zámky,,Nové Zámky,125000.0
609187,Martin,,Vrútky,139000.0
609193,Poprad,,Poprad,164000.0
609195,Dunajská Streda,,Dunajská Streda,168500.0
609201,Košice,Košice,,269000.0
609207,Brezno,,Brezno,82400.0
609209,Trenčín,Trenčín,,135000.0
609221,Nitra,Nitra,,229990.0
609240,Bratislava,Bratislava,,360000.0
609243,Dunajská Streda,,Dunajská Streda,439000.0
609246,Prievidza,,Prievidza,95000.0
609261,Trebišov,,Trebišov,122900.0
609262,Bánovce nad Bebravou,,Bánovce nad Bebravou,108800.0
609265,Kysucké Nové Mesto,,Kysucké Nové Mesto,128000.0
609273,Bratislava,Bratislava,,199500.0
609274,Bánovce nad Bebravou,,Bánovce nad Bebravou,129500.0
609275,Košice,Košice,,136500.0
609293,Galanta,,Galanta,169000.0
609299,Bratislava,Bratislava,,350000.0
609314,Košice,Košice,,231900.0
609321,Bratislava,Bratislava,,153000.0
609323,Poprad,,Poprad,204900.0
609338,Dunajská Streda,,Veľký Meder,78000.0
609341,Prešov,Prešov,,134999.0
609345,Bratislava,Bratislava,,239900.0
609353,Bratislava,Bratislava,,279000.0
609360,Bratislava,Bratislava,,599000.0
609366,Banská Bystrica,Radvaň,,179000.0
609379,Senica,,Senica,115000.0
609380,Bratislava,Bratislava,,206275.0
609383,Prievidza,,Bojnice,359890.0
609389,Bratislava,Bratislava,,260000.0
609406,Prievidza,,Handlová,55500.0
609412,Bratislava,Bratislava,,223085.0
609421,Bratislava,Bratislava,,358890.0
609433,Bratislava,Bratislava,,889000.0
609435,Bratislava,Bratislava,,199000.0
609436,Bratislava,Bratislava,,379000.0
609449,Bratislava,Bratislava,,230000.0
609465,Košice,Košice,,219990.0
609468,Košice,Košice,,243000.0
609510,Žilina,Žilina,,171000.0
609511,Galanta,,Galanta,140000.0
611429,Košice,Košice,,185000.0
611450,Žilina,Žilina,,365900.0
611463,Dunajská Streda,,Dunajská Streda,158900.0
611466,Bratislava,Bratislava,,346990.0
611485,Košice,Košice,,309900.0
611487,Košice,Košice,,322900.0
611489,Košice,Košice,,314900.0
611492,"Hálkova, Nové Mesto - Nové Mesto, Bratislavský kraj",Bratislava,,215000.0
611695,Košice,Košice,,158900.0
615392,Poprad,,Poprad,155000.0
615399,Bratislava,Bratislava,,399000.0
615407,Bratislava,Bratislava,,225000.0
615412,Prievidza,,Prievidza,142000.0
615416,Bratislava,Bratislava,,287000.0
615424,Bratislava,Bratislava,,243500.0
615426,Bratislava,Bratislava,,253700.0
615429,Banská Bystrica,Banská Bystrica,,158000.0
615432,Trnava,Trnava,,178900.0
615443,Prievidza,,Prievidza,174999.0
618774,Košice,Košice,,233000.0
618775,Košice,,,138000.0
618778,Banská Štiavnica,,Banská Štiavnica,173020.0
618796,Bratislava,Bratislava,,239950.0
618816,Košice,Košice,,215990.0
618838,Prievidza,,,168000.0
621749,Košice,Košice,,209800.0
621778,Prešov,Prešov,,169900.0
621789,Bratislava,Bratislava,,1502734.0
621791,Komárno,,Komárno,104000.0
621796,Bratislava,Bratislava,,135500.0
621803,Bratislava,Bratislava,,364990.0
621820,Myjava,,Myjava,104990.0
621825,Bratislava,Bratislava,,375000.0
621828,Košice,Košice,,272900.0
625317,Zvolen,,Zvolen,150900.0
625321,Levice,,,92000.0
625324,Senica,,Senica,95000.0
625347,Pezinok,,Modra,269900.0
625367,Bratislava,Bratislava,,390000.0
625371,Pezinok,,Modra,355285.0
625372,Pezinok,,Modra,273990.0
625389,Bratislava,Bratislava,,279000.0
625444,Trnava,Trnava,,174700.0
628596,Bratislava,Bratislava,,245000.0
628607,Ilava,,Dubnica nad Váhom,159879.0
628609,Ilava,,Ilava,199370.0
628610,Považská Bystrica,,Považská Bystrica,125000.0
628613,Nitra,Nitra,,169000.0
630335,Košice,Košice,,159990.0
630371,Košice,Košice,,244000.0
630375,Senec,,,429000.0
630380,Bratislava,Bratislava,,214900.0
630436,Bratislava,Bratislava,,232990.0
630437,Považská Bystrica,,Považská Bystrica,187000.0
630439,Dunajská Streda,,Veľký Meder,139000.0
630444,Košice,Košice,,183000.0
630452,Nitra,Nitra,,149900.0
630454,Banská Bystrica,Banská Bystrica,,189000.0
630462,Žilina,,,229283.0
630463,Bratislava,Bratislava,,236900.0
630468,Poprad,,,150000.0
630469,Žilina,Žilina,,155000.0
630479,Pezinok,,,187990.0
630491,Bratislava,Bratislava,,190000.0
630508,Senec,,Senec,169000.0
630517,Nové Mesto nad Váhom,,Nové Mesto nad Váhom,129900.0
630546,Bratislava,Bratislava,,744800.0
630548,Bratislava,Bratislava,,499500.0
630559,Malacky,,,145000.0
630560,Bratislava,Bratislava,,329000.0
630561,Bratislava,Bratislava,,369000.0
630566,Čadca,,Čadca,185000.0
630573,Bratislava,Bratislava,,198000.0
630574,Bardejov,,Bardejov,118000.0
630599,Bratislava,Bratislava,,250000.0
630602,Bratislava,Bratislava,,360000.0
630609,Žilina,Žilina,,195000.0
630619,Prešov,Prešov,,199000.0
630620,Komárno,,Komárno,95000.0
630622,Levice,,Levice,124000.0
630624,Trnava,Trnava,,179900.0
630626,Svidník,,Svidník,94900.0
630627,Levice,,Šahy,77000.0
630635,Bratislava,Bratislava,,289000.0
630638,Bratislava,Bratislava,,339000.0
630645,Bratislava,Bratislava,,590000.0
630650,Bratislava,Bratislava,,254000.0
630654,Malacky,,Malacky,150000.0
630657,Senica,,Senica,149000.0
630667,Bratislava,Bratislava,,254000.0
630669,Levice,,Tlmače,105000.0
630674,Pezinok,,Pezinok,149000.0
630688,Martin,,Martin,189000.0
630698,Banská Bystrica,Banská Bystrica,,134900.0
630710,Banská Štiavnica,,Banská Štiavnica,123000.0
630719,Trnava,,,179000.0
630720,Bratislava,Bratislava,,219000.0
630730,Košice,Košice,,194990.0
630734,Trnava,,Dunajská Streda,360013.0
630742,Bratislava,Bratislava,,349000.0
630765,Kežmarok,,Kežmarok,156900.0
630783,Prešov,Prešov,,199990.0
630786,Trnava,,Dunajská Streda,282887.0
630791,Bratislava,Bratislava,,249000.0
630815,Bratislava,Bratislava,,540000.0
630818,Prievidza,,Prievidza,125000.0
630819,Bratislava,Bratislava,,345000.0
630822,Komárno,,Komárno,72500.0
630829,Banská Bystrica,Banská Bystrica,,105000.0
630850,Nové Zámky,,Nové Zámky,125000.0
630874,Senec,,Senec,150000.0
630880,Galanta,,Galanta,145000.0
630893,Bratislava,Bratislava,,279990.0
630898,Galanta,,Galanta,113000.0
630902,Žilina,Žilina,,164500.0
630906,Nitra,Nitra,,164890.0
630907,Bratislava,Bratislava,,202000.0
630926,Levoča,,Levoča,128900.0
630931,Trnava,,,170000.0
630935,Bratislava,Bratislava,,499000.0
630940,Poprad,,Poprad,169900.0
630951,Bratislava,Bratislava,,333850.0
630956,Galanta,,Galanta,144500.0
630962,Prešov,Prešov,,235000.0
630985,Komárno,,,104000.0
630991,Dunajská Streda,,Veľký Meder,78000.0
630999,Lučenec,,Fiľakovo,63000.0
631013,Nitra,Nitra,,250000.0
631018,Piešťany,,Piešťany,228000.0
631024,Galanta,,Sereď,165000.0
631026,Piešťany,,Piešťany,142000.0
631053,Trnava,Trnava,,208000.0
631062,Kežmarok,,,108000.0
631079,Banská Bystrica,Banská Bystrica,,189000.0
631083,Galanta,,Galanta,119000.0
631105,Lučenec,,Lučenec,117000.0
631110,Prievidza,,Prievidza,114500.0
631125,Humenné,,Humenné,92000.0
631141,Bratislava,Bratislava,,259000.0
631165,Bratislava,Bratislava,,550000.0
631177,Bratislava,Bratislava,,529900.0
631184,Bratislava,Bratislava,,235900.0
631198,Bratislava,Bratislava,,240000.0
631295,Zvolen,,Zvolen,135800.0
631388,Senec,,,224000.0
631400,Bratislava,Bratislava,,171999.0
631402,Trenčín,Trenčín,,167500.0
631443,Bratislava,Bratislava,,289000.0
631476,Košice,Košice,,137500.0
631512,Levice,,Levice,115000.0
631513,Prešov,Prešov,,195000.0
631539,Bratislava,Bratislava,,350000.0
631542,Zvolen,,Zvolen,95000.0
631550,Senec,,,230000.0
631552,Ilava,,Ilava,120220.0
631556,Prievidza,,Nováky,102000.0
631559,Prešov,Prešov,,165000.0
631560,Malacky,,Malacky,182000.0
631564,Dubnica nad Váhom,,Dubnica nad Váhom,138000.0
631567,Kežmarok,,Kežmarok,110000.0
631578,Bratislava,Bratislava,,245000.0
631581,Komárno,,Komárno,137000.0
631597,Trnava,Trnava,,194900.0
631604,Bratislava,Bratislava,,225000.0
631621,Galanta,,Galanta,119900.0
631634,Nitra,Nitra,,165000.0
631646,Bratislava,Bratislava,,234000.0
631657,Nové Zámky,,Nové Zámky,105000.0
631664,Poprad,,Poprad,135000.0
631668,Galanta,,Galanta,113000.0
631676,Prešov,Prešov,,164999.0
631687,Galanta,,Sereď,144000.0
631688,Michalovce,,Michalovce,99900.0
631700,Bratislava,Bratislava,,379900.0
631703,Bratislava,Bratislava,,319000.0
631708,Piešťany,,Piešťany,140000.0
631710,Skalica,,Skalica,123000.0
631713,Žiar nad Hronom,,,157000.0
631731,Levoča,,Levoča,89500.0
631734,Trnava,Trnava,,285000.0
631738,Bratislava,Bratislava,,370000.0
631740,Liptovský Mikuláš,,Liptovský Mikuláš,209900.0
631752,Bratislava,Bratislava,,199500.0
631755,Komárno,,,97000.0
631757,Bánovce nad Bebravou,,Bánovce nad Bebravou,106000.0
631780,Bratislava,Bratislava,,189900.0
631789,Trebišov,,Trebišov,99000.0
631794,Bratislava,Bratislava,,319900.0
631796,Banská Bystrica,Banská Bystrica,,129990.0
631799,Trebišov,,Trebišov,132900.0
631802,Poprad,,Svit,167000.0
631830,Bratislava,Bratislava,,188490.0
631831,Žilina,Žilina,,249000.0
631850,Bratislava,Bratislava,,283000.0
631856,Bratislava,Bratislava,,413000.0
631858,Bratislava,Bratislava,,169999.0
631879,Bratislava,Bratislava,,246500.0
631880,Malacky,,,168900.0
631883,Topoľčany,,Topoľčany,165000.0
631897,Bratislava,,,273000.0
631899,Dubnica nad Váhom,,Dubnica nad Váhom,135999.0
631907,Bratislava,Bratislava,,249900.0
631944,Bratislava,Bratislava,,135000.0
631949,Bardejov,,Bardejov,138900.0
631950,Komárno,,Komárno,135000.0
631954,Bratislava,Bratislava,,175000.0
631970,Pezinok,,Pezinok,189000.0
631976,"Závodná, Nižná - Nižná, Žilinský kraj",,,183000.0
631989,Žilina,Žilina,,150000.0
632005,Nitra,Nitra,,135000.0
632007,Piešťany,,Piešťany,179900.0
632008,Dunajská Streda,,,92990.0
632009,Bratislava,Bratislava,,249900.0
632021,Martin,,Martin,132000.0
632031,Trnava,Trnava,,209900.0
632037,Košice,Košice,,174000.0
632045,Martin,,Vrútky,159000.0
632079,Bratislava,Bratislava,,235000.0
632091,Bratislava,Bratislava,,279000.0
632093,Košice,Košice,,220000.0
632096,Prievidza,,Handlová,89000.0
632098,Hlohovec,,,109000.0
632102,Nitra,Nitra,,165000.0
632107,Nitra,,,125000.0
632109,Nitra,Nitra,,139900.0
632126,Bratislava,,,229000.0
632127,Žiar nad Hronom,,Žiar nad Hronom,104500.0
632133,Bratislava,Bratislava,,224000.0
632135,Martin,,Martin,159800.0
632136,Brezno,,Brezno,87800.0
632147,Bratislava,Bratislava,,249000.0
632153,Bratislava,Bratislava,,579000.0
632165,Bratislava,Bratislava,,320000.0
632178,Nové Zámky,,Nové Zámky,129000.0
632180,Bratislava,,Šamorín,173900.0
632183,Dunajská Streda,,Dunajská Streda,187600.0
632184,Košice,Košice,,197000.0
632187,Bratislava,Bratislava,,354000.0
632190,Čadca,,Čadca,98500.0
632192,Nitra,Nitra,,176500.0
632198,Liptovský Mikuláš,,Liptovský Mikuláš,205990.0
632214,Prešov,Prešov,,168000.0
632218,Bratislava,Bratislava,,214900.0
632226,Humenné,,Humenné,110000.0
632227,Žilina,Žilina,,209900.0
632228,Košice,Košice,,253000.0
632241,Bratislava,Bratislava,,195000.0
632256,Poprad,,Poprad,200000.0
632259,Trnava,,,172000.0
632261,Martin,,Martin,182000.0
632275,Bratislava,Bratislava,,229000.0
632277,Prievidza,,Handlová,67700.0
632283,Martin,,Martin,158000.0
632287,Bratislava,Bratislava,,334900.0
632290,Prešov,Prešov,,173000.0
632292,Prievidza,,Prievidza,83000.0
632303,Galanta,,Sereď,169490.0
632306,Piešťany,,Vrbové,172000.0
632328,Bratislava,Bratislava,,303000.0
632331,Dunajská Streda,,,149990.0
632345,Trnava,Trnava,,169900.0
632352,Šaľa,,Šaľa,119900.0
632366,Bratislava,,Stupava,183900.0
632388,Trenčín,Trenčín,,157000.0
632391,Bratislava,Bratislava,,190000.0
632396,Lučenec,,Lučenec,83000.0
632405,Dubnica nad Váhom,,Dubnica nad Váhom,99900.0
632413,Trnava,,,169900.0
632423,Bratislava,Bratislava,,249000.0
632428,Bratislava,Bratislava,,295000.0
632434,Humenné,,Humenné,160000.0
632435,Bytča,,,78000.0
632437,Košice,Košice,,188000.0
632440,Bratislava,Bratislava,,419900.0
632444,Poprad,,Poprad,148000.0
632445,Michalovce,,Michalovce,135000.0
632447,Rimavská Sobota,,Rimavská Sobota,109900.0
632454,Bratislava,Bratislava,,329000.0
632459,Detva,,,120000.0
632464,Bratislava,Bratislava,,169000.0
632466,Humenné,,Humenné,104990.0
632468,Zvolen,,Zvolen,158000.0
632488,Poprad,,Poprad,250000.0
632500,Dunajská Streda,,Dunajská Streda,126000.0
632513,Bratislava,Bratislava,,199400.0
632531,Prešov,Prešov,,314990.0
632536,Banská Bystrica,Banská Bystrica,,115000.0
632544,Nové Zámky,,Nové Zámky,125000.0
632556,Nitra,Nitra,,209000.0
632559,Bratislava,Bratislava,,239900.0
632565,Senica,,Senica,119900.0
632573,Bratislava,Bratislava,,334900.0
632578,Trebišov,,Trebišov,105000.0
632589,Trebišov,,Trebišov,135000.0
632594,Trnava,,Dunajská Streda,196254.0
632597,Bratislava,Bratislava,,276000.0
632629,Košice,Košice,,204990.0
632653,Piešťany,,,123200.0
632666,Bratislava,Bratislava,,172000.0
632675,Trenčín,Trenčín,,138999.0
632686,Liptovský Mikuláš,,Liptovský Mikuláš,174800.0
632691,Košice,Košice,,255900.0
632711,Malacky,,,203900.0
632717,Bratislava,Bratislava,,215000.0
632724,Bratislava,Bratislava,,279000.0
632733,Bratislava,Bratislava,,405000.0
632737,Nové Zámky,,Nové Zámky,145000.0
632738,Komárno,,,99000.0
632739,Bratislava,Bratislava,,265000.0
632763,Bratislava,Bratislava,,245000.0
632766,Svidník,,Svidník,97000.0
632797,Nové Zámky,,Nové Zámky,122000.0
632828,Bratislava,Bratislava,,279000.0
632839,Bratislava,Bratislava,,369000.0
632844,Bratislava,Bratislava,,398000.0
632846,Malacky,,,159900.0
632856,Nitra,Nitra,,174000.0
632864,Komárno,,Komárno,134000.0
632880,Komárno,,Komárno,149000.0
632882,Komárno,,Komárno,135000.0
632883,Senec,,Senec,349000.0
632899,Košice,Košice,,179900.0
632935,Bratislava,Bratislava,,255000.0
632940,Trenčín,Trenčín,,235000.0
632944,Bratislava,Bratislava,,169000.0
632947,Nitra,Nitra,,169900.0
632956,Banská Bystrica,Banská Bystrica,,165000.0
632959,Banská Bystrica,Banská Bystrica,,190000.0
632961,Bánovce nad Bebravou,,Bánovce nad Bebravou,124999.0
632963,Košice,Košice,,183990.0
632970,Košice,,,123950.0
632992,Bratislava,Bratislava,,415000.0
632997,Šaľa,,,89999.0
633002,Michalovce,,Michalovce,132900.0
633019,Senec,,,249900.0
633026,Košice,Košice,,265900.0
633037,Bratislava,Bratislava,,239900.0
633043,Prešov,Prešov,,169000.0
633045,Poprad,,Poprad,350000.0
633052,Košice,Košice,,174900.0
633060,Humenné,,Humenné,109900.0
633074,Senec,,Senec,160000.0
633080,Piešťany,,Piešťany,98500.0
633096,Šaľa,,Šaľa,133000.0
633097,Brezno,,,104950.0
633107,Bratislava,Bratislava,,229000.0
633110,Nitra,Nitra,,219900.0
633136,Košice,Košice,,330000.0
633142,Piešťany,,,262000.0
633152,Trnava,Trnava,,189000.0
633164,Trebišov,,Trebišov,113500.0
633168,Bratislava,Bratislava,,325000.0
633173,Prešov,Prešov,,163990.0
633174,Topoľčany,,Topoľčany,135000.0
633180,Bratislava,Bratislava,,385000.0
633183,Považská Bystrica,,Považská Bystrica,155000.0
633187,Bratislava,Bratislava,,159500.0
633200,Kežmarok,,Kežmarok,109900.0
633209,Žilina,Žilina,,189500.0
633217,Banská Bystrica,Banská Bystrica,,144200.0
633220,Bratislava,Bratislava,,516000.0
633225,Malacky,,Malacky,195500.0
633230,Bratislava,Bratislava,,210000.0
633241,Košice,Košice,,209000.0
633248,Ružomberok,,Ružomberok,125000.0
633256,Trenčín,Trenčín,,159900.0
633260,Martin,,Martin,144900.0
633266,Bratislava,Bratislava,,149000.0
633267,Bratislava,Bratislava,,280000.0
633269,Poprad,,Poprad,299000.0
633273,Galanta,,Galanta,156500.0
633275,Malacky,,Malacky,159500.0
633283,Banská Bystrica,Banská Bystrica,,210000.0
633284,Žilina,Žilina,,164500.0
633288,Poprad,,Poprad,150900.0
633293,Bratislava,Bratislava,,123900.0
633294,Žilina,Žilina,,229000.0
633299,Senec,,Senec,123900.0
633302,Martin,,Martin,149900.0
633311,Bratislava,Bratislava,,215000.0
633312,Košice,Košice,,249990.0
633315,Bratislava,Bratislava,,498900.0
633340,Bratislava,Bratislava,,239000.0
633357,Dunajská Streda,,,124000.0
633421,Malacky,,Malacky,176000.0
633468,Košice,Košice,,245000.0
633498,Bratislava,Bratislava,,649000.0
634250,Púchov,,Púchov,133900.0
635271,Košice,Košice,,259900.0
635273,Nitra,Nitra,,134000.0
635278,Košice,Košice,,260000.0
635432,Bratislava,Bratislava,,274500.0
635676,Rimavská Sobota,,Rimavská Sobota,82500.0
639069,Bratislava,Bratislava,,379000.0
639157,Galanta,,Sereď,169000.0
640056,Bratislava,Bratislava,,299990.0
644152,Senica,,,135000.0
644157,Trenčín,Trenčín,,124999.0
644175,Bratislava,Bratislava,,475000.0
644187,Martin,,Martin,126000.0
644201,Poprad,,Poprad,259979.0
644216,Trenčín,Trenčín,,179999.0
644232,Nitra,Nitra,,159900.0
644247,Trenčín,Trenčín,,179999.0
644266,Poprad,,Poprad,144900.0
644274,Piešťany,,Piešťany,170000.0
644317,Žarnovica,,,110000.0
644375,Nitra,Nitra,,169000.0
644391,Banská Bystrica,Banská Bystrica,,179000.0
644471,Bratislava,Bratislava,,315000.0
644485,Košice,Košice,,225000.0
644544,Bratislava,Bratislava,,155340.0
644609,Dubnica nad Váhom,,Trenčianske Teplice,144500.0
644613,Bratislava,Bratislava,,209000.0
644614,Michalovce,,Michalovce,108990.0
644688,Nitra,Nitra,,139900.0
644692,Košice,Košice,,179900.0
644702,Detva,,,119000.0
644713,Levice,,Tlmače,75000.0
644717,Košice,Košice,,207990.0
644739,Liptovský Mikuláš,,Liptovský Mikuláš,155000.0
644763,Piešťany,,Piešťany,359999.0
644800,Trnava,Trnava,,206000.0
644801,Dunajská Streda,,Dunajská Streda,125000.0
644811,Dunajská Streda,,Dunajská Streda,168500.0
644823,Žiar nad Hronom,,Kremnica,108990.0
644834,Martin,,Turany,115000.0
644853,Nitra,Nitra,,164890.0
644862,Trenčín,Trenčín,,152000.0
644869,Bratislava,Bratislava,,309999.0
644870,Bratislava,Bratislava,,298900.0
644877,Senica,,Senica,169000.0
644879,Bratislava,Bratislava,,250000.0
644888,Žiar nad Hronom,,Žiar nad Hronom,130000.0
644896,Dunajská Streda,,,149000.0
644903,Žiar nad Hronom,,Žiar nad Hronom,83500.0
644905,Bratislava,Bratislava,,199000.0
644906,Košice,Košice,,178000.0
644913,Košice,Košice,,340000.0
644921,Komárno,,Komárno,144990.0
644925,Košice,Košice,,199900.0
644926,Bratislava,Bratislava,,175000.0
644930,Poprad,,Poprad,153000.0
644932,Michalovce,,Michalovce,145000.0
644933,Michalovce,,Michalovce,118890.0
644939,Prešov,Prešov,,187990.0
644941,Poltár,,Poltár,86000.0
644953,Kežmarok,,Kežmarok,180000.0
644959,Trnava,Trnava,,194900.0
644962,Levice,,Levice,109000.0
644969,Galanta,,Sereď,132000.0
644971,Trnava,Trnava,,172000.0
644973,Košice,Košice,,349000.0
644974,Dubnica nad Váhom,,Nemšová,159900.0
644984,Michalovce,,Michalovce,145000.0
644993,Bratislava,Bratislava,,156900.0
644995,Dolný Kubín,,Dolný Kubín,153000.0
645000,Levice,,,53000.0
645030,Košice,,Nové Mesto nad Váhom,196000.0
645038,Detva,,Detva,140000.0
645040,Bratislava,Bratislava,,279900.0
645059,Trnava,Trnava,,185000.0
645102,Trenčín,Trenčín,,161950.0
645104,Košice,Košice,,195000.0
645105,Michalovce,,Michalovce,109900.0
645127,Kežmarok,,,244900.0
645147,Žarnovica,,,36000.0
645148,Nitra,Nitra,,135000.0
645167,Bratislava,Bratislava,,164900.0
645179,Levice,,Levice,93000.0
645194,Bratislava,Bratislava,,285000.0
645198,Košice,Košice,,188500.0
645206,Nové Zámky,,Nové Zámky,132500.0
645208,Zlaté Moravce,,,94900.0
645217,Žiar nad Hronom,,,164500.0
645225,Bratislava,Bratislava,,240000.0
645236,Malacky,,Malacky,164990.0
645259,Bratislava,Bratislava,,259990.0
645271,Bratislava,,Stupava,314990.0
645273,Bratislava,Bratislava,,177900.0
645290,Bratislava,Bratislava,,509000.0
645325,Levice,Košice,,101000.0
645332,Bratislava,Bratislava,,535000.0
645342,Bratislava,Bratislava,,215000.0
645353,Trnava,,,199000.0
645379,Brezno,,Brezno,118000.0
645385,Liptovský Mikuláš,,Liptovský Mikuláš,234800.0
645405,Dubnica nad Váhom,,Nemšová,130000.0
645426,Bratislava,Bratislava,,280000.0
645427,Košice,Košice,,195000.0
645437,Košice,Košice,,149999.0
645438,Košice,Košice,,195000.0
645439,Bratislava,Bratislava,,334900.0
645447,Trenčín,Prešov,,219000.0
645778,Spišská Nová Ves,,Spišská Nová Ves,145000.0
645779,Galanta,,Sereď,129900.0
645790,Košice,Košice,,287900.0
645802,Humenné,,Humenné,78000.0
645812,Bratislava,Bratislava,,299000.0
645813,Levice,,Levice,124900.0
645833,Pezinok,,,208000.0
645862,Poprad,,Vysoké Tatry,199000.0
645873,Košice,Košice,,189990.0
645903,Levice,,Šahy,79000.0
645916,Levice,,Levice,109000.0
645923,Michalovce,,Michalovce,178000.0
645927,Zvolen,,Zvolen,95000.0
645928,Košice,Košice,,151900.0
645935,Nitra,Nitra,,178000.0
645940,Bratislava,Bratislava,,360000.0
645942,Dubnica nad Váhom,,Trenčianske Teplice,67000.0
645943,Bratislava,Bratislava,,205000.0
645970,Levice,,Levice,108900.0
645986,Komárno,,Štúrovo,89000.0
645987,Skalica,,Holíč,139000.0
646000,Rožňava,,Rožňava,83000.0
646011,Komárno,,,89000.0
646025,Michalovce,,Michalovce,154900.0
646032,Brezno,,Brezno,259900.0
646039,Košice,Košice,,160000.0
646040,Trnava,Trnava,,170000.0
646059,Bratislava,Bratislava,,388000.0
646068,Komárno,,Komárno,99000.0
646085,Košice,Košice,,219900.0
646123,Dubnica nad Váhom,,Dubnica nad Váhom,158000.0
646139,Žilina,Žilina,,275000.0
646148,Bratislava,Bratislava,,485000.0
646154,Bratislava,Bratislava,,287000.0
646178,Galanta,,Galanta,189000.0
646211,Žilina,Bratislava,,189990.0
646228,Trenčín,Trenčín,,225000.0
646235,Hlohovec,,,124000.0
646239,Šaľa,,Šaľa,98000.0
646259,Dunajská Streda,,,150000.0
646272,Bratislava,Bratislava,,220000.0
646279,Pezinok,,,277000.0
646298,Námestovo,,,117000.0
646321,Martin,,Martin,145000.0
646322,Humenné,,Humenné,99000.0
646330,Piešťany,,Piešťany,164000.0
646333,Martin,,Martin,264000.0
646356,Martin,,Martin,163600.0
646357,Bratislava,Bratislava,,230000.0
646365,Nitra,Nitra,,132000.0
646381,Bratislava,Bratislava,,185000.0
646383,Košice,Košice,,179900.0
646394,Nitra,Nitra,,189000.0
646401,Prievidza,,,149000.0
646417,Košice,Košice,,230000.0
646435,Poprad,,Poprad,179000.0
646441,Prešov,Prešov,,168000.0
646451,Dunajská Streda,,Dunajská Streda,143000.0
646452,Komárno,,Hurbanovo,79000.0
646477,Banská Bystrica,Banská Bystrica,,180000.0
646482,Kežmarok,,Kežmarok,169500.0
646485,Martin,,Martin,124900.0
646521,Banská Štiavnica,,Banská Štiavnica,124999.0
646527,Košice,Košice,,274990.0
646544,Košice,Košice,,155000.0
646560,Komárno,,Komárno,139000.0
646568,Nové Zámky,,Nové Zámky,120000.0
646578,Hlohovec,,Hlohovec,145000.0
646582,Galanta,,Galanta,169000.0
646586,Bratislava,Bratislava,,329600.0
646592,Galanta,,Galanta,149900.0
646619,Bratislava,Bratislava,,140000.0
646629,Bratislava,Bratislava,,319000.0
646658,Bánovce nad Bebravou,,Bánovce nad Bebravou,78000.0
646673,Bratislava,Bratislava,,211000.0
646703,Prievidza,,Handlová,67000.0
646719,Bratislava,Bratislava,,220000.0
646720,Dunajská Streda,,Dunajská Streda,135000.0
646725,Bardejov,,Bardejov,224000.0
646726,Košice,Košice,,169000.0
646735,Bratislava,Bratislava,,374000.0
646745,Prievidza,,Handlová,67000.0
646772,Galanta,,Galanta,143000.0
646780,Bratislava,Bratislava,,375000.0
646792,Košice,Košice,,110000.0
646799,Žiar nad Hronom,,Žiar nad Hronom,72999.0
646802,Komárno,,Komárno,105000.0
646818,Nitra,Nitra,,169999.0
646822,Bratislava,Bratislava,,389000.0
646834,Levice,,Levice,109000.0
646835,Bratislava,Bratislava,,239900.0
646836,Prievidza,,,119999.0
646849,Kysucké Nové Mesto,,Kysucké Nové Mesto,145900.0
646855,Bratislava,Bratislava,,359000.0
646868,Komárno,,Komárno,115000.0
646872,Púchov,,,161999.0
646879,Myjava,,Brezová pod Bradlom,125000.0
646883,Bratislava,Bratislava,,147000.0
646904,Myjava,,Myjava,87500.0
646919,Nové Zámky,,Nové Zámky,105000.0
646920,Banská Bystrica,Banská Bystrica,,235000.0
646927,Košice,Košice,,214000.0
646938,Pezinok,,,259140.0
646949,Pezinok,,,199400.0
646960,Komárno,,Štúrovo,88000.0
646971,Pezinok,,,211900.0
646984,Bratislava,Bratislava,,290000.0
647000,Krupina,,,72990.0
647011,Levice,,Levice,109000.0
647024,Košice,Košice,,160000.0
647036,Trnava,Trnava,,176000.0
647037,Bratislava,Bratislava,,245000.0
647058,Košice,,Moldava nad Bodvou,179000.0
647079,Žilina,Žilina,,169900.0
647090,Bratislava,Bratislava,,450000.0
647097,Bratislava,Bratislava,,204000.0
647104,Žarnovica,,,78000.0
647106,Stará Ľubovňa,,Stará Ľubovňa,139990.0
647116,Bratislava,Bratislava,,159999.0
647127,Bratislava,Bratislava,,230000.0
647138,Trnava,Trnava,,203000.0
647139,Trenčín,Trenčín,,147000.0
647146,Bratislava,Bratislava,,229900.0
647180,Michalovce,,Michalovce,128999.0
647183,Trnava,,,229990.0
647200,Trnava,Trnava,,125000.0
647226,Bratislava,Bratislava,,267500.0
647233,Bratislava,Bratislava,,395000.0
647250,Šaľa,,Šaľa,155000.0
647253,Bratislava,Bratislava,,465000.0
647259,Turčianske Teplice,,,63000.0
647291,Nitra,Nitra,,167000.0
647294,Žilina,Žilina,,145000.0
647295,Bratislava,Bratislava,,199000.0
647296,Čadca,,Čadca,199900.0
647321,Liptovský Mikuláš,,Liptovský Hrádok,139000.0
647326,Bratislava,Bratislava,,235000.0
647327,Partizánske,,Partizánske,98000.0
647333,Senica,,,96450.0
647344,Bratislava,Bratislava,,255900.0
647354,Levice,,Levice,101000.0
647381,Senec,,,285000.0
647387,Pezinok,,Pezinok,232000.0
647414,Levice,,Levice,108900.0
647441,Bratislava,Bratislava,,215000.0
647443,Košice,Košice,,201000.0
647450,Žilina,Žilina,,186000.0
647451,Topoľčany,,Topoľčany,149000.0
647458,Levice,,Šahy,67990.0
647459,Košice,Košice,,360000.0
647463,Bratislava,Bratislava,,485000.0
647471,Kežmarok,,Kežmarok,95000.0
647477,Lučenec,,Lučenec,74900.0
647485,Poprad,,Poprad,150000.0
647495,Nové Zámky,,Nové Zámky,130000.0
647499,Bratislava,Bratislava,,269500.0
647509,Bratislava,Bratislava,,140000.0
647510,Levice,,,51900.0
647516,Žiar nad Hronom,,Žiar nad Hronom,142500.0
647520,Kežmarok,,,108000.0
647545,Bratislava,Bratislava,,599990.0
647559,Topoľčany,,Topoľčany,135000.0
647563,Nové Zámky,,Nové Zámky,105000.0
647578,Prešov,Trnava,,165000.0
647602,Trnava,Trnava,,164900.0
647637,Košice,Košice,,259900.0
647673,Bratislava,Bratislava,,183400.0
647718,Bratislava,Bratislava,,299000.0
647870,Poprad,,Poprad,239080.0
647892,Poprad,,Poprad,211381.0
648075,Košice,Košice,,172900.0
648077,Žiar nad Hronom,,Žiar nad Hronom,144900.0
648084,Banská Štiavnica,,Banská Štiavnica,83000.0
648090,Levice,,Levice,113000.0
648098,Bratislava,Bratislava,,269900.0
648100,Košice,Košice,,230000.0
648112,Bratislava,Bratislava,,359900.0
648115,Martin,,Martin,95000.0
648123,Bratislava,Bratislava,,265000.0
648127,Bratislava,Bratislava,,339900.0
648129,Bratislava,Bratislava,,177000.0
648138,Ružomberok,,,115000.0
648140,Nitra,Nitra,,130000.0
648155,Piešťany,,Piešťany,240000.0
648160,Bratislava,Bratislava,,225000.0
648181,Košice,Košice,,220000.0
648203,Poprad,,Poprad,432406.0
648251,Bratislava,Bratislava,,328000.0
648320,Pezinok,,Modra,200000.0
648347,Bratislava,Bratislava,,259900.0
648359,Trnava,,,159900.0
648362,Trnava,,,145900.0
648366,Bratislava,Bratislava,,199999.0
648378,Košice,Košice,,132900.0
648382,Bratislava,Bratislava,,245000.0
648398,Senec,,,75000.0
648400,Liptovský Mikuláš,,,84000.0
648417,Bratislava,Bratislava,,245000.0
648419,Galanta,,Sereď,149500.0
648420,Nitra,Nitra,,195000.0
648423,Nové Zámky,,Nové Zámky,131000.0
648433,Nové Mesto nad Váhom,,Nové Mesto nad Váhom - Okrajová časť mesta,147000.0
648437,Senica,,Senica,159500.0
648453,Košice,Košice,,419000.0
648461,Bratislava,Bratislava,,374800.0
648463,Bytča,,Veľká Bytča,205000.0
648471,Trenčín,Trenčín,,147000.0
648481,Bratislava,Bratislava,,339900.0
648498,Rožňava,,Rožňava,69000.0
648536,Nové Zámky,,Nové Zámky,128000.0
648556,Pezinok,,Pezinok,125000.0
648593,Kežmarok,,,119000.0
648620,Detva,Bratislava,,152394.0
648627,Detva,,Vysoké Tatry,181293.0
648629,Bratislava,Bratislava,,278000.0
648643,Detva,,,124210.0
648648,Detva,,,133510.0
648696,Bratislava,Bratislava,,284990.0
648707,Trebišov,,Sečovce,229900.0
648762,Poprad,,Svit,133900.0
648773,Košice,Košice,,243000.0
648792,Trnava,Trnava,,211000.0
648794,Nové Zámky,,Nové Zámky,145000.0
648798,Púchov,,Púchov,87900.0
648896,Skalica,,Skalica,125000.0
648903,Košice,Košice,,189000.0
648905,Skalica,,Holíč,108000.0
648918,Martin,,Martin,164000.0
648925,Galanta,,,172000.0
648942,Piešťany,,Piešťany,195000.0
648959,Hlohovec,,,154500.0
648966,Partizánske,,Partizánske,93000.0
648977,Bratislava,Bratislava,,229000.0
648979,Veľký Krtíš,,Veľký Krtíš,115000.0
648980,Partizánske,,Partizánske,94000.0
649011,Zlaté Moravce,,Zlaté Moravce,137000.0
649021,Senec,,Senec,150000.0
649053,Bratislava,Bratislava,,235000.0
649076,Nitra,Nitra,,269000.0
649122,Trnava,,,208000.0
649132,Dunajská Streda,,,139990.0
649133,Košice,Košice,,213990.0
649152,Dubnica nad Váhom,,Nová Dubnica,109900.0
649154,Bratislava,,,390000.0
649174,Vranov nad Topľou,,Vranov nad Topľou,95000.0
649175,Zlaté Moravce,,,145000.0
649178,Zvolen,,Zvolen,143000.0
649184,Nitra,Nitra,,159900.0
649216,Košice,Košice,,168000.0
649249,Bratislava,,,257400.0
649250,Dolný Kubín,,Dolný Kubín,178000.0
649263,Prešov,,,148990.0
649301,Bratislava,Bratislava,,202000.0
649305,Dubnica nad Váhom,,,217785.0
649308,Bratislava,,Šamorín,145000.0
649312,Skalica,,Gbely,98000.0
649329,Vranov nad Topľou,,Vranov nad Topľou,107900.0
649338,Ilava,,Ilava,142900.0
649386,Partizánske,,Partizánske,62000.0
649405,Trnava,Trnava,,179000.0
649435,Komárno,,Komárno,137000.0
649438,Trenčín,Trenčín,,119999.0
649440,Púchov,,,184000.0
649449,Spišská Nová Ves,,Spišská Nová Ves,135000.0
649450,Bardejov,,Bardejov,154990.0
649475,Bratislava,,Šamorín,179990.0
649479,Bratislava,Bratislava,,234000.0
649480,Partizánske,,Partizánske,90000.0
649482,Trenčín,Trenčín,,136900.0
649485,Bratislava,Prešov,,155000.0
649489,Bratislava,Bratislava,,369990.0
649491,Žarnovica,,,78500.0
649494,Trenčín,,Stará Turá,136900.0
649496,Malacky,,Stupava,183900.0
649529,Hlohovec,,Hlohovec,151800.0
649547,Prievidza,,Prievidza,175000.0
649581,Bratislava,Bratislava,,169900.0
649592,Vranov nad Topľou,,Vranov nad Topľou,91890.0
649601,Poprad,,Poprad,210000.0
649604,Bratislava,Bratislava,,519999.0
649633,Bratislava,Bratislava,,275000.0
649635,Bratislava,Bratislava,,84900.0
649680,Bratislava,Bratislava,,225990.0
649720,Trenčín,Trenčín,,178000.0
649738,Bratislava,Bratislava,,236900.0
649762,Pezinok,,Pezinok,210000.0
649775,Bratislava,Bratislava,,282990.0
649811,Komárno,Bratislava,,83900.0
649813,Kežmarok,,,179900.0
649828,Skalica,,Holíč,93000.0
649930,Nové Zámky,,Nové Zámky,120000.0
649945,Pezinok,,Pezinok,189000.0
649949,Bratislava,Bratislava,,288000.0
649954,Stará Ľubovňa,,Stará Ľubovňa,140000.0
649965,Košice,Košice,,208900.0
649983,Bratislava,Bratislava,,239900.0
649984,Bratislava,Bratislava,,329900.0
650025,Detva,,Hriňová,115000.0
650069,Vranov nad Topľou,,Humenné,135000.0
650086,Bratislava,Bratislava,,184000.0
650090,Bratislava,Bratislava,,280000.0
650162,Bratislava,Bratislava,,135000.0
650186,Detva,,,135000.0
650329,Čadca,,Čadca,198990.0
650347,Nitra,Nitra,,182300.0
650348,Skalica,,Skalica,85000.0
650413,Poprad,,,178000.0
650436,Revúca,,Hnúšťa,55500.0
650442,Brezno,,,199900.0
650537,Trenčín,Trenčín,,105000.0
650539,Piešťany,,Piešťany,158500.0
650856,Ilava,,Dubnica nad Váhom,146090.0
650901,Poprad,,Vysoké Tatry,299628.0
650942,Poprad,,Vysoké Tatry,396000.0
650945,Poprad,,Vysoké Tatry,332100.0
651064,Piešťany,,Piešťany,160900.0
651190,Skalica,,Skalica,89000.0
651203,Hlohovec,,,108000.0
651487,Košice,Košice,,232000.0
651539,Senec,,Senec,149900.0
651617,Nitra,Nitra,,165000.0
651625,Bratislava,Bratislava,,246500.0
651628,Prievidza,,Bojnice,359890.0
651640,Trebišov,,Trebišov,82000.0
651696,Košice,Košice,,112900.0
651761,Dubnica nad Váhom,,Trenčianske Teplice,130000.0
651784,Bratislava,Bratislava,,164000.0
651785,Nové Zámky,,Hurbanovo,78900.0
651789,Košice,Košice,,169000.0
651803,Košice,Košice,,180000.0
651855,Košice,Košice,,193000.0
651869,Revúca,,Jelšava,18900.0
651900,Trnava,Trnava,,185000.0
651906,Žilina,,,200000.0
651909,Košice,Košice,,156000.0
651918,Senica,,Senica,145000.0
651931,Komárno,,Komárno,85000.0
651950,Košice,Košice,,215990.0
651970,Martin,,Vrútky,139000.0
651995,Poprad,,Poprad,348000.0
652010,Bratislava,Bratislava,,289000.0
652031,Bratislava,Bratislava,,244900.0
652040,Bratislava,,,279000.0
652095,Brezno,,,63000.0
652118,Gelnica,,,70000.0
652120,Galanta,,Sereď,132000.0
652157,Bratislava,Bratislava,,219000.0
652186,Detva,,Vysoké Tatry,213759.0
652324,Bratislava,,,251000.0
652347,Bratislava,Bratislava,,220000.0
652381,Lučenec,,,20499.0
652396,Senec,,,287000.0
652443,Žilina,Žilina,,225000.0
652554,Galanta,,Galanta,143900.0
652565,Nitra,Nitra,,31000.0
652572,Nitra,Nitra,,135000.0
652577,Trnava,Trnava,,175000.0
652611,Rimavská Sobota,,Rimavská Sobota,72000.0
652612,Bratislava,Bratislava,,560000.0
652633,Trnava,,,209990.0
652649,Nitra,Nitra,,155000.0
652651,Púchov,,Púchov,154900.0
652653,Dunajská Streda,,Dunajská Streda,439000.0
652660,Bratislava,Bratislava,,413000.0
652715,Prešov,Košice,,160000.0
652799,Košice,Košice,,173000.0
652824,Galanta,,,129900.0
652868,Zlaté Moravce,,Vráble,134999.0
652937,Banská Bystrica,Banská Bystrica,,155000.0
652974,Zvolen,,Zvolen,225000.0
652985,Bratislava,Bratislava,,169000.0
652996,Prievidza,,Prievidza,157300.0
652999,Galanta,,Galanta,185000.0
653008,Prievidza,,Handlová,70000.0
653069,Bratislava,,,395000.0
653101,Humenné,,Strážske,84900.0
653131,Nové Zámky,,Nové Zámky,129500.0
653223,Galanta,,,119000.0
653258,Poprad,,Poprad,155000.0
653289,Dolný Kubín,,Dolný Kubín,195000.0
653306,Žilina,,,168000.0
653348,Bratislava,Bratislava,,319990.0
653357,Topoľčany,,,176900.0
653362,Galanta,,Sládkovičovo,97900.0
653410,Prievidza,,Handlová,79800.0
653458,Košice,Košice,,155000.0
653472,Zlaté Moravce,,Vráble,180000.0
653493,Prešov,,Vranov nad Topľou,205000.0
653572,Senec,,,168500.0
653608,Dunajská Streda,,,148000.0
653615,Trenčín,Trenčín,,115000.0
653627,Prešov,,,147000.0
653629,Dubnica nad Váhom,,Dubnica nad Váhom,117920.0
653634,Košice,Košice,,200000.0
653693,Považská Bystrica,,Považská Bystrica,90000.0
653764,Dubnica nad Váhom,,Dubnica nad Váhom,111999.0
653770,Prešov,,,165000.0
653816,Bratislava,Bratislava,,229000.0
653843,Michalovce,,Michalovce,115000.0
653875,Prievidza,,Prievidza,116900.0
653883,Senec,,,273000.0
653890,Žilina,Žilina,,143000.0
653895,Košice,Bratislava,,250000.0
653920,Lučenec,,,61000.0
653922,Trenčín,,Trenčianske Teplice,105000.0
653957,Nitra,Nitra,,352000.0
653960,Bratislava,Bratislava,,448000.0
653981,Bratislava,Bratislava,,259900.0
654060,Dunajská Streda,Bratislava,,159990.0
654069,Martin,,Martin,158000.0
654072,Bratislava,Bratislava,,183400.0
654106,Košice,Košice,,185000.0
654156,Bratislava,Bratislava,,230000.0
654208,Košice,Košice,,344345.0
654242,Michalovce,,,99900.0
654269,Martin,,Vrútky,185000.0
654301,Bratislava,Bratislava,,216000.0
654321,Trenčín,Trenčín,,143560.0
654351,Košice,Košice,,330724.0
654377,Trnava,,Hlohovec,189900.0
654384,Ilava,,,73900.0
654423,Bratislava,Bratislava,,395000.0
654461,Michalovce,,Michalovce,165000.0
654487,Martin,,,125000.0
654580,Senec,,Senec,140000.0
654588,Púchov,,,130000.0
654652,Košice,Košice,,194500.0
654726,Košice,Košice,,215000.0
654737,Námestovo,,,200000.0
654768,Brezno,,,199900.0
654796,Košice,Košice,,285000.0
654804,Michalovce,,,123000.0
654835,Nové Mesto nad Váhom,,Nové Mesto nad Váhom,129900.0
654836,Kežmarok,,Kežmarok,160000.0
654845,Bratislava,Bratislava,,145000.0
654983,Rimavská Sobota,,Rimavská Sobota,88000.0
655066,Púchov,,,188000.0
655104,Košice,Košice,,187000.0
655112,Martin,,Martin,264000.0
655116,Zvolen,,Zvolen,142000.0
655124,Bratislava,Bratislava,,370000.0
655178,Bratislava,Bratislava,,330000.0
655185,Michalovce,,Michalovce,215000.0
655226,Levice,,Levice,140000.0
655229,Banská Bystrica,,,129000.0
655234,Dunajská Streda,,Dunajská Streda,105000.0
655269,Trebišov,,Trebišov,105000.0
655272,Senec,,,229000.0
655276,Bratislava,Bratislava,,264000.0
655283,Námestovo,,,95000.0
655325,Senica,,,185000.0
655354,Žarnovica,,Nová Baňa,152990.0
655384,Nitra,Nitra,,175000.0
655405,Tvrdošín,,Medvedzie,99990.0
655408,Kežmarok,,Kežmarok,149900.0
655451,Bratislava,Bratislava,,418000.0
655473,Martin,,Martin,260000.0
655474,Martin,,Martin,145000.0
655476,Prievidza,,Prievidza,135000.0
655486,Komárno,,Komárno,157500.0
655505,Revúca,,Revúca,83900.0
655510,Prešov,Prešov,,175000.0
655548,Košice,Košice,,179900.0
655560,Kežmarok,,Kežmarok,134000.0
655564,Ružomberok,,,55999.0
655600,Bratislava,Bratislava,,243700.0
655603,Bratislava,Bratislava,,243000.0
655605,Martin,,Martin,144000.0
655606,Trebišov,,,93000.0
655641,Zlaté Moravce,,Zlaté Moravce,155000.0
655660,Prešov,Prešov,,190000.0
655673,Bratislava,Bratislava,,225000.0
655699,Námestovo,Námestovo,,197000.0
655710,Myjava,,Stará Turá,110000.0
655719,Bratislava,Bratislava,,155000.0
655721,Prievidza,,Handlová,66666.0
655738,Dunajská Streda,,Dunajská Streda,74990.0
655740,Košice,Košice,,155000.0
656376,Trnava,Trnava,,118500.0
656425,Bratislava,Bratislava,,230000.0
656440,Poprad,,Poprad,219000.0
656469,Banská Bystrica,Banská Bystrica,,199000.0
656472,Senec,Bratislava,,565000.0
656501,Zlaté Moravce,,Vráble,133400.0
656510,Galanta,,Galanta,240000.0
656531,Nitra,Nitra,,132000.0
656544,Kežmarok,,,131000.0
656564,Brezno,,,250000.0
656568,Košice,Košice,,195000.0
656582,Trenčín,Trenčín,,95000.0
656586,Zvolen,,Zvolen,94999.0
656591,Nové Zámky,,Nové Zámky,125000.0
656606,Košice,Košice,,165000.0
656617,Košice,Košice,,173000.0
656618,Bratislava,Bratislava,,250000.0
656620,Bratislava,Bratislava,,559900.0
656622,Senec,,,208500.0
656654,Dunajská Streda,,,116862.0
656688,Spišská Nová Ves,,Spišská Nová Ves,124500.0
656713,Zlaté Moravce,,Zlaté Moravce,395000.0
656725,Bratislava,Bratislava,,559900.0
656758,Bratislava,Bratislava,,295000.0
656773,Bratislava,Bratislava,,395000.0
656778,Košice,Košice,,137500.0
656783,Bratislava,Bratislava,,195000.0
656793,Žiar nad Hronom,,Žiar nad Hronom,235000.0
656799,Námestovo,Námestovo,,139000.0
656826,Košice,Košice,,154500.0
656827,Dunajská Streda,,Dunajská Streda,139900.0
656866,Bratislava,Bratislava,,250000.0
656890,Topoľčany,,,86000.0
656901,Bratislava,Bratislava,,349500.0
656922,Trnava,Trnava,,295000.0
656923,Košice,Košice,,171980.0
656967,Bardejov,,Bardejov,138900.0
656971,Humenné,,,117200.0
656999,Bratislava,Bratislava,,244900.0
657004,Bratislava,Bratislava,,328800.0
657009,Prievidza,,Handlová,54990.0
657018,Komárno,,Komárno,84900.0
657022,Michalovce,,Michalovce,364900.0
657033,Trnava,Trnava,,219900.0
657041,Košice,Košice,,244900.0
657048,Bratislava,Bratislava,,484900.0
657051,Sabinov,,,259000.0
657055,Kežmarok,,Kežmarok,120000.0
657081,Senec,,,210000.0
657103,Komárno,,Komárno,71500.0
657131,Námestovo,,,154000.0
657146,Rožňava,,Rožňava,58990.0
657173,Nitra,,,185000.0
657182,Bratislava,Bratislava,,214990.0
657186,Dolný Kubín,,Dolný Kubín,159000.0
657194,Bratislava,Bratislava,,209990.0
657195,Sabinov,,,233000.0
657197,Malacky,,,99900.0
657224,Žilina,,Rajec,163000.0
657247,Žilina,Žilina,,175000.0
657264,Dunajská Streda,,Šamorín,159900.0
657272,Žiar nad Hronom,,Žiar nad Hronom,149900.0
657288,Šaľa,,Šaľa,125000.0
657291,Humenné,,Humenné,85000.0
657300,Michalovce,,Michalovce,245000.0
657308,Bratislava,Bratislava,,340000.0
657314,Poprad,,,198500.0
657335,Dubnica nad Váhom,,Trenčianske Teplice,99000.0
657339,Komárno,,Komárno,72500.0
657379,Trenčín,Trenčín,,135000.0
657402,Košice,Košice,,185000.0
657410,Komárno,,Komárno,76900.0
657437,Dubnica nad Váhom,,Dubnica nad Váhom,135000.0
657453,Rimavská Sobota,,,60000.0
657457,Bratislava,Bratislava,,171990.0
657458,Bratislava,Bratislava,,299900.0
657476,Galanta,,Sereď,158000.0
657478,Banská Bystrica,Banská Bystrica,,184500.0
657484,Trenčín,Trenčín,,169000.0
657486,Bratislava,Bratislava,,221999.0
657529,Košice,Košice,,146990.0
657531,Bratislava,Bratislava,,275000.0
657559,Košice,Košice,,249000.0
657563,Michalovce,,Strážske,85000.0
657573,Galanta,,Sládkovičovo,169000.0
657580,Komárno,,Komárno,116500.0
657592,Košice,Košice,,209000.0
657620,Púchov,,Púchov,119900.0
657630,Michalovce,,Michalovce,104900.0
657659,Bánovce nad Bebravou,,Bánovce nad Bebravou,99900.0
657668,Michalovce,,Michalovce,86900.0
657674,Levice,,,85000.0
657704,Senec,,,279724.0
657710,Komárno,,Komárno,130000.0
657731,Bratislava,Bratislava,,274000.0
657739,Levice,,,350000.0
657782,Ružomberok,,Ružomberok,160000.0
657799,Vranov nad Topľou,,Vranov nad Topľou,112999.0
657844,Bratislava,Bratislava,,195000.0
657855,Senica,,,126000.0
657861,Liptovský Mikuláš,,Liptovský Mikuláš,173500.0
657872,Dubnica nad Váhom,,Dubnica nad Váhom,148000.0
657882,Rožňava,,Rožňava,58990.0
657894,Dubnica nad Váhom,,Dubnica nad Váhom,135900.0
657918,Košice,Košice,,208000.0
657963,Piešťany,,,173600.0
657970,Vranov nad Topľou,Bratislava,,125000.0
658004,Kežmarok,,,204000.0
658011,Nitra,Nitra,,189000.0
658072,Piešťany,,,137900.0
658079,Topoľčany,Nitra,,48125.0
658125,Bratislava,Bratislava,,225000.0
658183,Bratislava,Bratislava,,249100.0
658196,Bratislava,Bratislava,,266000.0
658197,Trenčín,,,104999.0
658209,Detva,,,70000.0
658237,"Ľudovíta Okánika, Nitra - Chrenová, Nitriansky kraj",Nitra,,200000.0
658241,Žilina,,,169900.0
658379,Dunajská Streda,,Dunajská Streda,109990.0
658383,Bratislava,Bratislava,,286000.0
658388,Komárno,,Komárno,68000.0
658405,Bratislava,Bratislava,,315000.0
658421,Žilina,,,260000.0
658449,Bratislava,Bratislava,,239900.0
658476,Bratislava,Bratislava,,255000.0
658482,Trenčín,Trenčín,,198000.0
658489,Hlohovec,Bratislava,,200000.0
658526,Prešov,,,328884.0
658530,Banská Bystrica,Banská Bystrica,,175000.0
658595,Poprad,,Poprad,187144.0
658601,Košice,Košice,,354000.0
658607,Bratislava,,Šamorín,439000.0
658618,Žilina,Žilina,,175000.0
658651,Banská Bystrica,Banská Bystrica,,120000.0
658653,Nitra,,Vráble,133000.0
658658,Bratislava,Bratislava,,250000.0
658707,Bratislava,Bratislava,,159900.0
658728,Trnava,,,139900.0
658738,Partizánske,,Partizánske,100500.0
658744,Spišská Nová Ves,,Spišská Nová Ves,139990.0
658763,Trnava,,,159900.0
658814,Trnava,Trnava,,255000.0
658879,Trenčín,Trenčín,,149900.0
658898,Sabinov,,Sabinov,119800.0
658922,Bánovce nad Bebravou,,Bánovce nad Bebravou,57000.0
658924,Rožňava,,Rožňava,53000.0
658926,Banská Bystrica,,,72000.0
658989,Senec,,,258000.0
658990,Piešťany,,Piešťany,275000.0
659007,Nitra,Nitra,,169999.0
659025,Bratislava,Bratislava,,249000.0
659034,Malacky,,Stupava,237000.0
659042,Ilava,,Dubnica nad Váhom,164000.0
659058,Galanta,,Galanta,189000.0
659060,Humenné,,Humenné,139000.0
659061,Pezinok,,Pezinok,232000.0
659108,Dunajská Streda,,Dunajská Streda,131600.0
659115,Malacky,,Stupava,185000.0
659135,Prievidza,,Prievidza,82000.0
659138,Levice,,Levice,110000.0
659154,Stará Ľubovňa,,Stará Ľubovňa,100000.0
659161,Kežmarok,,,129000.0
659177,Pezinok,,Pezinok,177000.0
659185,Bratislava,Bratislava,,345000.0
659186,Bratislava,Bratislava,,234900.0
659197,Bratislava,Bratislava,,293000.0
659207,Bratislava,Bratislava,,616990.0
659210,Bratislava,Bratislava,,495000.0
659246,Bratislava,Bratislava,,672990.0
659250,Bratislava,Bratislava,,280000.0
659286,Bratislava,Bratislava,,535000.0
659304,Trnava,Trnava,,319900.0
659315,Trenčín,Trenčín,,299990.0
659322,Bratislava,Bratislava,,499990.0
659365,Senec,,,257500.0
659395,Bratislava,Bratislava,,340990.0
659402,Levice,,Levice,153000.0
659408,Bratislava,Bratislava,,249000.0
659421,Dunajská Streda,,Dunajská Streda,150000.0
659438,Dunajská Streda,,Dunajská Streda,93000.0
659439,Dunajská Streda,,Dunajská Streda,159900.0
659447,Senec,,,175500.0
659473,Komárno,,,92500.0
659482,Trnava,Trnava,,215000.0
659488,Rožňava,,Rožňava,103000.0
659500,Žilina,Žilina,,139000.0
659515,Bratislava,Trnava,,214900.0
659535,Trnava,,,289900.0
659536,Senec,,Senec,185000.0
659542,Trenčín,,Nemšová,130000.0
659552,Sobrance,,Veľké Kapušany,57900.0
659554,Levoča,,Spišské Podhradie,135000.0
659588,Poprad,,Poprad,190000.0
659589,Sobrance,,Veľké Kapušany,66900.0
659596,Považská Bystrica,,Považská Bystrica,189000.0
659600,Dunajská Streda,,Šamorín,255000.0
659617,Trenčín,,Trenčianske Teplice,119900.0
659630,Gelnica,,,83000.0
659632,Bratislava,,,228000.0
659636,Senec,,,179900.0
659645,Pezinok,,,172500.0
659690,Nitra,Nitra,,185000.0
659697,Bratislava,Bratislava,,570000.0
659789,Bratislava,Bratislava,,249000.0
659791,Veľký Krtíš,,Veľký Krtíš,65000.0
659800,Komárno,,Komárno,178500.0
659804,Trenčín,Trenčín,,172500.0
659811,Žilina,Žilina,,214000.0
659843,Poprad,,Poprad,102999.0
659848,Košice,Košice,,377340.0
659853,Banská Štiavnica,,Banská Štiavnica,129900.0
659856,Košice,Košice,,279000.0
659872,Bratislava,Bratislava,,180000.0
659888,Bratislava,Bratislava,,334000.0
659909,Dunajská Streda,,Dunajská Streda,155000.0
659912,Považská Bystrica,,Považská Bystrica,155000.0
659932,Malacky,,Stupava,329000.0
659956,Nitra,Nitra,,235000.0
659963,Komárno,,Komárno,105000.0
659969,Rimavská Sobota,,Hnúšťa,32000.0
659997,Prievidza,,Handlová,69990.0
660072,Brezno,,,70000.0
660075,Nové Zámky,,,145000.0
660093,Ilava,,Dubnica nad Váhom,175000.0
660097,Poprad,,Poprad,451080.0
660098,Trenčín,Trenčín,,165000.0
660116,Bratislava,Bratislava,,269900.0
660167,Galanta,,,164500.0
660192,Galanta,,Sereď,129000.0
660268,Nitra,,,299000.0
660272,Bratislava,Bratislava,,456500.0
660307,Považská Bystrica,,,137000.0
660365,Nové Zámky,,Nové Zámky,73000.0
660386,Bratislava,Bratislava,,398000.0
660400,Prievidza,,Nováky,123000.0
660417,Žilina,Žilina,,202000.0
660433,Poprad,,Poprad,409600.0
660434,Levice,,Levice,95000.0
660549,Galanta,,,139500.0
660610,Levice,,Levice,98000.0
660715,Bánovce nad Bebravou,,Bánovce nad Bebravou,106000.0
660717,Rožňava,,Rožňava,92500.0
660763,Prievidza,,Handlová,94990.0
660794,Bratislava,Bratislava,,249900.0
660828,Košice,Košice,,149999.0
660841,Senec,,,229000.0
660847,Prešov,,Vranov nad Topľou,166900.0
660851,Nitra,Nitra,,245000.0
660854,Čadca,,Čadca,184900.0
660863,Piešťany,,,199000.0
660864,Košice,Košice,,185000.0
660869,Spišská Nová Ves,,Spišská Nová Ves,85000.0
660918,Banská Bystrica,Banská Bystrica,,220000.0
660921,Prešov,Prešov,,306000.0
660924,Nové Zámky,,Nové Zámky,222000.0
660933,Košice,Košice,,252400.0
660935,Nitra,Nitra,,404000.0
660936,Senec,,,165000.0
660937,Komárno,,Komárno,75000.0
660946,Nové Zámky,,Nové Zámky,92400.0
660949,Trnava,Trnava,,319000.0
661003,Senec,,Senec,133600.0
661091,Trenčín,,,174900.0
661166,Piešťany,,Piešťany,215000.0
661170,Bytča,,,165000.0
661178,Bratislava,Bratislava,,259900.0
661182,Bratislava,Bratislava,,284600.0
661186,Skalica,,Skalica,69990.0
661191,Bratislava,Bratislava,,260000.0
661195,Bratislava,,,235000.0
661212,Bratislava,Bratislava,,259900.0
661232,Nitra,Nitra,,195000.0
661243,Senec,,Senec,165000.0
661293,Banská Bystrica,Banská Bystrica,,132000.0
661294,Bratislava,Bratislava,,163000.0
661297,Košice,Košice,,144000.0
661300,Levice,,Levice,115000.0
661328,Liptovský Mikuláš,,Liptovský Mikuláš,159000.0
661335,Bratislava,Bratislava,,369900.0
661344,Detva,,,181293.0
661346,Detva,,,210330.0
661347,Detva,,,213759.0
661371,Ružomberok,,Ružomberok,95000.0
661373,Liptovský Mikuláš,,Liptovský Mikuláš,208000.0
661377,Nové Zámky,,,114000.0
661379,Žilina,Žilina,,265000.0
661390,Hlohovec,,Hlohovec,152000.0
661397,Martin,,Martin,121000.0
661398,Bratislava,Bratislava,,320000.0
661408,Detva,,,154680.0
661437,Žiar nad Hronom,,Žiar nad Hronom,118000.0
661455,Rožňava,,Rožňava,93900.0
661468,Bratislava,Bratislava,,247000.0
661471,Galanta,,Galanta,144900.0
661482,Šaľa,,Šaľa,114900.0
661486,Senec,,Senec,199000.0
661488,Bratislava,,Šamorín,174000.0
661496,Martin,,Martin,191900.0
661498,Detva,,,124117.0
661544,Bratislava,Bratislava,,314990.0
661567,Bratislava,Bratislava,,258500.0
661568,Poprad,,,139000.0
661573,Liptovský Mikuláš,,Liptovský Mikuláš,172500.0
661581,Gelnica,,Krompachy,65000.0
661608,Bratislava,Bratislava,,244000.0
661613,Bratislava,Bratislava,,188000.0
661630,Žiar nad Hronom,,Kremnica,106500.0
661659,Bratislava,Bratislava,,304990.0
661723,Nitra,Nitra,,185000.0
661732,Nitra,Nitra,,291250.0
661799,Nové Zámky,,Šurany,115000.0
661800,Poprad,,Poprad,241416.0
661830,Gelnica,,,68000.0
661831,Myjava,,Stará Turá,156000.0
661880,Bytča,,Veľká Bytča,189500.0
661888,Bratislava,Bratislava,,414000.0
661899,Levice,,,78800.0
661910,Trebišov,,,117900.0
661937,Nitra,Nitra,,185000.0
661963,Bratislava,Bratislava,,224000.0
662007,Levice,,Tlmače,90000.0
662011,Komárno,,Komárno,149900.0
662041,Košice,Košice,,219900.0
662058,Trnava,Trnava,,234000.0
662063,Humenné,,Humenné,119900.0
662170,Bratislava,Bratislava,,230000.0
662203,Bratislava,Bratislava,,225000.0
662240,Galanta,,Sereď,155700.0
662255,Poprad,,Poprad,215000.0
662362,Liptovský Mikuláš,,Liptovský Mikuláš,155000.0
662391,Senec,,Senec,179000.0
662415,Komárno,,Komárno,105000.0
662424,Košice,Košice,,170000.0
662472,Košice,Košice,,259900.0
662676,Prešov,Mestská časť Prešov,,204000.0
662685,Bratislava,Bratislava,,284000.0
662766,Levice,,Tlmače,90000.0
662770,Bratislava,Bratislava,,235000.0
662840,Bratislava,Bratislava,,250000.0
662918,Bratislava,Bratislava,,549000.0
662973,Považská Bystrica,,Považská Bystrica,179000.0
663004,Žilina,Žilina,,229000.0
663043,Dolný Kubín,,,103000.0
663108,Košice,,Nové Mesto nad Váhom,169990.0
663112,Námestovo,Námestovo,,197000.0
663173,Žilina,Žilina,,265000.0
663206,Prešov,Prešov,,160000.0
663398,Piešťany,,Piešťany,179900.0
663487,Levice,,Pezinok,123000.0
663594,Nitra,Nitra,,173000.0
663610,Galanta,,Sereď,132990.0
663630,Trnava,Trnava,,219900.0
663657,Bratislava,Bratislava,,279000.0
663681,Trenčín,Trenčín,,154500.0
663759,Nitra,Nitra,,134900.0
663771,Bratislava,Bratislava,,280000.0
663792,Komárno,Bratislava,,104000.0
663804,Bratislava,Bratislava,,213990.0
663844,Hlohovec,,,109833.0
663870,Medzilaborce,,,25800.0
663926,Dubnica nad Váhom,,Dubnica nad Váhom,136000.0
667196,Humenné,,Strážske,85000.0
667423,Komárno,,Hurbanovo,59900.0
667426,Bratislava,Bratislava,,439900.0
667439,Galanta,,Galanta,140000.0
667442,Košice,Košice,,229500.0
667444,Bratislava,Bratislava,,309900.0
667456,Košice,Košice,,197700.0
667457,Bratislava,Bratislava,,560000.0
667459,Poprad,,Vysoké Tatry,257500.0
667593,Bratislava,Bratislava,,219990.0
667599,Bratislava,Bratislava,,252000.0
667694,Lučenec,,Lučenec,74900.0
667773,Žilina,Žilina,,175000.0
667787,Trnava,Trnava,,320000.0
667789,Senica,,Senica,115000.0
667803,Banská Bystrica,Banská Bystrica,,185000.0
667810,Trnava,Trnava,,173800.0
667823,Bratislava,Bratislava,,278000.0
667824,Kežmarok,,Kežmarok,139000.0
667825,Poprad,,Poprad,139000.0
667827,Košice,Košice,,295000.0
667840,Prešov,Prešov,,186000.0
667842,Martin,,Martin,138000.0
667844,Pezinok,,Pezinok,289990.0
667848,Prešov,Prešov,,155900.0
667856,Sobrance,,Veľké Kapušany,88999.0
667869,Šaľa,,Šaľa,103900.0
667872,Bratislava,Bratislava,,389900.0
667879,Košice,Košice,,219900.0
667913,Levice,,Tlmače,83000.0
667943,Bratislava,Bratislava,,405000.0
667956,Bratislava,Bratislava,,255000.0
671028,Nitra,Nitra,,155999.0
671033,Galanta,,Sereď,126000.0
671044,Galanta,,Galanta,136400.0
671045,Žiar nad Hronom,,Žiar nad Hronom,119990.0
671046,Banská Bystrica,Banská Bystrica,,151000.0
671068,Dunajská Streda,,Dunajská Streda,124000.0
671161,Bratislava,Bratislava,,229000.0
671325,Pezinok,,,354000.0
671336,Veľký Krtíš,,Veľký Krtíš,95000.0
671338,Levice,,Levice,135000.0
671340,Nové Zámky,,Nové Zámky,155000.0
671344,Bratislava,Bratislava,,209990.0
671353,Košice,Košice,,188000.0
671356,Senica,,Senica,124990.0
671403,Košice,Košice,,699000.0
671414,Košice,Košice,,537500.0
671448,Bratislava,Bratislava,,230000.0
671453,Košice,Košice,,179600.0
671460,Košice,Košice,,315350.0
671461,Košice,Košice,,192500.0
671464,Košice,Košice,,230000.0
671469,Košice,Košice,,179800.0
671475,Bratislava,Bratislava,,215000.0
671480,Bratislava,Bratislava,,285000.0
671503,Pezinok,,Pezinok,139900.0
671524,Bratislava,Bratislava,,235000.0
671604,Tvrdošín,,Medvedzie,99990.0
671620,Bratislava,Bratislava,,420000.0
671637,Poprad,,,272377.0
671638,Levice,,Levice,110000.0
671724,Poprad,,,303994.0
671725,Trebišov,,Trebišov,143370.0
671728,Trebišov,,Trebišov,131775.0
671733,Žilina,Žilina,,360000.0
671735,Trebišov,,Trebišov,73170.0
671748,Michalovce,,Michalovce,190999.0
671753,Michalovce,,Michalovce,220999.0
671759,Bratislava,Bratislava,,520000.0
671763,Michalovce,,Michalovce,120999.0
671812,Bratislava,Bratislava,,459000.0
671909,Bratislava,Bratislava,,849900.0
671915,Trnava,,,289900.0
671928,Košice,Košice,,144000.0
672109,Ilava,,Ilava,136900.0
672168,Brezno,,,250000.0
672236,Banská Bystrica,Banská Bystrica,,140000.0
672372,Žilina,Žilina,,168000.0
672406,Zvolen,,Zvolen,278800.0
672775,Revúca,,Tisovec,23900.0
672785,Senec,,Senec,188900.0
672790,Košice,Košice,,194000.0
672833,Myjava,,Brezová pod Bradlom,83000.0
672837,Senec,,,169900.0
672861,Bratislava,Bratislava,,259900.0
672935,Bratislava,Bratislava,,324900.0
672955,Bratislava,Bratislava,,169990.0
672985,Bratislava,Bratislava,,259990.0
673091,Bratislava,Bratislava,,239900.0
673131,Bratislava,Bratislava,,219990.0
673137,Komárno,,Komárno,75000.0
673147,Bratislava,Bratislava,,185000.0
673159,Bratislava,Bratislava,,279500.0
673165,Nitra,Nitra,,193000.0
673168,Martin,,Martin,106000.0
673189,Nové Zámky,,Nové Zámky,87000.0
673197,Bratislava,Bratislava,,819000.0
673240,Liptovský Mikuláš,,Liptovský Mikuláš,159000.0
673247,Levice,,Levice,115000.0
673256,Kežmarok,,,169900.0
673268,Bratislava,Bratislava,,247000.0
673290,Dunajská Streda,,Dunajská Streda,129900.0
673295,Bratislava,Bratislava,,369000.0
673297,Bratislava,Bratislava,,314990.0
673487,Detva,,,168104.0
673548,Bratislava,Bratislava,,225000.0
673552,Bratislava,Bratislava,,209990.0
673579,Bratislava,Bratislava,,360000.0
673588,Levice,,,78000.0
673601,Bratislava,Bratislava,,234900.0
673690,Topoľčany,,,129990.0
673716,Zvolen,,Zvolen,111900.0
673796,Piešťany,,Piešťany,414960.0
673848,Bratislava,Bratislava,,183400.0
673853,Žilina,Žilina,,440000.0
673861,Poltár,,,59000.0
673863,Nové Mesto nad Váhom,,Nové Mesto nad Váhom,199000.0
673879,Žilina,Žilina,,399999.0
673897,Dunajská Streda,,,92990.0
673900,Detva,,,83570.0
673929,Martin,,Martin,191900.0
673939,Bratislava,Bratislava,,199000.0
673949,Bratislava,Bratislava,,1200000.0
673987,Pezinok,,Pezinok,177000.0
674003,Trnava,Trnava,,195000.0
674005,Bratislava,,Stupava,174990.0
674041,Senec,,Senec,185000.0
674201,Bratislava,Bratislava,,222499.0
674279,Poprad,,Poprad,155000.0
674295,Poprad,,,176800.0
674298,Bratislava,Bratislava,,279000.0
674338,Partizánske,,Partizánske,86000.0
674384,Senica,,Senica,152900.0
674399,Bratislava,Bratislava,,325000.0
674405,Liptovský Mikuláš,,Liptovský Mikuláš,185000.0
674438,Košice,Košice,,219900.0
674486,Bratislava,Bratislava,,794000.0
674529,Banská Bystrica,Banská Bystrica,,179000.0
674548,Bratislava,Bratislava,,440000.0
674556,Bratislava,Bratislava,,669000.0
674598,Prievidza,,Prievidza,116900.0
674651,Bratislava,Bratislava,,259900.0
674731,Dubnica nad Váhom,,Dubnica nad Váhom,106990.0
674762,Bánovce nad Bebravou,,Bánovce nad Bebravou,105000.0
674780,Bratislava,Bratislava,,599900.0
674797,Bratislava,Bratislava,,195000.0
674804,Bratislava,Bratislava,,284990.0
674903,Piešťany,,Piešťany,197900.0
675025,Martin,,Vrútky,214000.0
675029,Bratislava,Bratislava,,269000.0
675057,Bratislava,Bratislava,,178727.0
675060,Bratislava,Bratislava,,264900.0
675145,Bratislava,Bratislava,,369000.0
675161,Bratislava,Bratislava,,196572.0
675166,Gelnica,,,105000.0
675168,Bratislava,Bratislava,,164446.0
675195,Bratislava,Bratislava,,284900.0
675227,Bratislava,Bratislava,,199900.0
675244,Bratislava,Bratislava,,297000.0
675278,Trnava,,,153900.0
675474,Kysucké Nové Mesto,,Kysucké Nové Mesto,111000.0
675574,Považská Bystrica,,Považská Bystrica,135000.0
677221,Lučenec,,Fiľakovo,85000.0
678760,Bratislava,Bratislava,,180000.0
678767,Bratislava,Bratislava,,235000.0
678769,Bratislava,Bratislava,,209000.0
678776,Bratislava,Bratislava,,195000.0
678812,Bratislava,Bratislava,,242000.0
678818,Bratislava,Bratislava,,245000.0
678822,Bratislava,Bratislava,,257500.0
678825,Bratislava,Bratislava,,259900.0
679233,Dunajská Streda,,,105000.0
679236,Košice,Košice,,243900.0
679237,Bratislava,Bratislava,,335000.0
679274,Dunajská Streda,,,98000.0
679283,Košice,Košice,,276800.0
679287,Topoľčany,,Topoľčany,110500.0
679302,Prešov,Mestská časť Prešov,,421000.0
679303,Prešov,Prešov,,243000.0
679305,Bratislava,Bratislava,,469990.0
679355,Dunajská Streda,,Dunajská Streda,92990.0
679786,Bratislava,Bratislava,,149900.0
680907,Bratislava,Bratislava,,224900.0
681329,Bratislava,Bratislava,,225000.0
682115,Bratislava,Bratislava,,220000.0
682923,Bratislava,Bratislava,,214900.0
682927,Bratislava,Bratislava,,219000.0
684789,Bratislava,Bratislava,,222000.0
684792,Bratislava,Bratislava,,219500.0
684799,Bratislava,Bratislava,,245000.0
684895,Bratislava,Bratislava,,214999.0
684903,Bratislava,Bratislava,,229000.0
685335,Trenčín,Trenčín,,145000.0
685344,Bratislava,Bratislava,,399900.0
685357,Kežmarok,,,391300.0
685372,Bratislava,Bratislava,,360000.0
685373,Kežmarok,,,257400.0
685374,Kežmarok,,,245700.0
685379,Bratislava,Bratislava,,309000.0
685381,Košice,Košice,,236000.0
685388,Piešťany,,Piešťany,239000.0
685393,Trenčín,Trenčín,,148000.0
685401,Bratislava,Bratislava,,270000.0
685447,Bratislava,Bratislava,,338000.0
685485,Bratislava,Bratislava,,180000.0
685526,Bratislava,Bratislava,,354000.0
685529,Trenčín,Trenčín,,214999.0
685535,Trenčín,Trenčín,,149999.0
685542,Piešťany,,Piešťany,219900.0
685557,Martin,,Martin,179900.0
685561,Prievidza,,Bojnice,149700.0
685568,Prievidza,,Bojnice,167800.0
685616,Liptovský Mikuláš,,Liptovský Mikuláš,190000.0
685641,Bratislava,Bratislava,,172000.0
685666,Bratislava,Bratislava,,299000.0
685727,Trnava,Trnava,,188000.0
685759,Bratislava,Bratislava,,267000.0
685810,Bánovce nad Bebravou,,,69990.0
685841,Poprad,,Poprad,199990.0
685846,Bratislava,Bratislava,,159990.0
685871,Banská Bystrica,Banská Bystrica,,195000.0
685878,Prešov,Prešov,,127900.0
685936,"Za Vodou, Stará Ľubovňa - Stará Ľubovňa, Prešovský kraj",,Stará Ľubovňa,89990.0
685975,Trebišov,,Trebišov,85000.0
685981,Bratislava,Bratislava,,179900.0
685990,Nitra,,Vráble,142000.0
686008,Bratislava,,Stupava,260400.0
686012,Bratislava,Bratislava,,364900.0
686031,Pezinok,,,204990.0
686036,Košice,Košice,,459990.0
686056,Bratislava,Bratislava,,435000.0
686060,Trnava,Trnava,,109990.0
686070,Žilina,Žilina,,189500.0
687650,Bratislava,Bratislava,,168900.0
687733,Bratislava,Bratislava,,239000.0
688071,Bratislava,Bratislava,,233000.0
689689,Bratislava,Bratislava,,257500.0
689700,Bratislava,Bratislava,,260000.0
689946,Košice,Košice,,297000.0
689947,Košice,Košice,,215000.0
689952,"Zámočnícka, Bratislava - mestská časť Staré Mesto - Historické jadro, Bratislavský kraj",Bratislava,,375000.0
689953,"Legionárska, Nové Mesto - Nové Mesto, Bratislavský kraj",Bratislava,,265000.0
692352,Bratislava,Bratislava,,132000.0
692850,Rožňava,,Rožňava,120000.0
692862,Bratislava,Bratislava,,247500.0
693678,Bratislava,Bratislava,,249900.0
693680,Bratislava,Bratislava,,240000.0
693688,Bratislava,Bratislava,,205990.0
693833,Bratislava,Bratislava,,219990.0
693869,Bratislava,Bratislava,,202000.0
694001,Bratislava,Bratislava,,239990.0
694162,Malacky,,Malacky,163000.0
694171,Zvolen,,Zvolen,230000.0
694263,Snina,,Snina,58000.0
694268,Bratislava,,Stupava,239999.0
694387,Banská Bystrica,,,225000.0
694399,Prešov,Prešov,,159900.0
694404,Žarnovica,,Žarnovica,122000.0
694445,Martin,,Martin,147000.0
694473,Košice,Košice,,147000.0
694494,Piešťany,,Piešťany,299900.0
694518,Bratislava,Bratislava,,532671.0
694526,Bratislava,Bratislava,,457829.0
694532,Poprad,,,210000.0
694553,Pezinok,,Pezinok,122990.0
694640,Žilina,,,147000.0
694669,Myjava,,Stará Turá,126500.0
694677,Bratislava,Bratislava,,1350000.0
694692,Prešov,Prešov,,229041.0
694695,Bratislava,,,191900.0
694704,Prešov,Prešov,,269000.0
694711,Myjava,,Stará Turá,132000.0
694714,Trnava,Trnava,,189900.0
694726,Bratislava,Bratislava,,315000.0
694732,Banská Bystrica,,,160000.0
694762,Košice,Košice,,276800.0
694775,Bratislava,Bratislava,,269990.0
694784,Martin,,Martin,163000.0
694791,Košice,Košice,,132500.0
694798,Bratislava,Bratislava,,269990.0
694812,Banská Bystrica,Banská Bystrica,,199354.0
694815,Prešov,Prešov,,232299.0
694832,Prešov,Prešov,,222037.0
694851,"Jazerná, Rovinka - Rovinka, Bratislavský kraj",,,283000.0
694858,"Gessayova, Petržalka - Háje, Bratislavský kraj",Bratislava,,256000.0
694860,Bratislava,Bratislava,,170000.0
694878,Banská Bystrica,Banská Bystrica,,185000.0
694886,Brezno,,Brezno,77000.0
694894,Poltár,,Poltár,69000.0
694922,Ružomberok,,Ružomberok,160000.0
694948,Košice,Košice,,195000.0
694955,Komárno,,Komárno,135000.0
694964,Považská Bystrica,,Považská Bystrica,195000.0
694970,Poprad,,Poprad,341900.0
694976,Poprad,,Poprad,222900.0
694979,Poprad,,Poprad,149900.0
694987,Poprad,,Poprad,133000.0
694990,Hlohovec,,Hlohovec,129500.0
695010,Košice,Košice,,125000.0
695018,Ružomberok,,Ružomberok,236000.0
695046,Senica,,Senica,60000.0
695050,Bratislava,Bratislava,,325000.0
695061,Vranov nad Topľou,,Vranov nad Topľou,71000.0
695065,Trenčín,Trenčín,,239900.0
695069,Komárno,,Komárno,65000.0
695075,Brezno,,,240000.0
695100,Bratislava,Bratislava,,390000.0
695115,Nitra,Nitra,,123000.0
695129,Košice,Košice,,169900.0
695146,Považská Bystrica,Bratislava,,144900.0
695153,Liptovský Mikuláš,,Liptovský Mikuláš,217000.0
695163,Komárno,,Komárno,139900.0
695169,Nové Zámky,,Šurany,117500.0
695183,Prievidza,,Prievidza,249000.0
695186,Bratislava,Bratislava,,389900.0
695209,Košice,Košice,,189990.0
695213,Bratislava,Bratislava,,268000.0
695219,Galanta,,Galanta,169000.0
695220,Trnava,Trnava,,219900.0
695229,Nitra,Nitra,,159900.0
695258,Rožňava,,Rožňava,88000.0
695273,Košice,Košice,,299000.0
695280,Nové Zámky,,Nové Zámky,139000.0
695287,Bratislava,Bratislava,,269900.0
695378,Banská Bystrica,Banská Bystrica,,169000.0
695391,Liptovský Mikuláš,,Liptovský Mikuláš,118500.0
695399,Trnava,Trnava,,219700.0
695409,Trnava,Trnava,,189000.0
695442,Prievidza,,Prievidza,113000.0
695453,Ružomberok,,Ružomberok,200000.0
695458,Bratislava,Bratislava,,629990.0
695465,Bratislava,Bratislava,,294000.0
695474,Košice,Košice,,147990.0
695479,Senec,,Senec,220000.0
695494,Bratislava,Bratislava,,393000.0
695498,Bratislava,Bratislava,,185000.0
695517,Košice,Košice,,219000.0
695539,Košice,Košice,,389000.0
695630,Kysucké Nové Mesto,Žilina,,195000.0
695661,Prešov,Prešov,,175500.0
695671,Pezinok,,Pezinok,153000.0
695689,Trnava,Trnava,,145000.0
695720,Námestovo,,,215000.0
695749,Šaľa,,Šaľa,89500.0
695771,Levice,,Levice,110000.0
695778,Košice,Košice,,171000.0
695782,Nitra,Nitra,,140000.0
695787,Rožňava,,Rožňava,78000.0
695803,Bratislava,Bratislava,,149990.0
695808,Senec,,Senec,164500.0
695853,Zvolen,,Zvolen,260000.0
695875,Zlaté Moravce,,Zlaté Moravce,142000.0
695886,Brezno,,Brezno,125000.0
695948,Senec,,,272000.0
695957,Komárno,,Komárno,90000.0
695962,Senec,,Senec,265490.0
695987,Partizánske,,Partizánske,104900.0
696020,Košice,Košice,,239900.0
696037,Bratislava,Bratislava,,297500.0
696049,Trebišov,,,75990.0
696055,Pezinok,,,249000.0
696061,Žilina,Žilina,,179900.0
696065,Poprad,,,119990.0
696068,Bratislava,Bratislava,,324900.0
696076,Trenčín,Trenčín,,230000.0
696109,Bratislava,Bratislava,,264900.0
696117,Prievidza,,Prievidza,238000.0
696147,Nové Zámky,,Hurbanovo,86999.0
696159,Žilina,Žilina,,332800.0
696177,Nitra,Nitra,,270000.0
696200,Košice,Košice,,229000.0
696219,Senec,,,229990.0
696223,Banská Bystrica,Banská Bystrica,,282000.0
696273,Partizánske,,Partizánske,123000.0
696291,Košice,Košice,,130000.0
696307,Bratislava,Bratislava,,275000.0
696334,Nové Zámky,,Nové Zámky,139000.0
696371,Trnava,Trnava,,180000.0
696376,Topoľčany,,Topoľčany,162000.0
696381,Senec,,,241000.0
696389,Dunajská Streda,,Dunajská Streda,145000.0
696391,Brezno,Bratislava,,130000.0
696403,Trenčín,Trenčín,,169750.0
696410,Trnava,Trnava,,253000.0
696458,Trnava,Trnava,,212900.0
696463,Senica,,Senica,104000.0
696467,Liptovský Mikuláš,,Liptovský Mikuláš,236990.0
696488,Bratislava,Bratislava,,229000.0
696885,Bratislava,Bratislava,,240000.0
697189,Bratislava,Bratislava,,209900.0
697223,Bratislava,Bratislava,,195000.0
697279,Bratislava,Bratislava,,255600.0
697308,Bratislava,Bratislava,,205000.0
697373,Bratislava,Bratislava,,242000.0
697384,Bratislava,Bratislava,,189000.0
697701,Bratislava,Bratislava,,242000.0
697899,Bratislava,Bratislava,,229000.0
697954,Bratislava,Bratislava,,255000.0
697958,Bratislava,Bratislava,,200000.0
697959,Bratislava,Bratislava,,220000.0
697960,Bratislava,Bratislava,,210000.0
697961,Bratislava,Bratislava,,130000.0
697966,Bratislava,Bratislava,,242000.0
697971,Bratislava,Bratislava,,209000.0
698430,Bratislava,Bratislava,,234900.0
698439,Dubnica nad Váhom,,Trenčianske Teplice,340000.0
698447,Dubnica nad Váhom,,Trenčianske Teplice,145000.0
698459,Bratislava,Bratislava,,397000.0
698473,Nitra,Nitra,,169900.0
698518,Žilina,Žilina,,371241.0
698526,Martin,,Martin,145000.0
698570,Zvolen,,Zvolen,129000.0
698582,Skalica,,Skalica,145000.0
698613,Galanta,,Galanta,147500.0
698620,Galanta,,Galanta,147500.0
698628,Bratislava,Bratislava,,350500.0
698636,Bratislava,Bratislava,,499000.0
698638,Dubnica nad Váhom,,Trenčianske Teplice,120000.0
698649,Dubnica nad Váhom,,Trenčianske Teplice,145000.0
698733,Liptovský Mikuláš,,Liptovský Mikuláš,217000.0
698760,Myjava,,Brezová pod Bradlom,110000.0
698768,Senec,,,299900.0
698777,Rimavská Sobota,,Rimavská Sobota,89000.0
698793,Galanta,,Sereď,134000.0
698842,Spišská Nová Ves,,Spišská Nová Ves,240000.0
698905,Piešťany,,Piešťany,159000.0
698912,Košice,Košice,,139990.0
698925,Nové Zámky,,Nové Zámky,399900.0
698992,Martin,,Martin,210000.0
699041,Košice,Košice,,179900.0
699051,Bratislava,Bratislava,,299850.0
699064,Senec,,,129990.0
699071,Žilina,Žilina,,219900.0
699078,Bratislava,Bratislava,,299900.0
699126,Humenné,,Humenné,113000.0
699127,Košice,Košice,,195000.0
699156,Prievidza,,Handlová,82500.0
699180,Banská Štiavnica,,Banská Štiavnica,99000.0
699201,Sabinov,,,169000.0
699215,Sabinov,,,109000.0
699224,Senec,,,119900.0
699248,Komárno,,,45000.0
699256,Prešov,Prešov,,214999.0
699268,Košice,Košice,,260000.0
699277,Prievidza,,Prievidza,83000.0
699300,Banská Štiavnica,,Banská Štiavnica,129500.0
699317,Bratislava,Bratislava,,375000.0
699327,Trnava,,,209990.0
699348,Banská Štiavnica,,Banská Štiavnica,149900.0
699363,Bratislava,Bratislava,,263990.0
699374,Komárno,,Komárno,120000.0
699375,Komárno,,Komárno,77000.0
699387,Považská Bystrica,,Považská Bystrica,158600.0
699394,Trnava,Trnava,,229900.0
699405,Bratislava,Bratislava,,284900.0
699407,Šaľa,,Šaľa,168000.0
699434,Martin,,Vrútky,155000.0
699461,Galanta,,Galanta,149800.0
699466,Bratislava,Bratislava,,185900.0
699491,Bratislava,Bratislava,,199000.0
699532,Považská Bystrica,,Považská Bystrica,145000.0
699562,Vranov nad Topľou,,Vranov nad Topľou,169000.0
699590,Bratislava,,Šamorín,174000.0
699604,Bratislava,Bratislava,,259000.0
699623,Bratislava,Bratislava,,289000.0
699630,Bratislava,Bratislava,,369000.0
699663,Zvolen,,Zvolen,125900.0
699678,Dubnica nad Váhom,,Nová Dubnica,145000.0
699711,Bratislava,Bratislava,,385000.0
699738,Senec,,,219900.0
699762,Nitra,Nitra,,199000.0
699770,Humenné,,Humenné,99900.0
699782,Nitra,Nitra,,215000.0
699801,Bratislava,Bratislava,,394000.0
699833,Bratislava,Bratislava,,395000.0
699845,Košice,Košice,,229900.0
699901,Tvrdošín,,,126000.0
699908,Poprad,,Poprad,149000.0
699915,Poprad,,Poprad,139000.0
699953,Bratislava,Bratislava,,360000.0
699961,Poprad,,Poprad,174990.0
700008,Spišská Nová Ves,,Spišská Nová Ves,160000.0
700044,Nitra,Nitra,,135000.0
700054,Tvrdošín,,,91400.0
700060,Skalica,,Gbely,89500.0
700075,Brezno,,Brezno,238000.0
700087,Brezno,,,238000.0
700128,Tvrdošín,,,126200.0
700136,Žilina,Žilina,,220000.0
700154,Bánovce nad Bebravou,,Bánovce nad Bebravou,262900.0
700181,Púchov,,,199000.0
700281,Poprad,,Svit,159900.0
700327,Levice,,Levice,99000.0
700339,Dubnica nad Váhom,,Trenčianske Teplice,320000.0
700374,Revúca,,Hnúšťa,58900.0
700448,Galanta,,Galanta,159500.0
700459,Bratislava,Bratislava,,477000.0
700463,Košice,Košice,,180000.0
700470,Levice,,Levice,112500.0
700511,Vranov nad Topľou,,Vranov nad Topľou,92000.0
700523,Nové Zámky,,Nové Zámky,159000.0
700530,Bratislava,Bratislava,,385000.0
700538,Senec,,,204900.0
700581,Bytča,,,136000.0
700596,Bratislava,Bratislava,,1299000.0
700615,Bratislava,Bratislava,,619000.0
700632,Bratislava,Bratislava,,249000.0
700639,Poprad,,Poprad,110000.0
700652,Nové Zámky,,Nové Zámky,137000.0
700666,Galanta,,Galanta,130000.0
703523,Bratislava,Bratislava,,282990.0
703804,Nové Zámky,,,79900.0
703833,Trnava,Trnava,,145900.0
703848,Brezno,,,85000.0
703861,Nitra,Nitra,,149500.0
703878,Malacky,,,174990.0
703895,Nitra,Nitra,,193900.0
703907,Košice,Košice,,389000.0
703928,Banská Štiavnica,,,89900.0
703954,Myjava,,Brezová pod Bradlom,83000.0
704012,Bratislava,Bratislava,,900000.0
704024,Bratislava,Bratislava,,470000.0
704029,Brezno,,,85800.0
704037,Komárno,,Komárno,124800.0
704061,Levice,,Želiezovce,73500.0
704063,Považská Bystrica,,Považská Bystrica,95000.0
704068,Bratislava,Bratislava,,216000.0
704072,Žilina,Žilina,,179990.0
704079,Bratislava,,Stupava,179990.0
704085,Trnava,Trnava,,219900.0
704100,Bratislava,,Šamorín,139000.0
704108,Galanta,,Galanta,212500.0
704136,Levice,,Levice,78000.0
704140,Senec,,,241000.0
704145,Košice,Košice,,228000.0
704149,Prievidza,,Prievidza,119000.0
704157,Liptovský Mikuláš,,Liptovský Mikuláš,166860.0
704165,Bratislava,Bratislava,,310000.0
704214,Dunajská Streda,,Gabčíkovo,128900.0
704220,Pezinok,,Pezinok,125000.0
704224,Nové Zámky,,Nové Zámky,139000.0
704238,Banská Štiavnica,,,115000.0
704248,Komárno,,Komárno,84900.0
704252,Galanta,,Sládkovičovo,125000.0
704269,Lučenec,,Lučenec,79000.0
704277,Lučenec,,Lučenec,79000.0
704300,Šaľa,,Šaľa,79000.0
704311,"Homolova, Dúbravka - Dúbravka, Bratislavský kraj",Bratislava,,215000.0
704327,Komárno,,Komárno,67900.0
704333,Bratislava,Bratislava,,284900.0
704336,Nové Zámky,,Nové Zámky,135000.0
704370,Košice,Košice,,189700.0
704384,Bratislava,Bratislava,,378000.0
704394,Bratislava,Bratislava,,299900.0
704415,Zvolen,,Zvolen,219000.0
704422,Bratislava,Bratislava,,280000.0
704432,Banská Štiavnica,,Banská Štiavnica,100500.0
704452,Bratislava,Bratislava,,159900.0
704462,Košice,Košice,,330000.0
704463,Zvolen,,,198900.0
704467,Martin,,Martin,133000.0
704481,Bratislava,Bratislava,,251000.0
704487,Liptovský Mikuláš,,Liptovský Mikuláš,185000.0
704488,Senica,,Senica,130000.0
704497,Banská Bystrica,,,259000.0
704498,Myjava,,Brezová pod Bradlom,79000.0
704505,Nové Zámky,,Nové Zámky,136900.0
704508,Galanta,,Sládkovičovo,124990.0
704538,Prievidza,,Bojnice,339000.0
704562,Liptovský Mikuláš,,Liptovský Mikuláš,172500.0
704590,Levice,,Levice,109000.0
704601,Košice,Košice,,220000.0
704611,Trenčín,Trenčín,,268900.0
704663,Banská Bystrica,Banská Bystrica,,124900.0
704706,Brezno,,,238000.0
704718,Košice,,Moldava nad Bodvou,169990.0
704727,Košice,Košice,,116000.0
704746,Sabinov,,Sabinov,185000.0
705827,Bratislava,Bratislava,,222000.0
705953,Bratislava,Bratislava,,242000.0
705967,Bratislava,Bratislava,,244900.0
705999,Bratislava,Bratislava,,255000.0
706306,Bratislava,Bratislava,,199000.0
706310,Bratislava,Bratislava,,236000.0
706582,Bratislava,Bratislava,,229900.0
706598,Senec,,,178500.0
706603,Prešov,Prešov,,159000.0
706650,Bratislava,Bratislava,,84900.0
706661,Bratislava,,Šamorín,174000.0
706665,Košice,Košice,,238000.0
706672,Košice,Košice,,153000.0
706677,Prievidza,,Prievidza,109000.0
706685,Bratislava,Bratislava,,265000.0
706691,Bratislava,Bratislava,,319900.0
706693,Humenné,,Humenné,118000.0
706699,Skalica,,Skalica,164000.0
706704,Košice,Košice,,176000.0
706713,Komárno,,Komárno,145000.0
706718,Brezno,,Brezno,169990.0
706778,Martin,,Martin,144000.0
706787,Banská Bystrica,Banská Bystrica,,890000.0
706799,Bratislava,Bratislava,,175000.0
706908,Poprad,,,208546.0
706921,Poprad,,,311103.0
706943,Poprad,,,163011.0
706963,Poprad,,,143087.0
706982,Poprad,,,346305.0
707008,Poprad,,,143085.0
707054,Michalovce,,Michalovce,134900.0
707092,Považská Bystrica,,Považská Bystrica,179990.0
707130,Žilina,Žilina,,169900.0
707155,Revúca,,Revúca,84990.0
707224,Poprad,,,206732.0
707234,Banská Bystrica,,,169000.0
707263,Bratislava,Bratislava,,184000.0
707302,Poprad,,,198500.0
707483,Dunajská Streda,,,156500.0
707487,Poprad,,Poprad,110000.0
707527,Nové Zámky,,Nové Zámky,67900.0
707547,Bratislava,Bratislava,,348900.0
707556,Bratislava,Bratislava,,274000.0
707667,Bratislava,Bratislava,,330000.0
707693,Bratislava,Bratislava,,849900.0
707741,Bratislava,Bratislava,,424900.0
707761,Nové Zámky,,Nové Zámky,123000.0
707793,Žilina,Žilina,,169999.0
707802,Žilina,Žilina,,239200.0
707810,Bratislava,Bratislava,,1196000.0
707812,Nitra,Nitra,,159000.0
707826,Ružomberok,,Ružomberok,159000.0
707834,Brezno,,,180793.0
707851,Žilina,Žilina,,212000.0
707926,Banská Bystrica,Banská Bystrica,,3600.0
707940,Senica,,Senica,89900.0
707962,Prešov,Prešov,,169990.0
708008,Senec,,Senec,349000.0
708013,Pezinok,,Pezinok,125000.0
708024,Trnava,Trnava,,259000.0
708068,Nitra,Nitra,,175000.0
708102,Košice,Košice,,238000.0
708117,Detva,,Detva,94900.0
708215,Bratislava,Bratislava,,315000.0
708250,Detva,,Hriňová,93500.0
708259,Senec,,Senec,350000.0
708273,Bratislava,Bratislava,,319999.0
708290,Žilina,Žilina,,105000.0
708297,Bratislava,Bratislava,,204000.0
708320,Bratislava,Bratislava,,359773.0
708328,Prešov,Prešov,,165000.0
708339,Bratislava,Bratislava,,219500.0
708380,Bratislava,Bratislava,,259000.0
708439,Trnava,Trnava,,129000.0
708481,Pezinok,,Pezinok,125000.0
708497,Martin,,Martin,102500.0
708517,Námestovo,,,168400.0
708536,Žilina,Žilina,,135000.0
708555,Senec,,Senec,249000.0
708575,Bratislava,Bratislava,,318000.0
708615,Bratislava,Bratislava,,285000.0
708627,Malacky,,Malacky,179000.0
708636,Bratislava,Bratislava,,420000.0
708675,Bratislava,,,190000.0
708692,Prešov,Prešov,,214999.0
708701,Trnava,Trnava,,229900.0
708722,Trenčín,,,155000.0
708723,Prievidza,,Prievidza,249000.0
708732,Prešov,Prešov,,164900.0
708759,Považská Bystrica,,Považská Bystrica,120000.0
708794,Považská Bystrica,,Považská Bystrica,80000.0
708822,"Jedlíkova, Bratislava - mestská časť Staré Mesto - Oblasť Obchodná, Bratislavský kraj",Bratislava,,399999.0
708845,Trnava,Trnava,,250000.0
708856,Ilava,,Ilava,139000.0
708891,Bratislava,Bratislava,,259900.0
708896,Bratislava,Bratislava,,1150000.0
708936,Nitra,Nitra,,174000.0
708947,Partizánske,,Partizánske,106900.0
709051,Bratislava,Bratislava,,244900.0
709157,Topoľčany,,Topoľčany,110500.0
709396,Nitra,Nitra,,270000.0
709418,Žilina,,Rajecké Teplice,204500.0
709436,Banská Bystrica,Banská Bystrica,,225000.0
709478,Trenčín,Trenčín,,179000.0
709539,Žilina,Žilina,,278000.0
709544,Martin,,Martin,149000.0
709557,Žilina,Žilina,,221500.0
709559,Trnava,Trnava,,210000.0
709584,Žiar nad Hronom,,Žiar nad Hronom,68500.0
709596,Lučenec,,Lučenec,70000.0
709597,Banská Bystrica,Radvaň,,234900.0
709612,Piešťany,,Piešťany,199000.0
709628,Senec,,,249990.0
709672,Bratislava,Bratislava,,229900.0
709682,Bratislava,Bratislava,,295000.0
709687,Košice,Košice,,229000.0
709695,Topoľčany,,Topoľčany,195000.0
709721,Banská Bystrica,Banská Bystrica,,205000.0
709734,Galanta,,Galanta,129990.0
709764,Trnava,Trnava,,299900.0
709775,Bratislava,Bratislava,,259000.0
709804,Senec,,,178500.0
709840,Trenčín,,,56150.0
709856,Komárno,,Komárno,71500.0
709894,Prievidza,,Handlová,75000.0
709908,Komárno,,Komárno,135000.0
709947,Prievidza,,Prievidza,91000.0
709998,Prievidza,,Bojnice,320000.0
710001,Žilina,Žilina,,234900.0
710023,Trenčín,Trenčín,,135000.0
710045,Rožňava,,Rožňava,88000.0
710060,Rožňava,,Rožňava,96900.0
710078,Rožňava,,Rožňava,79000.0
710086,Košice,Košice,,163000.0
710113,Púchov,,Púchov,164990.0
710221,Komárno,,Komárno,70900.0
710240,Bratislava,Bratislava,,110000.0
710241,Piešťany,,,174990.0
710273,Pezinok,,Pezinok,128000.0
710284,Košice,Košice,,173500.0
710296,Trenčín,Trenčín,,235900.0
710387,Banská Bystrica,,,57000.0
710393,Bratislava,Bratislava,,195000.0
710407,Poprad,,,178000.0
710438,Dubnica nad Váhom,,Dubnica nad Váhom,72000.0
710469,Dunajská Streda,,Dunajská Streda,101000.0
710532,Bratislava,Bratislava,,365000.0
710554,Bratislava,,,175000.0
710561,Martin,,Vrútky,138000.0
711233,Bratislava,Bratislava,,230000.0
711251,Bratislava,Bratislava,,259900.0
711327,Bratislava,Bratislava,,222000.0
711344,Trnava,Trnava,,178000.0
711348,Zvolen,,Zvolen,185400.0
711349,Spišská Nová Ves,,Spišská Nová Ves,219900.0
711351,Levice,,Šahy,73000.0
711356,Košice,Košice,,179900.0
711359,Bratislava,Bratislava,,93000.0
711362,Púchov,,,86900.0
711367,Bratislava,Bratislava,,245000.0
711372,Banská Bystrica,Radvaň,,188300.0
711378,Zvolen,,,365000.0
711380,Košice,Košice,,180000.0
711387,Košice,Košice,,260000.0
711406,Bratislava,Bratislava,,220000.0
711410,Pezinok,,,209900.0
711413,Dunajská Streda,,Dunajská Streda,159000.0
711430,Skalica,,Skalica,89000.0
711459,Michalovce,,Michalovce,131900.0
711476,Pezinok,,,195000.0
711477,Trnava,Trnava,,275000.0
711483,Bratislava,,,234000.0
711487,Liptovský Mikuláš,,Liptovský Mikuláš,213092.0
711488,Košice,Košice,,197000.0
711493,Liptovský Mikuláš,,Liptovský Mikuláš,155883.0
711495,Galanta,,Sereď,129900.0
711501,Košice,Košice,,279000.0
711507,Liptovský Mikuláš,,Liptovský Mikuláš,210690.0
711529,Liptovský Mikuláš,,Liptovský Mikuláš,339018.0
711542,Malacky,,Malacky,179900.0
711553,Žilina,Žilina,,200900.0
711559,Poprad,,Poprad,339315.0
711573,Gelnica,,Spišské Vlachy,99900.0
711575,Žilina,Žilina,,159000.0
711581,Bratislava,Bratislava,,209000.0
711618,Poprad,,Vysoké Tatry,185000.0
711622,Bratislava,Bratislava,,259000.0
711623,Bratislava,,Liptovský Mikuláš,225000.0
711661,Dubnica nad Váhom,,Trenčianske Teplice,149000.0
711679,Bratislava,Bratislava,,239000.0
711692,Komárno,,Komárno,149900.0
711713,Bratislava,Bratislava,,219500.0
711714,Bánovce nad Bebravou,,Bánovce nad Bebravou,110000.0
711727,Bratislava,Bratislava,,120000.0
711730,Bratislava,,,160000.0
711733,Bratislava,Bratislava,,480000.0
711749,Banská Štiavnica,,Banská Štiavnica,132500.0
711772,Bratislava,Bratislava,,595000.0
711794,Vranov nad Topľou,,Vranov nad Topľou,96990.0
711826,Bratislava,Bratislava,,239900.0
711841,Lučenec,,Lučenec,92000.0
711843,Piešťany,,Piešťany,224900.0
711853,Prievidza,,Prievidza,89000.0
711892,Bratislava,Bratislava,,382080.0
711896,Bratislava,Bratislava,,255000.0
711904,Žilina,Žilina,,190000.0
711915,Galanta,,Galanta,179900.0
711925,Nitra,Nitra,,180000.0
711941,Bratislava,Bratislava,,208000.0
711947,Bratislava,Bratislava,,239000.0
711953,Nitra,Nitra,,155000.0
712007,Bratislava,Bratislava,,280000.0
712063,Dubnica nad Váhom,,Trenčianske Teplice,205000.0
712114,Dubnica nad Váhom,,Trenčianske Teplice,114990.0
712197,Bratislava,Bratislava,,132900.0
712202,Bratislava,Bratislava,,538000.0
712215,Senec,,,298900.0
712559,Košice,Košice,,124990.0
712581,Banská Štiavnica,,Banská Štiavnica,260890.0
712590,Bratislava,Bratislava,,550000.0
712600,Košice,Košice,,253000.0
712605,Krupina,,Krupina,97500.0
712613,Bytča,,,109000.0
712616,Banská Štiavnica,,Banská Štiavnica,205820.0
712629,Banská Štiavnica,,Banská Štiavnica,207050.0
712650,Nitra,Nitra,,158000.0
712683,Liptovský Mikuláš,,Liptovský Hrádok,85000.0
712735,Žilina,Žilina,,180000.0
712741,Košice,Košice,,208990.0
712748,Košice,Košice,,181990.0
712759,Bratislava,Bratislava,,187000.0
712761,Michalovce,,Michalovce,175900.0
712767,Bratislava,Bratislava,,140000.0
712785,Nové Zámky,,Hurbanovo,93000.0
712833,Banská Bystrica,Banská Bystrica,,127000.0
712853,Banská Bystrica,,,179000.0
712889,Poprad,,Poprad,265000.0
712951,Senec,,,260000.0
712963,Nitra,Nitra,,197000.0
712999,Michalovce,,Michalovce,135900.0
713010,Bratislava,Bratislava,,315000.0
713029,Bratislava,Bratislava,,550000.0
713037,Senec,,Senec,155000.0
713060,Bratislava,Bratislava,,360000.0
713071,Bratislava,Bratislava,,290000.0
713097,"Ostredková, Ružinov - Ostredky, Bratislavský kraj",Bratislava,,219000.0
713190,Komárno,,Komárno,67900.0
713252,Bratislava,,,205000.0
713276,Bratislava,,Stupava,163990.0
713320,Skalica,Bratislava,,250000.0
713371,Košice,Košice,,207500.0
713377,Pezinok,,Pezinok,159900.0
713439,Nitra,Nitra,,155000.0
713448,Bratislava,Bratislava,,450000.0
713460,Dunajská Streda,,,125000.0
713466,Trenčín,Trenčín,,183900.0
713490,Žilina,Žilina,,195000.0
713496,Banská Bystrica,Banská Bystrica,,299000.0
713502,Galanta,,Sereď,108000.0
713517,Spišská Nová Ves,,Spišská Nová Ves,83500.0
713530,Bánovce nad Bebravou,,Bánovce nad Bebravou,113990.0
713540,Trenčín,Trenčín,,244900.0
713561,Bratislava,Bratislava,,195000.0
713617,Trnava,,,129990.0
713622,Senec,,Senec,219900.0
713650,Žilina,Žilina,,238000.0
713660,Nové Mesto nad Váhom,,Nové Mesto nad Váhom,129900.0
713684,Bánovce nad Bebravou,,Bánovce nad Bebravou,114900.0
713693,Skalica,,Holíč,103000.0
713703,Martin,,Martin,207000.0
713714,Bratislava,Bratislava,,182000.0
713739,Hlohovec,,Hlohovec,154000.0
713768,Bratislava,Bratislava,,360000.0
713820,Nové Mesto nad Váhom,,Nové Mesto nad Váhom,130000.0
713833,Bratislava,Bratislava,,309000.0
713840,Nové Zámky,,Šurany,117800.0
713864,Nitra,Nitra,,165000.0
713870,Bratislava,Bratislava,,275000.0
713903,Považská Bystrica,,Považská Bystrica,135000.0
713909,Rimavská Sobota,,Rimavská Sobota,61500.0
714043,Partizánske,,,99000.0
714077,Banská Bystrica,Radvaň,,234900.0
714101,Piešťany,,Piešťany,119000.0
714119,Nové Zámky,,Nové Zámky,129990.0
714159,Bratislava,Bratislava,,299000.0
714186,Košice,Košice,,148000.0
714195,Bratislava,Bratislava,,229900.0
714207,Nitra,Nitra,,220000.0
714212,Košice,Košice,,169900.0
714228,Senec,,,160000.0
714238,Senec,,,120000.0
714265,Košice,Košice,,229900.0
714268,Trebišov,,Čierna nad Tisou,30500.0
714272,Dunajská Streda,,Dunajská Streda,144900.0
714282,Košice,Košice,,259000.0
714307,Nitra,Nitra,,185000.0
714312,Nové Zámky,,Nové Zámky,152000.0
714328,Banská Štiavnica,,Banská Štiavnica,175590.0
714341,Poltár,,Poltár,49000.0
714354,Prievidza,,Nováky,116000.0
714414,Martin,,Martin,87000.0
714438,Bratislava,Bratislava,,269900.0
714454,Bratislava,Bratislava,,225000.0
714528,Senec,,Senec,189900.0
714606,Prievidza,,Prievidza,145000.0
714678,Banská Štiavnica,,Banská Štiavnica,149900.0
715449,Bratislava,Bratislava,,309900.0
716313,Bratislava,Bratislava,,204000.0
716393,Bratislava,Bratislava,,215000.0
716628,Bratislava,Bratislava,,259900.0
716770,Partizánske,,Partizánske,152000.0
716930,Bratislava,Bratislava,,254000.0
717068,Bratislava,Bratislava,,255000.0
718454,Bratislava,Bratislava,,239900.0
718456,Bratislava,Bratislava,,189900.0
718457,Bratislava,Bratislava,,230000.0
718494,Bratislava,Bratislava,,229900.0
718917,Michalovce,,Michalovce,137000.0
718945,Bratislava,Bratislava,,189900.0
718953,Zlaté Moravce,,Vráble,130999.0
718989,Bratislava,Bratislava,,228900.0
718999,Dubnica nad Váhom,,Nemšová,125000.0
719071,Skalica,,Skalica,128000.0
719079,Bratislava,Bratislava,,319000.0
719092,Nové Zámky,,Nové Zámky,159500.0
719102,Kežmarok,,Kežmarok,189900.0
719114,Bratislava,Bratislava,,339000.0
719133,Liptovský Mikuláš,,Liptovský Mikuláš,325000.0
719147,Senec,,,125000.0
719240,"Štefana Majera, Záhorská Bystrica - Záhorská Bystrica, Bratislavský kraj",Bratislava,,315000.0
719261,Ružomberok,,Ružomberok,134900.0
719271,Turčianske Teplice,,Turčianske Teplice,139900.0
719273,Levice,,Levice,85000.0
719288,Bratislava,Bratislava,,397000.0
719303,Košice,Košice,,215000.0
719305,Bratislava,Bratislava,,195000.0
719335,Nové Mesto nad Váhom,,Nové Mesto nad Váhom,150000.0
719352,Martin,,Martin,145000.0
719359,Trebišov,,Kráľovský Chlmec,47900.0
719369,Pezinok,,Pezinok,125000.0
719374,Prievidza,,Handlová,84999.0
719420,Trebišov,,Sečovce,110900.0
719424,Humenné,,Humenné,113900.0
719477,Košice,Košice,,179000.0
719491,Bratislava,Bratislava,,180000.0
719510,Komárno,,Komárno,129600.0
719536,Bratislava,Bratislava,,180000.0
719541,Bratislava,Bratislava,,160000.0
719573,Svidník,,Svidník,124990.0
719577,Trnava,Trnava,,249000.0
719590,Nové Zámky,,Nové Zámky,196500.0
719594,Bratislava,Bratislava,,265000.0
719603,Košice,Košice,,194990.0
719644,Trnava,Trnava,,145900.0
719660,Galanta,,Galanta,199900.0
719686,Senec,,,125000.0
719716,Žilina,Žilina,,314000.0
719735,Košice,Košice,,169900.0
719741,Prievidza,,Prievidza,126000.0
719748,Nové Zámky,,Nové Zámky,155000.0
719759,Brezno,,,265000.0
719777,Bratislava,Bratislava,,298500.0
719782,Pezinok,,Pezinok,239000.0
719812,Piešťany,,Vrbové,126000.0
719830,Banská Štiavnica,,Banská Štiavnica,276780.0
719854,Bratislava,Bratislava,,228000.0
719861,Skalica,,Skalica,125000.0
719866,Košice,Košice,,165900.0
719871,Topoľčany,,,128000.0
719874,Banská Štiavnica,,Banská Štiavnica,331690.0
719896,Bratislava,Bratislava,,159000.0
719903,Banská Bystrica,Banská Bystrica,,128000.0
719913,Rožňava,,,115500.0
719924,Ilava,,,160000.0
719932,Bratislava,Bratislava,,245000.0
719939,Košice,Košice,,209000.0
719943,Košice,Košice,,180000.0
719954,Martin,,Martin,133900.0
719978,Bratislava,Bratislava,,539000.0
719988,Bratislava,Bratislava,,275000.0
719992,Košice,Košice,,270000.0
720026,"Ľudovíta Fullu, Karlova Ves - Karlova Ves, Bratislavský kraj",Bratislava,,309000.0
720038,Žilina,Žilina,,398960.0
720046,Nové Zámky,,Nové Zámky,128000.0
720066,Nové Zámky,,,69000.0
720072,Malacky,,Malacky,153000.0
720094,Trnava,Trnava,,214900.0
720098,Nitra,Nitra,,122999.0
720136,Žilina,Žilina,,225000.0
720147,Košice,Košice,,180000.0
720177,Skalica,,Skalica,136900.0
720182,Nové Zámky,,Nové Zámky,127000.0
720227,Topoľčany,,Topoľčany,125000.0
720237,Nové Zámky,,Šurany,117000.0
720245,Nové Zámky,,Nové Zámky,132000.0
720299,Trnava,Trnava,,165000.0
720308,Komárno,,Komárno,124000.0
720313,Košice,Košice,,164000.0
720347,Stará Ľubovňa,,,169500.0
720359,Trenčín,Trenčín,,279900.0
720380,Bratislava,Bratislava,,463500.0
720413,Košice,Košice,,179999.0
721409,Bratislava,Bratislava,,239990.0
721693,Bratislava,Bratislava,,257000.0
721742,Bratislava,Bratislava,,259990.0
722264,Bratislava,Bratislava,,205000.0
722379,Bratislava,Bratislava,,138000.0
722623,Bratislava,Bratislava,,256500.0
722665,Bratislava,Bratislava,,219000.0
723036,Bratislava,Bratislava,,229900.0
723083,Bratislava,Bratislava,,237000.0
723146,Bratislava,Bratislava,,189900.0
723148,Bratislava,Bratislava,,240000.0
723149,Bratislava,Bratislava,,248999.0
723150,Bratislava,Bratislava,,232999.0
723152,Bratislava,Bratislava,,255000.0
723154,Bratislava,Bratislava,,249500.0
723500,Prievidza,,Prievidza,119900.0
723505,Prešov,Prešov,,109000.0
723506,Nové Zámky,,Šurany,110000.0
723509,Bratislava,Bratislava,,329900.0
723517,Malacky,,,179000.0
723527,Bratislava,Bratislava,,295000.0
723531,Poprad,,Poprad,159000.0
723547,Ružomberok,,,250000.0
723551,Michalovce,,Michalovce,139900.0
723590,Trnava,Trnava,,166900.0
723631,Bratislava,Bratislava,,265000.0
723645,Bratislava,Bratislava,,279900.0
723661,Bratislava,Bratislava,,649000.0
723674,Bratislava,Bratislava,,273900.0
723724,Bratislava,Bratislava,,272000.0
723780,Trenčín,Trenčín,,164990.0
723787,Banská Bystrica,Banská Bystrica,,235000.0
723802,Dunajská Streda,,Dunajská Streda,129900.0
723809,Senica,,Senica,119000.0
723819,Nitra,Nitra,,189000.0
723833,Michalovce,,Michalovce,145000.0
723838,Dunajská Streda,,Šamorín,222471.0
723847,Žilina,Žilina,,170000.0
723850,Skalica,,Skalica,169900.0
723856,Senec,,,168000.0
723878,Dunajská Streda,,Šamorín,191201.0
723885,Topoľčany,,Topoľčany,165000.0
723888,Banská Bystrica,Banská Bystrica,,204000.0
723903,Komárno,,Komárno,162500.0
723908,Topoľčany,,Topoľčany,165000.0
723921,Piešťany,,Piešťany,140000.0
723928,Košice,Košice,,179999.0
723994,Šaľa,,Šaľa,114990.0
724008,Prešov,Prešov,,157900.0
724018,Levice,,Šahy,65000.0
724020,Prievidza,,Prievidza,139900.0
724035,Banská Bystrica,Banská Bystrica,,305000.0
724055,Považská Bystrica,,Považská Bystrica,176900.0
724093,Košice,Košice,,180000.0
724181,Prešov,Prešov,,179000.0
724192,Bratislava,Bratislava,,269900.0
724200,Žiar nad Hronom,,Žiar nad Hronom,29999.0
724211,Senec,,,176900.0
724217,Senec,,,164900.0
724227,Topoľčany,,Topoľčany,117500.0
724233,Košice,,Moldava nad Bodvou,134990.0
724247,Košice,Košice,,257900.0
724249,Bratislava,Bratislava,,649900.0
724257,Bratislava,Bratislava,,415000.0
724264,Prešov,Prešov,,230000.0
724269,Kežmarok,,,165000.0
724278,Bratislava,Bratislava,,449000.0
724282,Bratislava,Bratislava,,175000.0
724285,Dunajská Streda,,Dunajská Streda,105000.0
724290,Nové Zámky,,Šurany,118000.0
724301,Humenné,,Humenné,60500.0
724304,Senec,,Senec,195000.0
724324,Pezinok,,Pezinok,144900.0
724333,Senec,,,108000.0
724352,Nitra,Nitra,,175000.0
724372,Spišská Nová Ves,,Spišská Nová Ves,159000.0
724380,Trenčín,Trenčín,,185000.0
724385,Košice,,,236000.0
724389,Žilina,Žilina,,228000.0
724399,Košice,Košice,,234990.0
724400,Dolný Kubín,,Dolný Kubín,122000.0
724403,Košice,Košice,,216000.0
724410,Poprad,,Poprad,159000.0
724428,Púchov,,,189000.0
724474,Šaľa,,Šaľa,129900.0
724484,Levice,,Šahy,65000.0
724493,Košice,Košice,,239990.0
724500,Piešťany,,Piešťany,164990.0
724518,Nitra,Nitra,,180000.0
724531,Prešov,Mestská časť Prešov,,230000.0
724554,Košice,Košice,,169000.0
724559,Bratislava,Bratislava,,314990.0
724583,Bratislava,Bratislava,,538000.0
724593,Prievidza,,Prievidza,118000.0
724607,Bratislava,Bratislava,,170000.0
724618,Košice,,,236000.0
724630,Martin,,,135000.0
724642,Nové Zámky,,Kolárovo,109900.0
724649,Trenčín,Trenčín,,260000.0
724650,Košice,,Nové Mesto nad Váhom,222000.0
724670,Dunajská Streda,,Dunajská Streda,139900.0
724688,Košice,Košice,,222000.0
724723,Topoľčany,,Topoľčany,118000.0
726108,Bratislava,Bratislava,,220000.0
726129,Bratislava,Bratislava,,164000.0
726263,Bratislava,Bratislava,,235000.0
726400,Ružomberok,,Ružomberok,110000.0
726539,Bratislava,Bratislava,,250000.0
726556,Bratislava,Bratislava,,234900.0
726688,Bratislava,Bratislava,,185000.0
727312,Bratislava,Bratislava,,245000.0
727322,Bratislava,Bratislava,,259990.0
727336,Bratislava,Bratislava,,252000.0
727487,Bratislava,Bratislava,,236900.0
727488,Bratislava,Bratislava,,199000.0
727497,Bratislava,Bratislava,,260000.0
727852,Bratislava,,Stupava,235000.0
727854,Bratislava,Bratislava,,729900.0
727865,Šaľa,,Šaľa,123000.0
727877,Košice,Košice,,259990.0
727893,Košice,Košice,,199000.0
727908,Dolný Kubín,,Dolný Kubín,133000.0
727924,Michalovce,,Michalovce,147990.0
727928,Bratislava,Bratislava,,489900.0
727930,Komárno,,Komárno,68000.0
727931,Bratislava,Bratislava,,499900.0
727936,Bratislava,Bratislava,,294900.0
727939,Žiar nad Hronom,,Žiar nad Hronom,179000.0
727953,Trnava,Trnava,,125000.0
727989,Košice,,,124000.0
728019,Bratislava,Bratislava,,185900.0
728020,Prievidza,,Handlová,69900.0
728023,Kežmarok,,Kežmarok,146000.0
728066,Dunajská Streda,,Dunajská Streda,136500.0
728073,Žilina,Žilina,,126000.0
728105,Bardejov,,Bardejov,134990.0
728113,Košice,Košice,,179000.0
728131,Trnava,Trnava,,250000.0
728207,Malacky,,Malacky,153000.0
728218,Trebišov,,Čierna nad Tisou,28000.0
728220,Trebišov,,Čierna nad Tisou,22000.0
728286,Bratislava,Bratislava,,242000.0
728339,Košice,Košice,,125000.0
728388,Senica,,,126000.0
728391,Skalica,,Skalica,164000.0
728395,Skalica,,Skalica,89000.0
728466,Nitra,Nitra,,128000.0
728468,Bytča,,,165000.0
728480,Liptovský Mikuláš,,Liptovský Mikuláš,265000.0
728491,Trenčín,Trenčín,,115000.0
728495,Trnava,Trnava,,320000.0
728502,Nitra,Nitra,,180000.0
728509,Banská Bystrica,Banská Bystrica,,299000.0
728514,Sabinov,,Sabinov,194900.0
728527,Senec,,,188500.0
728543,Prešov,Prešov,,225000.0
728557,Bratislava,Bratislava,,279000.0
728581,Bratislava,Bratislava,,108000.0
728585,Zvolen,,,95000.0
728609,Bratislava,Bratislava,,229000.0
728655,Komárno,Košice,,139500.0
728664,Ilava,,Ilava,60000.0
728694,Bratislava,Bratislava,,318000.0
728727,Komárno,,Komárno,137384.0
728731,Trnava,Trnava,,130000.0
728735,Košice,Košice,,379990.0
728768,Nitra,Nitra,,189000.0
728841,Lučenec,,Lučenec,75600.0
728853,Bratislava,Bratislava,,274000.0
728933,Bratislava,Bratislava,,369000.0
728955,Lučenec,,Lučenec,75600.0
728978,Nové Zámky,,Šurany,117500.0
729014,Liptovský Mikuláš,,Liptovský Mikuláš,185000.0
729020,Bratislava,Bratislava,,229000.0
729070,Košice,Košice,,194990.0
729071,Humenné,,Humenné,78000.0
729109,Košice,Košice,,230000.0
729157,Poprad,,Poprad,165000.0
729193,Michalovce,,Michalovce,121000.0
729203,Detva,,Detva,129500.0
729247,Bratislava,Bratislava,,469990.0
729296,Košice,Košice,,185000.0
729317,Topoľčany,,Topoľčany,140000.0
729347,Prešov,Prešov,,189000.0
729393,Liptovský Mikuláš,,,299900.0
729401,Nové Zámky,,Nové Zámky,248000.0
729410,Košice,Košice,,334990.0
729455,Lučenec,,Lučenec,118999.0
729470,Michalovce,,Strážske,78990.0
729496,Levice,,Levice,105000.0
729519,Bratislava,Bratislava,,279990.0
729546,Košice,Košice,,207000.0
729548,Bratislava,Bratislava,,284600.0
729557,Poprad,,Vysoké Tatry,399000.0
729614,Košice,Košice,,289990.0
729617,Nitra,Nitra,,193700.0
729644,Bratislava,Bratislava,,295000.0
729655,Bratislava,Bratislava,,420000.0
729758,Šaľa,,Šaľa,103000.0
729764,Levice,,Tlmače,77000.0
729787,Nové Zámky,,Nové Zámky,122000.0
729846,Bratislava,Bratislava,,330000.0
729896,Košice,,Michalovce,65500.0
729908,Bratislava,Bratislava,,350000.0
729911,Košice,Košice,,194000.0
729978,Gelnica,,,59500.0
730020,Piešťany,,Vrbové,107900.0
730036,Ružomberok,,Ružomberok,75000.0
730061,Bratislava,,Šamorín,253000.0
730084,Košice,Košice,,179000.0
730112,Piešťany,,Vrbové,121900.0
730128,Humenné,,Humenné,89990.0
730132,Kežmarok,,Kežmarok,152000.0
730164,Košice,Košice,,180000.0
730166,Michalovce,,Michalovce,178000.0
730182,Ilava,,,247006.0
730191,Piešťany,,Vrbové,199990.0
730209,Bratislava,Bratislava,,274990.0
730217,Košice,Košice,,219000.0
730244,Senec,,,249000.0
730253,Rimavská Sobota,,Rimavská Sobota,84900.0
730255,Nitra,,,192000.0
730279,Trebišov,,Trebišov,102900.0
730301,Kežmarok,,Kežmarok,109900.0
730304,Senec,,,169900.0
730348,Banská Bystrica,Banská Bystrica,,3600.0
730351,Žilina,,,177000.0
730368,Trnava,Trnava,,169900.0
730462,Bratislava,Bratislava,,429900.0
730466,Žiar nad Hronom,,Žiar nad Hronom,180000.0
730492,Bratislava,Bratislava,,169990.0
730499,Trnava,Trnava,,245000.0
730554,Liptovský Mikuláš,,,94000.0
730564,Dolný Kubín,,Dolný Kubín,299000.0
730589,Trnava,Trnava,,229900.0
730593,Dunajská Streda,,,128000.0
730654,Spišská Nová Ves,,,27000.0
730689,Bratislava,Bratislava,,449900.0
730696,Senec,,Senec,279000.0
730764,Trnava,Trnava,,259000.0
730785,Levice,,Levice,95000.0
730789,Žarnovica,,Žarnovica,140000.0
730814,Galanta,Bratislava,,76000.0
730824,Kežmarok,,Vysoké Tatry,550000.0
730826,Trebišov,,,127890.0
730836,Detva,,Detva,101900.0
730844,Brezno,,Brezno,113000.0
730852,Prievidza,,Prievidza,113500.0
730857,Žilina,,,125000.0
730887,Dubnica nad Váhom,,Nová Dubnica,115000.0
730892,Levice,,Šahy,62990.0
730893,Liptovský Mikuláš,,Liptovský Mikuláš,171900.0
730905,Košice,Košice,,369890.0
730919,Bratislava,Bratislava,,249900.0
730923,Košice,Košice,,179000.0
730924,Senec,,Senec,140500.0
730948,Liptovský Mikuláš,,,99000.0
730958,Senec,,,130000.0
730961,Kežmarok,,,180000.0
730985,Ružomberok,,Ružomberok,172000.0
730997,Žilina,,,143990.0
731063,Bratislava,Bratislava,,180000.0
731068,Kežmarok,,Kežmarok,120000.0
731094,Liptovský Mikuláš,,Liptovský Mikuláš,169900.0
731099,Prešov,Prešov,,175000.0
731100,Kežmarok,,,155000.0
731111,Košice,,,190000.0
731116,Košice,Košice,,180000.0
731145,Snina,,Snina,65000.0
731150,Námestovo,Námestovo,,125000.0
731196,Bratislava,Bratislava,,318000.0
731238,Námestovo,Námestovo,,125000.0
731241,Bratislava,Bratislava,,335990.0
731245,Pezinok,,Pezinok,125000.0
731262,Pezinok,,Pezinok,153000.0
731271,Rožňava,,,39500.0
731277,Senica,,Senica,99000.0
731298,Žiar nad Hronom,,Žiar nad Hronom,137000.0
731302,Trnava,Trnava,,295000.0
731304,Košice,Košice,,389000.0
731306,Košice,Košice,,369000.0
731311,Bratislava,Bratislava,,362000.0
731314,Námestovo,Námestovo,,145000.0
731334,Bratislava,Bratislava,,235000.0
731335,Ružomberok,,,49000.0
731352,Banská Bystrica,Banská Bystrica,,149000.0
731380,Bratislava,Bratislava,,1400000.0
731435,Trenčín,Trenčín,,208000.0
731444,Piešťany,,,133990.0
731458,Bratislava,Bratislava,,182000.0
731467,Komárno,,Hurbanovo,87000.0
731525,Trebišov,,Trebišov,73000.0
731526,Bratislava,Bratislava,,284000.0
731531,Kežmarok,,Kežmarok,185000.0
731540,Žilina,Žilina,,275000.0
731558,Komárno,,Štúrovo,87000.0
731564,Bratislava,Bratislava,,425000.0
731566,Galanta,,,129000.0
731569,Košice,Košice,,184800.0
731614,Prievidza,,Handlová,64990.0
731617,Levice,,Levice,105000.0
731628,Banská Bystrica,Banská Bystrica,,123600.0
731653,Bratislava,Bratislava,,349990.0
731655,Bratislava,Bratislava,,164000.0
731703,Bánovce nad Bebravou,,Bánovce nad Bebravou,110500.0
731756,Liptovský Mikuláš,,,119990.0
731766,Žiar nad Hronom,,,88700.0
731783,Bánovce nad Bebravou,,,124000.0
731817,Žiar nad Hronom,,Žiar nad Hronom,119990.0
731834,Prešov,Prešov,,146400.0
731868,Spišská Nová Ves,,Spišská Nová Ves,139000.0
731892,Rožňava,,Rožňava,108000.0
731904,Bratislava,Bratislava,,539000.0
731906,Prievidza,,Nováky,185000.0
731960,Poprad,,Poprad,159000.0
731988,Lučenec,,Lučenec,87000.0
732470,Žilina,Žilina,,164800.0
732483,Kežmarok,,Kežmarok,145000.0
732492,Poprad,,Poprad,179900.0
732513,Námestovo,Námestovo,,149000.0
732515,Bardejov,,Bardejov,139900.0
732521,Čadca,,,198310.0
732532,Žilina,Žilina,,193000.0
732571,Trebišov,,Trebišov,77900.0
732585,Poprad,,Poprad,179999.0
732587,Bánovce nad Bebravou,,,71000.0
732590,Trebišov,,Trebišov,97990.0
732594,Trebišov,,Trebišov,105000.0
732606,Michalovce,,Michalovce,145000.0
732620,Humenné,,Humenné,119900.0
732636,,Banská Bystrica,,265000.0
732643,Trenčín,Trenčín,,229000.0
732656,Košice,Košice,,259000.0
732663,Bratislava,Bratislava,,446500.0
732665,Košice,Košice,,500000.0
732669,Ilava,,Dubnica nad Váhom,145000.0
732707,Bratislava,Bratislava,,223990.0
732710,Bratislava,Bratislava,,386900.0
732711,Brezno,,Brezno,73000.0
732724,Bratislava,Bratislava,,258500.0
732727,Pezinok,,Modra,173000.0
732728,Bratislava,Bratislava,,215000.0
732735,Gelnica,,Gelnica,120000.0
732745,,Bratislava,,246990.0
732748,Bratislava,Bratislava,,145000.0
732794,Bánovce nad Bebravou,,,163000.0
732808,Žiar nad Hronom,,Žiar nad Hronom,117500.0
732815,Levice,,Tlmače,73000.0
732823,Kežmarok,,,465000.0
732829,Trnava,Trnava,,255000.0
732833,Pezinok,,Pezinok,125000.0
732835,Martin,,Martin,145000.0
732838,Martin,,Martin,96000.0
732839,Bratislava,Bratislava,,133900.0
732846,Topoľčany,,,62990.0
732847,Nové Zámky,Bratislava,,128000.0
732854,Lučenec,,Fiľakovo,85000.0
732872,Nitra,Nitra,,186000.0
732883,Banská Bystrica,Banská Bystrica,,235000.0
732899,Prievidza,,Prievidza,144000.0
732903,Prešov,Prešov,,230000.0
732936,Bratislava,Bratislava,,519000.0
732939,Piešťany,,,129900.0
732954,Liptovský Mikuláš,,Liptovský Mikuláš,230000.0
733005,Bratislava,Bratislava,,284000.0
733024,Trnava,,,168000.0
733035,Trnava,Trnava,,240000.0
733038,Senec,,,190000.0
733042,Košice,Košice,,187000.0
733053,Žarnovica,,,69999.0
733055,Trnava,Trnava,,234900.0
733060,Michalovce,,Michalovce,120000.0
733067,Topoľčany,,Topoľčany,125000.0
733089,Bratislava,Bratislava,,369000.0
733110,Komárno,,Komárno,80000.0
733112,Stará Ľubovňa,,Stará Ľubovňa,152000.0
733127,Malacky,,,165000.0
733138,Banská Bystrica,Banská Bystrica,,175000.0
733149,Michalovce,,Michalovce,144990.0
733150,Žilina,Žilina,,284000.0
733161,Rimavská Sobota,,Rimavská Sobota,110000.0
733194,Bratislava,Bratislava,,420000.0
733198,Nitra,Nitra,,187000.0
733203,Brezno,,,259900.0
733204,Bratislava,Bratislava,,729900.0
733207,Liptovský Mikuláš,,,179000.0
733213,Bratislava,Bratislava,,640000.0
733222,Nové Mesto nad Váhom,,,68000.0
733249,Ružomberok,,,115000.0
733253,Bardejov,,Bardejov,121900.0
733258,Trebišov,,Trebišov,143370.0
733292,Bratislava,Bratislava,,284900.0
733308,Bratislava,Bratislava,,175000.0
733324,Košice,Košice,,257900.0
733340,Zvolen,,Zvolen,149000.0
733349,Žilina,,,175000.0
733355,Topoľčany,,Topoľčany,148000.0
733360,Bratislava,Bratislava,,250000.0
733372,Bratislava,Bratislava,,489900.0
733381,Rimavská Sobota,,Rimavská Sobota,120000.0
733385,Zvolen,,Zvolen,142900.0
733392,Bratislava,Bratislava,,219000.0
733405,Trnava,Trnava,,190000.0
733427,Bratislava,Bratislava,,180000.0
733442,Žilina,Žilina,,178990.0
733458,Považská Bystrica,,Považská Bystrica,135000.0
733470,Bratislava,Bratislava,,294900.0
733480,Piešťany,,Piešťany,140000.0
733482,Michalovce,,Michalovce,145000.0
733511,Bratislava,Bratislava,,284990.0
733516,Košice,,Medzev,93000.0
733518,Bratislava,Bratislava,,210000.0
733522,Levice,,Tlmače,99000.0
733526,Bratislava,Bratislava,,650000.0
733537,Dolný Kubín,,,170000.0
733545,Sobrance,,Sobrance,99900.0
733669,Senica,Trnava,,89900.0
733779,Komárno,,Komárno,62900.0
733812,Rimavská Sobota,,Nesvady,79500.0
733864,Košice,Košice,,215000.0
733875,Ilava,,Dubnica nad Váhom,184800.0
734002,Dunajská Streda,,Dunajská Streda,129850.0
734022,Nové Mesto nad Váhom,,Nové Mesto nad Váhom,109990.0
734033,Bratislava,Bratislava,,244900.0
734050,Bratislava,Bratislava,,179900.0
734094,Bratislava,Bratislava,,450000.0
734099,Prievidza,,Prievidza,69000.0
734108,Nové Zámky,,Nové Zámky,119990.0
734116,Trnava,Trnava,,179000.0
734132,Bratislava,Bratislava,,389000.0
734139,Partizánske,,Partizánske,83000.0
734147,Bratislava,Bratislava,,310000.0
734220,Lučenec,,Lučenec,68000.0
734225,Trnava,,,129900.0
734236,Banská Bystrica,Banská Bystrica,,195000.0
734238,Prešov,Prešov,,169999.0
734243,Žilina,Žilina,,199000.0
734252,Martin,,Martin,157500.0
734272,Bratislava,,Stupava,155000.0
734283,Bratislava,Bratislava,,265000.0
734333,Brezno,,,215000.0
734336,Bratislava,Bratislava,,175000.0
734345,Prievidza,,Prievidza,160000.0
734355,Košice,Košice,,199900.0
734367,Námestovo,Námestovo,,159000.0
734374,Námestovo,Námestovo,,135000.0
734383,Námestovo,Námestovo,,295000.0
734391,Liptovský Mikuláš,,Liptovský Mikuláš,149999.0
734401,Košice,Košice,,334990.0
734409,Košice,Košice,,379990.0
734434,Bratislava,Bratislava,,95000.0
734455,Žilina,Žilina,,175000.0
734485,Bratislava,Bratislava,,365000.0
734564,Poprad,,Poprad,235000.0
734574,Košice,Košice,,289990.0
734593,Malacky,,,182000.0
734613,Galanta,,Galanta,127900.0
734621,Bratislava,Bratislava,,299800.0
734636,Košice,Košice,,257900.0
734642,Košice,Košice,,184000.0
734670,Žilina,Žilina,,165000.0
734680,Banská Bystrica,Banská Bystrica,,179500.0
734682,Trebišov,,Trebišov,115000.0
734688,Bratislava,Bratislava,,165000.0
734706,Bratislava,Bratislava,,180990.0
734721,Žilina,Žilina,,180000.0
734728,Ilava,,Nová Dubnica,133000.0
734735,Prešov,Prešov,,169999.0
734762,Bratislava,Bratislava,,130990.0
734793,Bratislava,Bratislava,,385000.0
734889,Bratislava,Bratislava,,295900.0
734904,Bratislava,Bratislava,,599000.0
734956,Martin,,Vrútky,139000.0
735034,Bratislava,Bratislava,,325000.0
735064,Šaľa,,Šaľa,105000.0
735118,Bratislava,Bratislava,,250000.0
735146,Bratislava,Bratislava,,268000.0
735225,Prešov,Prešov,,107000.0
735232,Považská Bystrica,,,156000.0
735295,Košice,Košice,,244990.0
735349,Michalovce,,Michalovce,154000.0
735360,Komárno,,,55000.0
735395,Martin,,Vrútky,128000.0
735419,Liptovský Mikuláš,,Liptovský Mikuláš,119900.0
735438,Prešov,,,128000.0
735509,Piešťany,,,179580.0
735586,Zlaté Moravce,,Zlaté Moravce,135000.0
735620,Trnava,,,138900.0
735662,Martin,,Martin,119000.0
735679,Ružomberok,,Ružomberok,130000.0
735683,Bratislava,Bratislava,,240000.0
735708,Bratislava,Bratislava,,309990.0
735796,Bratislava,Bratislava,,448999.0
735839,Ružomberok,,Ružomberok,108000.0
735845,Bratislava,Bratislava,,169900.0
735864,Liptovský Mikuláš,,,167000.0
735907,Bratislava,Bratislava,,175000.0
735940,Liptovský Mikuláš,,,133000.0
735959,Senec,,Senec,167500.0
736015,Košice,Košice,,130000.0
736037,Michalovce,,Michalovce,146990.0
736099,Žarnovica,,,78500.0
736108,Komárno,,,65000.0
736121,Košice,Košice,,173500.0
736137,Bratislava,Bratislava,,229000.0
736216,Bratislava,Bratislava,,350500.0
736258,Bratislava,Bratislava,,549990.0
736285,Tvrdošín,,Trstená,172000.0
736289,Prešov,,,219999.0
736330,Pezinok,,Modra,163900.0
736371,Lučenec,,Fiľakovo,76500.0
736402,Prešov,Prešov,,179000.0
736411,Košice,Košice,,299500.0
736427,Ilava,,,89900.0
736475,Košice,Košice,,183400.0
736541,Bratislava,Bratislava,,224990.0
736555,Nitra,Nitra,,164000.0
736608,Trenčín,Trenčín,,189900.0
736618,Trenčín,,Trenčianske Teplice,120500.0
736696,Trnava,Trnava,,380000.0
736702,Poltár,,Poltár,82990.0
736711,Bratislava,Bratislava,,208000.0
736763,Michalovce,,Michalovce,179900.0
736832,Komárno,,Komárno,135000.0
736911,Čadca,,Čadca,128000.0
736935,Piešťany,,Piešťany,158500.0
737184,Bratislava,Bratislava,,278000.0
737188,Galanta,,Galanta,172000.0
737193,Vranov nad Topľou,,Vranov nad Topľou,95900.0
737280,Poprad,,Vysoké Tatry,309000.0
737371,Bratislava,Bratislava,,400000.0
737377,Brezno,,Modra,99900.0
737477,Zvolen,,Zvolen,149990.0
737492,Prievidza,,Handlová,42000.0
737617,Spišská Nová Ves,,Spišská Nová Ves,137000.0
737693,Trnava,Trnava,,209900.0
737733,Nitra,Nitra,,200000.0
737759,Medzilaborce,,,58999.0
737790,Nové Zámky,Bratislava,,70000.0
737994,Poprad,,,139000.0
738081,Bratislava,Bratislava,,278000.0
738123,Bratislava,Bratislava,,175000.0
738165,Bratislava,Bratislava,,175000.0
738195,Topoľčany,,Topoľčany,125000.0
738217,Senec,,,240000.0
738255,Bratislava,Bratislava,,349900.0
738257,Piešťany,,Vrbové,87500.0
738270,Bratislava,Bratislava,,260000.0
738322,Košice,Košice,,298880.0
738326,Pezinok,,Pezinok,289990.0
738339,Prešov,,Vranov nad Topľou,185000.0
738383,Bratislava,Bratislava,,210000.0
738436,Galanta,,,119900.0
738464,Bratislava,Bratislava,,289000.0
738509,Bratislava,Bratislava,,205000.0
738547,Trenčín,Trenčín,,249000.0
738549,Stropkov,,Stropkov,88000.0
738582,Bratislava,Bratislava,,470000.0
738591,Liptovský Mikuláš,,Liptovský Mikuláš,169900.0
738614,Brezno,,Brezno,116900.0
738625,Košice,Košice,,260000.0
738639,Martin,,Martin,145000.0
738695,Považská Bystrica,,Považská Bystrica,143000.0
738696,Bratislava,Bratislava,,278000.0
738705,Bratislava,Bratislava,,195000.0
738738,Nitra,Nitra,,185000.0
738741,Prešov,Prešov,,187000.0
738749,Košice,Košice,,217900.0
738751,Dunajská Streda,,Dunajská Streda,88990.0
738772,Banská Bystrica,,,259000.0
738782,Košice,Košice,,299500.0
738785,Zlaté Moravce,,Zlaté Moravce,106000.0
738816,Košice,Košice,,180000.0
738864,Liptovský Mikuláš,,,299900.0
738964,Nitra,Nitra,,269000.0
739010,Bratislava,Bratislava,,269000.0
739056,Košice,Košice,,195000.0
739060,Prešov,Prešov,,264900.0
739153,Trebišov,,Trebišov,129900.0
739172,Žiar nad Hronom,,Žiar nad Hronom,89900.0
739239,Banská Bystrica,Banská Bystrica,,79900.0
739422,Bratislava,Bratislava,,278000.0
739937,Košice,Košice,,370821.0
739951,Nitra,Nitra,,155000.0
739960,Žilina,Žilina,,169540.0
739977,Komárno,,Komárno,138500.0
739979,Košice,Košice,,286361.0
739987,Bratislava,Bratislava,,249000.0
739990,Bratislava,Bratislava,,242000.0
740013,Dunajská Streda,,Šamorín,129500.0
740042,Trenčín,Trenčín,,135000.0
740054,Bratislava,Bratislava,,320000.0
740057,Bratislava,Bratislava,,170000.0
740058,Bratislava,Bratislava,,156900.0
740061,Košice,Košice,,210000.0
740072,Banská Bystrica,,,63000.0
740113,Bratislava,Bratislava,,256900.0
740125,Prievidza,,,89980.0
740131,Bratislava,Bratislava,,222499.0
740135,Skalica,,Skalica,114000.0
740143,Bratislava,Bratislava,,239900.0
740391,Nitra,Nitra,,180000.0
740433,Bratislava,Bratislava,,164900.0
740440,Dunajská Streda,,Dunajská Streda,148000.0
740442,Nitra,Nitra,,185000.0
740454,Košice,Košice,,183000.0
740464,Poprad,,Svit,83500.0
740470,Košice,Košice,,209990.0
740479,Trenčín,Trenčín,,129000.0
740485,Trnava,Trnava,,154900.0
740491,Prievidza,,Prievidza,174000.0
740497,Prievidza,,Prievidza,135000.0
740507,Bratislava,Bratislava,,299000.0
740549,Prievidza,,Prievidza,116900.0
740555,Humenné,,,74000.0
740590,Bratislava,Bratislava,,290000.0
740605,Bratislava,Bratislava,,279000.0
740612,Prešov,Prešov,,173900.0
740620,Bratislava,Bratislava,,309999.0
740658,Košice,Košice,,498000.0
740671,Trenčín,Trenčín,,139900.0
740674,Zvolen,,Zvolen,119900.0
740688,Bratislava,Bratislava,,579000.0
740689,Trnava,Trnava,,275000.0
740707,Košice,Košice,,248800.0
740713,Košice,Košice,,230000.0
740720,Banská Bystrica,Banská Bystrica,,177000.0
740721,Bratislava,Bratislava,,354990.0
740754,Komárno,,Komárno,132800.0
740772,Prievidza,,Handlová,89000.0
740776,Galanta,,,139900.0
740777,Spišská Nová Ves,,Spišská Nová Ves,153000.0
740797,Prešov,,,194990.0
742107,Bratislava,Bratislava,,229000.0
742549,Bratislava,Bratislava,,230000.0
742555,Bratislava,Bratislava,,215000.0
742752,Bratislava,,,198000.0
742757,Zvolen,,Zvolen,390000.0
742758,Žilina,Žilina,,117500.0
742777,Bratislava,Bratislava,,384990.0
742786,Ilava,,Nová Dubnica,175000.0
742815,Bratislava,Bratislava,,534990.0
742829,Čadca,,Čadca,139000.0
742868,Zvolen,,,319000.0
742886,Bratislava,Bratislava,,689000.0
743155,Šaľa,,Šaľa,103000.0
743868,Bratislava,Bratislava,,179900.0
743883,Trenčín,Trenčín,,299990.0
744021,Košice,Košice,,228000.0
744080,Košice,Košice,,225000.0
744101,Bratislava,Bratislava,,278000.0
744115,Bratislava,Bratislava,,149990.0
744120,Bratislava,,Stupava,260000.0
744126,Košice,Košice,,214990.0
744131,Bratislava,Bratislava,,429900.0
744138,Nitra,Nitra,,229900.0
744175,Bratislava,Bratislava,,279990.0
744233,Bratislava,Bratislava,,111000.0
744238,Košice,Košice,,244990.0
744257,Bratislava,,Šamorín,182000.0
744313,Spišská Nová Ves,,Spišská Nová Ves,86000.0
744420,Žilina,Žilina,,180000.0
744482,Žilina,Žilina,,399900.0
744484,Ružomberok,,Ružomberok,160000.0
744567,Trnava,Trnava,,252000.0
744616,Prievidza,,Handlová,169900.0
744630,Košice,Košice,,185000.0
744651,Trenčín,Trenčín,,175000.0
744702,Bratislava,Bratislava,,256000.0
744783,Dunajská Streda,,Dunajská Streda,139900.0
744798,Malacky,,,169000.0
744834,Senec,,,274900.0
744840,Košice,Košice,,144900.0
744928,Bratislava,Bratislava,,357000.0
744949,Nové Zámky,,Šurany,152990.0
744994,Banská Bystrica,Banská Bystrica,,265000.0
744999,Košice,Košice,,3215.0
745009,Nitra,Nitra,,179900.0
745088,Nové Zámky,,Šurany,126000.0
745159,Košice,Košice,,295000.0
745201,Bratislava,Bratislava,,490000.0
745230,Bratislava,,Stupava,198000.0
745247,Bratislava,Bratislava,,171000.0
745250,Košice,Košice,,199750.0
745321,Bratislava,Bratislava,,119900.0
745343,Komárno,,Komárno,144990.0
745383,Košice,Košice,,179990.0
745495,Senec,,,165900.0
745543,Banská Bystrica,,,99000.0
745563,Nitra,Nitra,,175000.0
745567,Bratislava,,,354900.0
745595,Banská Bystrica,,,135000.0
745608,Bratislava,Bratislava,,309900.0
745657,Banská Bystrica,,,185000.0
745736,Skalica,,Holíč,109000.0
745744,Bratislava,Bratislava,,269900.0
745753,Snina,,Snina,50000.0
745786,Bratislava,Bratislava,,259900.0
745803,Bratislava,Bratislava,,164900.0
745820,Bratislava,Bratislava,,849900.0
745825,Bratislava,Bratislava,,299800.0
745839,Bratislava,Bratislava,,229900.0
745855,Trnava,,,123000.0
745863,Košice,Košice,,150000.0
745885,Košice,Košice,,269000.0
745894,Košice,Košice,,148000.0
745930,Dunajská Streda,,Dunajská Streda,175000.0
745936,Topoľčany,,Topoľčany,269000.0
745963,Bratislava,Bratislava,,245000.0
745977,Trnava,,,155000.0
745991,Trnava,,,178000.0
746017,Topoľčany,,Topoľčany,149900.0
746054,Liptovský Mikuláš,,Liptovský Mikuláš,217121.0
746067,Liptovský Mikuláš,,Liptovský Mikuláš,153611.0
746102,Dubnica nad Váhom,,Dubnica nad Váhom,150000.0
746125,Komárno,,Komárno,137900.0
746137,Nitra,Nitra,,189900.0
746164,Topoľčany,,Topoľčany,128000.0
746168,Humenné,,Strážske,78890.0
746227,Bratislava,Bratislava,,147000.0
746310,Bratislava,Bratislava,,219900.0
746340,Bratislava,Bratislava,,239990.0
746470,Bratislava,Bratislava,,530000.0
746500,Košice,Košice,,234990.0
747418,Bratislava,Bratislava,,234990.0
747930,Bratislava,Bratislava,,127000.0
747966,Košice,Košice,,238000.0
747993,Bratislava,Bratislava,,234800.0
748107,Bratislava,Bratislava,,250000.0
748173,Senec,,Senec,175000.0
748180,Bratislava,Bratislava,,199900.0
748200,"Severná, Kežmarok - Kežmarok, Prešovský kraj",,Kežmarok,129000.0
748285,Bratislava,Bratislava,,136000.0
748365,Sabinov,,,169000.0
748379,Bratislava,Bratislava,,525000.0
748393,Bratislava,Bratislava,,385000.0
748425,Bratislava,Bratislava,,212000.0
748514,Piešťany,,Piešťany,180000.0
748530,Bratislava,Bratislava,,224000.0
748556,Zlaté Moravce,,Zlaté Moravce,132000.0
748563,Bratislava,Bratislava,,211990.0
748597,Bratislava,Bratislava,,220000.0
748598,Bratislava,Bratislava,,245000.0
748635,Prešov,Prešov,,185000.0
748639,Martin,,Martin,96500.0
748687,Levice,,Levice,64000.0
748714,Piešťany,,Piešťany,139900.0
748730,Zlaté Moravce,,Zlaté Moravce,120000.0
748799,Liptovský Mikuláš,,Liptovský Mikuláš,171900.0
749239,Trnava,Trnava,,199900.0
749247,Trnava,,,139900.0
749262,Považská Bystrica,,Považská Bystrica,179000.0
749267,Nové Zámky,,Nové Zámky,84999.0
749279,Komárno,,Komárno,103000.0
749293,Bratislava,Bratislava,,170000.0
749299,Topoľčany,,Topoľčany,110000.0
749340,Dubnica nad Váhom,,Trenčianske Teplice,117000.0
749352,Bratislava,Bratislava,,273000.0
749357,Bratislava,Bratislava,,315000.0
749390,Bratislava,Bratislava,,299000.0
749398,Lučenec,,Lučenec,63000.0
749405,Topoľčany,,Topoľčany,105000.0
749418,Levice,,Levice,168000.0
749435,Košice,Košice,,199000.0
749440,Bratislava,Bratislava,,524990.0
749482,Nové Zámky,,Nové Zámky,76500.0
749492,Humenné,,Humenné,133000.0
749499,Bratislava,Bratislava,,285000.0
749507,Liptovský Mikuláš,,Liptovský Mikuláš,133000.0
749527,Myjava,,Myjava,136900.0
749536,Čadca,,,90000.0
749547,Myjava,,Myjava,147900.0
749565,Malacky,,Malacky,125000.0
749583,Košice,Košice,,155000.0
749584,Bratislava,,,238000.0
749606,Prešov,Prešov,,169900.0
749612,Revúca,,Revúca,74990.0
749613,Trebišov,,Trebišov,210000.0
749624,Senec,,,259000.0
749639,Trnava,,,145000.0
749644,Michalovce,,Michalovce,132000.0
749651,Poltár,,,67000.0
749658,Žilina,Žilina,,189900.0
749673,Rimavská Sobota,,Rimavská Sobota,87500.0
749675,Pezinok,,Pezinok,209000.0
749719,Nové Zámky,,,73000.0
749728,Žilina,Žilina,,128000.0
749732,Nové Zámky,,Nové Zámky,153000.0
749761,Gelnica,,Krompachy,99500.0
749823,Žarnovica,,,78000.0
749834,Žilina,Žilina,,195000.0
749846,Banská Bystrica,Banská Bystrica,,155000.0
749850,Košice,Košice,,194900.0
749854,Vranov nad Topľou,,Vranov nad Topľou,90000.0
749895,Zvolen,,Zvolen,176000.0
749902,Košice,Košice,,199990.0
749925,Pezinok,,Pezinok,276000.0
750004,Lučenec,,Lučenec,55000.0
750017,Košice,Košice,,188000.0
750024,Poprad,,Vysoké Tatry,114000.0
750030,Piešťany,,Piešťany,399999.0
750032,Dubnica nad Váhom,,Nová Dubnica,144990.0
750038,Dubnica nad Váhom,,Dubnica nad Váhom,147990.0
750045,Trnava,Trnava,,174990.0
750051,Zvolen,,Zvolen,197050.0
750059,Bratislava,Bratislava,,399000.0
750069,Bratislava,Bratislava,,319000.0
750076,Poprad,,Vysoké Tatry,350000.0
750081,Bratislava,Bratislava,,187000.0
750092,Zvolen,,,230000.0
750119,Hlohovec,,Hlohovec,99990.0
750125,Bratislava,Bratislava,,615000.0
750143,Bratislava,,Stupava,128900.0
750168,Bratislava,Bratislava,,304990.0
750171,Banská Bystrica,,,115000.0
750187,Poprad,,Poprad,213500.0
750190,Košice,Košice,,239000.0
750246,Bratislava,Bratislava,,255000.0
750263,Dolný Kubín,,Dolný Kubín,175000.0
750268,Košice,Košice,,224990.0
750285,Michalovce,,Michalovce,143900.0
750299,Dubnica nad Váhom,,Nová Dubnica,53000.0
750311,Banská Bystrica,,,463335.0
750316,Banská Bystrica,,,218018.0
750372,Pezinok,,Pezinok,189000.0
750427,Levice,,Levice,77200.0
750447,Komárno,,Komárno,132900.0
750458,Piešťany,,Piešťany,374000.0
750470,Žilina,Žilina,,193000.0
750476,Žilina,,Bytča,139900.0
750488,Bratislava,Bratislava,,191600.0
750505,Liptovský Mikuláš,,Liptovský Mikuláš,173000.0
750537,Malacky,,Malacky,205000.0
750544,Banská Bystrica,,,209039.0
750554,Bratislava,Bratislava,,269500.0
750557,Topoľčany,,Topoľčany,116877.0
751345,Bratislava,Bratislava,,235000.0
752298,Bratislava,Bratislava,,209900.0
752305,Bratislava,Bratislava,,222000.0
752800,Bratislava,Bratislava,,240000.0
752851,Bratislava,Bratislava,,235838.0
754051,Bratislava,Bratislava,,239999.0
754081,Bratislava,Bratislava,,228700.0
754102,Bratislava,Bratislava,,236000.0
754110,Bratislava,Bratislava,,389000.0
754134,Bratislava,Bratislava,,238000.0
754143,Bratislava,Bratislava,,239900.0
754188,Bratislava,Bratislava,,259000.0
754250,Bratislava,Bratislava,,220000.0
754253,Bratislava,Bratislava,,229999.0
754668,Žilina,,Ružomberok,239990.0
754690,Bratislava,Bratislava,,265000.0
754695,Bratislava,,Stupava,143990.0
754700,Bratislava,Bratislava,,399990.0
754706,Komárno,,Komárno,135000.0
754723,Prešov,Prešov,,215000.0
754727,Košice,Košice,,199999.0
754738,Bratislava,,Stupava,409900.0
754743,Bratislava,Bratislava,,379000.0
754745,Bratislava,Bratislava,,390000.0
754751,Banská Bystrica,Banská Bystrica,,248000.0
754758,Topoľčany,,Topoľčany,104000.0
754769,Bratislava,Bratislava,,605000.0
754860,Nitra,Nitra,,140000.0
754879,Bratislava,Bratislava,,445000.0
754885,Nitra,Nitra,,167000.0
754899,Bratislava,Bratislava,,320000.0
754908,Komárno,,Komárno,105000.0
754920,Bratislava,Bratislava,,176999.0
754935,Bratislava,Bratislava,,266700.0
754938,Nové Zámky,,Kolárovo,84000.0
754971,Banská Bystrica,Banská Bystrica,,229900.0
754977,Prešov,Prešov,,154999.0
754981,Trebišov,,Trebišov,132900.0
754994,Trenčín,Trenčín,,179900.0
754998,Zlaté Moravce,,,150000.0
755010,Púchov,,,144990.0
755014,Komárno,,Komárno,135000.0
755016,Skalica,,Holíč,110000.0
755027,Trebišov,,Sečovce,109999.0
755042,Košice,Košice,,159000.0
755044,Bratislava,Bratislava,,455000.0
755049,Trnava,Trnava,,126000.0
755051,Bratislava,Bratislava,,358000.0
755061,Bratislava,,,211900.0
755071,Komárno,,Komárno,82000.0
755087,Bratislava,Bratislava,,265999.0
755110,Bratislava,Bratislava,,195700.0
755122,Košice,Košice,,180000.0
755123,Bratislava,Bratislava,,179066.0
755129,Bratislava,Bratislava,,559000.0
755137,Dunajská Streda,,Dunajská Streda,145000.0
755165,Košice,Košice,,192000.0
755171,Stará Ľubovňa,,Stará Ľubovňa,84990.0
755177,Bratislava,,,320000.0
755227,Bratislava,Bratislava,,147000.0
755236,Trenčín,Trenčín,,195000.0
755240,Žilina,Žilina,,179900.0
755248,Komárno,,Komárno,135000.0
755254,Košice,Košice,,265000.0
755264,Bratislava,,Stupava,225900.0
755266,Žilina,,,159900.0
755304,Košice,Košice,,190000.0
755314,Ružomberok,,Ružomberok,145000.0
755322,Kežmarok,,Kežmarok,152000.0
755418,Prešov,Prešov,,150000.0
755419,Bratislava,Bratislava,,339000.0
755436,Bratislava,Bratislava,,329600.0
755438,Galanta,,Galanta,128000.0
755451,Žilina,Žilina,,159900.0
755458,Piešťany,,Piešťany,209900.0
755478,Prievidza,,Prievidza,74000.0
755504,Prievidza,,Prievidza,141500.0
755508,Komárno,,,66000.0
755514,Trnava,Trnava,,215000.0
755517,Dubnica nad Váhom,,Dubnica nad Váhom,134900.0
755521,Trenčín,Trenčín,,158000.0
755523,Žilina,Žilina,,275000.0
755529,Bratislava,Bratislava,,430000.0
755540,Púchov,,Púchov,235453.0
755545,Kežmarok,,Vysoké Tatry,219500.0
755564,Bratislava,Bratislava,,312000.0
755590,Poprad,,Poprad,99000.0
755603,Košice,Košice,,297000.0
755609,Bratislava,Bratislava,,449000.0
755634,Bratislava,Bratislava,,349000.0
755677,Trnava,Trnava,,193000.0
755692,Lučenec,,Lučenec,79000.0
755698,Poprad,,Poprad,206000.0
755702,Trnava,,,48000.0
756904,Bratislava,Bratislava,,209000.0
757607,Bratislava,Bratislava,,237000.0
757997,Bratislava,Bratislava,,224900.0
758697,Bratislava,Bratislava,,248999.0
758972,Bratislava,Bratislava,,210000.0
759063,Bratislava,Bratislava,,250000.0
759070,Bratislava,Bratislava,,229900.0
759076,Bratislava,Bratislava,,239000.0
759078,Bratislava,Bratislava,,216000.0
759079,Bratislava,Bratislava,,200014.0
759081,Bratislava,Bratislava,,219978.0
759089,Bratislava,Bratislava,,245000.0
759438,Žilina,Žilina,,309900.0
759445,Žilina,Žilina,,184900.0
759461,Žilina,Žilina,,154900.0
759510,Bratislava,Bratislava,,251500.0
759517,Žilina,Žilina,,155000.0
759526,Topoľčany,,Topoľčany,98500.0
759532,Žarnovica,,Žarnovica,118900.0
759558,Nové Mesto nad Váhom,,Nové Mesto nad Váhom,212000.0
759567,Bratislava,Bratislava,,749000.0
759570,Košice,Košice,,191000.0
759583,Galanta,,Sereď,177900.0
759588,Poprad,,Poprad,159900.0
759600,Liptovský Mikuláš,,Liptovský Hrádok,119990.0
759601,Trnava,Trnava,,209900.0
759607,Prievidza,,Prievidza,168000.0
759669,Banská Bystrica,Banská Bystrica,,159800.0
759678,Banská Štiavnica,,Banská Štiavnica,161590.0
759694,Prešov,,Vranov nad Topľou,177000.0
759700,Nitra,Nitra,,175000.0
759740,Bratislava,Bratislava,,265000.0
759751,Považská Bystrica,,Považská Bystrica,83600.0
759770,Nitra,Nitra,,105000.0
759784,Bratislava,Bratislava,,441900.0
759790,Banská Štiavnica,,Banská Štiavnica,224270.0
759799,Galanta,,Sereď,123500.0
759821,Pezinok,,Pezinok,125000.0
759827,Vranov nad Topľou,,Vranov nad Topľou,99000.0
759830,Bratislava,Bratislava,,284000.0
759851,Piešťany,,Piešťany,182000.0
759860,Spišská Nová Ves,,Spišská Nová Ves,117000.0
759868,Poprad,,Poprad,129000.0
759882,Prešov,,Vranov nad Topľou,182000.0
759886,Nové Zámky,,Nové Zámky,103000.0
759897,Prievidza,,Prievidza,135000.0
759900,Bratislava,Bratislava,,1390000.0
759936,Košice,Košice,,250000.0
759971,Bratislava,Bratislava,,170000.0
760001,Bratislava,Bratislava,,272000.0
760016,Galanta,,Galanta,127900.0
760036,Bratislava,Bratislava,,379999.0
760043,Prešov,Prešov,,164990.0
760082,Hlohovec,,Hlohovec,155000.0
760163,Bratislava,Bratislava,,300000.0
760164,Poprad,,Poprad,179999.0
760173,Kežmarok,,Kežmarok,160000.0
760185,Trenčín,Trenčín,,178000.0
760206,Senica,,Senica,98900.0
760231,Nové Zámky,,Nové Zámky,129500.0
760238,Humenné,,Humenné,52000.0
760242,Košice,Košice,,217900.0
760269,Senec,,Senec,164990.0
760279,Bratislava,Bratislava,,328000.0
760282,Trebišov,,Sečovce,110000.0
760289,Senec,,Senec,228000.0
760295,Košice,Košice,,248000.0
760301,Košice,Košice,,269990.0
760323,Zvolen,,Zvolen,97000.0
760326,Bánovce nad Bebravou,,,173200.0
760329,Bratislava,Bratislava,,990000.0
760354,Bratislava,Bratislava,,300838.0
760359,Košice,Košice,,209000.0
760364,Vranov nad Topľou,,Vranov nad Topľou,59900.0
760370,Žilina,Žilina,,163000.0
760375,Bratislava,Bratislava,,170000.0
760382,Bratislava,,,240000.0
760390,Košice,Košice,,295000.0
760398,Košice,Košice,,264990.0
760407,Trenčín,Trenčín,,174900.0
760410,Bratislava,Bratislava,,678460.0
760412,Poprad,,Poprad,162999.0
760422,Myjava,,Stará Turá,85000.0
760429,Košice,Košice,,173000.0
760468,Trnava,Trnava,,800000.0
760485,Dunajská Streda,,Dunajská Streda,158900.0
760488,Senec,,,125000.0
760493,Piešťany,,Piešťany,232900.0
760497,Banská Štiavnica,,Banská Štiavnica,104999.0
760501,Trenčín,Trenčín,,169900.0
760503,Dubnica nad Váhom,,Nová Dubnica,129000.0
760529,Košice,Košice,,195000.0
760544,Košice,Košice,,200000.0
760559,Ružomberok,,,132999.0
760564,Malacky,,Malacky,160000.0
760584,Topoľčany,,Topoľčany,143000.0
760594,Bratislava,Bratislava,,320000.0
760620,Humenné,,Humenné,51900.0
760626,Zvolen,,Zvolen,105000.0
760646,Bratislava,Bratislava,,195000.0
760648,Malacky,,Malacky,222000.0
760651,Nitra,Nitra,,217000.0
760683,Medzilaborce,,Medzilaborce,44000.0
760690,Bratislava,Bratislava,,349000.0
760699,Komárno,,Komárno,82000.0
760707,Košice,Košice,,169000.0
760734,Zvolen,,Zvolen,95000.0
760791,Zlaté Moravce,,Zlaté Moravce,148000.0
761620,Bratislava,Bratislava,,220900.0
762910,Bratislava,Bratislava,,239000.0
763530,Bratislava,Bratislava,,256000.0
765995,Bratislava,Bratislava,,185000.0
766091,Košice,Košice,,128000.0
766107,Levice,,,69990.0
766122,Košice,Košice,,229990.0
766143,Bratislava,Bratislava,,819750.0
766154,Bratislava,Bratislava,,337654.0
766164,Bratislava,Bratislava,,329900.0
766282,Dunajská Streda,,Dunajská Streda,145000.0
766307,Brezno,,,228700.0
766318,"Kvačalova, Ružinov - Nivy, Bratislavský kraj",Bratislava,,360000.0
766601,Košice,Košice,,135000.0
766835,Skalica,,Holíč,65000.0
767373,Košice,Košice,,562000.0
767379,Košice,Košice,,245000.0
767384,Banská Bystrica,Banská Bystrica,,320000.0
767516,Bratislava,,Šamorín,174000.0
767781,Bratislava,Bratislava,,320000.0
771187,Bratislava,Bratislava,,249900.0
771698,Bratislava,Bratislava,,274000.0
771911,Košice,Košice,,255000.0
771918,Košice,Košice,,205000.0
771927,Bratislava,Bratislava,,264990.0
771928,Skalica,,Skalica,125000.0
771950,Košice,Košice,,184000.0
771959,Liptovský Mikuláš,,Liptovský Mikuláš,234284.0
771960,Bratislava,Bratislava,,255000.0
771969,Ružomberok,,Ružomberok,135000.0
771979,Hlohovec,,Hlohovec,157990.0
771995,Nitra,Nitra,,194900.0
772002,Bratislava,Bratislava,,95000.0
772009,Bratislava,Bratislava,,285000.0
772014,Dunajská Streda,,,57000.0
775418,Bratislava,Bratislava,,207000.0
775802,Košice,Košice,,188700.0
775805,Košice,Košice,,252800.0
775806,Košice,Košice,,187000.0
775807,Humenné,,Humenné,125900.0
775809,Ružomberok,,Ružomberok,78400.0
775810,Nové Zámky,,Nové Zámky,124000.0
775814,Dunajská Streda,,Dunajská Streda,145000.0
775829,Piešťany,,Piešťany,266800.0
775830,Bratislava,Bratislava,,359990.0
775835,Košice,Košice,,249450.0
775837,Banská Štiavnica,,Banská Štiavnica,125000.0
775843,Bratislava,Bratislava,,396000.0
777271,Bratislava,Bratislava,,110000.0
777272,Bratislava,Bratislava,,135000.0
777761,Hlohovec,,Hlohovec,115000.0
777775,Košice,Košice,,195000.0
777780,Bratislava,Bratislava,,299990.0
777787,Dubnica nad Váhom,,Nová Dubnica,136000.0
777790,Bratislava,Bratislava,,538600.0
777792,Bratislava,Bratislava,,532000.0
777793,Senec,,Senec,149900.0
777794,Piešťany,,Piešťany,89000.0
777811,Bratislava,Bratislava,,279000.0
777815,Komárno,,Komárno,195000.0
777816,Bratislava,Bratislava,,255000.0
777824,Topoľčany,,Topoľčany,134000.0
777838,Galanta,,Sereď,179900.0
777852,Nové Zámky,,Nové Zámky,115000.0
777892,Bratislava,,,169000.0
777908,Trebišov,,Trebišov,129000.0
777934,Senec,,Senec,185000.0
777941,Považská Bystrica,,Považská Bystrica,159990.0
777944,Bratislava,Bratislava,,269900.0
777952,Pezinok,,Pezinok,249000.0
777976,Košice,Košice,,327990.0
778009,Gelnica,,Medzev,64990.0
778022,Pezinok,,Pezinok,369000.0
778041,Stará Ľubovňa,,Stará Ľubovňa,140000.0
778152,Prešov,Prešov,,185000.0
778296,Žilina,Žilina,,173990.0
778570,Martin,,,140000.0
778832,Žilina,Žilina,,139900.0
778866,Bratislava,Bratislava,,324000.0
778896,Pezinok,,Pezinok,164700.0
778975,Liptovský Mikuláš,,Liptovský Hrádok,174900.0
778987,Liptovský Mikuláš,,Liptovský Mikuláš,220422.0
778991,Košice,Košice,,214990.0
779006,Košice,Košice,,135000.0
779020,Bratislava,Bratislava,,236000.0
779030,Dolný Kubín,,Dolný Kubín,179000.0
779033,Bratislava,Bratislava,,479990.0
779039,Bratislava,Bratislava,,250000.0
779044,Bratislava,Bratislava,,139000.0
779050,Bratislava,Bratislava,,424990.0
779056,Bratislava,Bratislava,,450000.0
779082,Bratislava,Bratislava,,250000.0
779087,Bratislava,Bratislava,,326000.0
779088,Dubnica nad Váhom,,Trenčianske Teplice,205000.0
779114,Trnava,Trnava,,89900.0
779116,Bratislava,Bratislava,,749990.0
779118,Považská Bystrica,,Považská Bystrica,178800.0
779137,Trenčín,Trenčín,,240000.0
779210,Zlaté Moravce,,,102000.0
779212,Banská Bystrica,Banská Bystrica,,169000.0
779226,Bratislava,Bratislava,,247000.0
779228,Bratislava,Bratislava,,191990.0
779238,Bratislava,Bratislava,,226880.0
779244,Bratislava,Bratislava,,255000.0
779258,Bratislava,Bratislava,,148000.0
779277,Košice,Košice,,485000.0
779292,Bratislava,Bratislava,,286500.0
779304,Liptovský Mikuláš,,Liptovský Mikuláš,189000.0
779318,Bratislava,Bratislava,,220000.0
779326,Banská Štiavnica,,Banská Štiavnica,212690.0
779331,Bratislava,Bratislava,,185000.0
779335,Dolný Kubín,,Dolný Kubín,194000.0
779346,Košice,Košice,,184000.0
779348,Košice,Košice,,489000.0
779351,Banská Bystrica,Banská Bystrica,,119000.0
779355,Pezinok,,Svätý Jur,199900.0
779358,Bratislava,Bratislava,,155000.0
779374,Pezinok,,Svätý Jur,239900.0
779378,Komárno,,Štúrovo,83000.0
779398,Pezinok,,Svätý Jur,429900.0
779413,Bratislava,Bratislava,,320000.0
779435,Trenčín,Trenčín,,169990.0
779439,Bratislava,Bratislava,,239000.0
779444,Trenčín,,,199000.0
779454,Martin,,Martin,119000.0
779463,Bytča,,,169990.0
779465,Zvolen,,Zvolen,155000.0
779476,Poprad,,Vysoké Tatry,470000.0
779478,Malacky,,Malacky,195000.0
779484,Bratislava,Bratislava,,299000.0
779497,Topoľčany,,,135000.0
779499,Banská Bystrica,Banská Bystrica,,279990.0
779518,Piešťany,,Piešťany,150000.0
779539,Košice,Košice,,284990.0
779558,Bratislava,Bratislava,,744500.0
779632,Bratislava,Bratislava,,229900.0
779635,Košice,Košice,,191990.0
779639,Bánovce nad Bebravou,,,152400.0
779654,Bratislava,Bratislava,,249000.0
779658,Bánovce nad Bebravou,,,142400.0
779674,Bánovce nad Bebravou,,,161400.0
779682,Malacky,,,163990.0
779717,Žilina,Žilina,,174990.0
779760,Košice,Košice,,232000.0
779769,Bratislava,Bratislava,,345000.0
779803,Košice,Košice,,219000.0
779814,Košice,Košice,,254900.0
779845,Bratislava,Bratislava,,269000.0
779847,Prešov,Prešov,,225000.0
779861,Považská Bystrica,,Považská Bystrica,141000.0
779868,Komárno,,Komárno,85000.0
779881,Revúca,,,24000.0
779884,Bánovce nad Bebravou,,,95300.0
779897,Bratislava,,Šamorín,129500.0
779898,Košice,,Moldava nad Bodvou,129990.0
779909,Bratislava,Bratislava,,265000.0
779910,Dubnica nad Váhom,,Nová Dubnica,119900.0
779917,Bratislava,Bratislava,,300000.0
779930,Trenčín,Trenčín,,159000.0
779940,Trnava,Trnava,,152000.0
779949,Nitra,Nitra,,195990.0
779958,Banská Bystrica,Banská Bystrica,,194000.0
779962,Dunajská Streda,,,239000.0
779971,Košice,Košice,,254900.0
779973,Bratislava,Bratislava,,235000.0
779976,Sabinov,,,174000.0
779994,Košice,Košice,,193900.0
780006,Trnava,Trnava,,199900.0
780014,Dunajská Streda,,Dunajská Streda,187600.0
780023,Trnava,Trnava,,142000.0
780026,Trebišov,,Trebišov,137900.0
780034,Banská Bystrica,Banská Bystrica,,393000.0
780065,Bratislava,Bratislava,,258000.0
780071,Pezinok,,Pezinok,124000.0
780076,Piešťany,,Vrbové,179990.0
780083,Martin,,Martin,195800.0
780084,Bratislava,Bratislava,,310000.0
780090,Bratislava,Bratislava,,239000.0
780095,Bratislava,,,259900.0
780104,Malacky,,Malacky,163000.0
780125,Bratislava,Bratislava,,248900.0
780128,Vranov nad Topľou,,Vranov nad Topľou,96000.0
780137,Vranov nad Topľou,,Vranov nad Topľou,126500.0
780141,Košice,Košice,,185000.0
780143,Žarnovica,,,84000.0
780161,Žiar nad Hronom,,Žiar nad Hronom,133900.0
780193,Trenčín,Trenčín,,175000.0
780197,Bratislava,,Stupava,207000.0
780198,Trnava,,,124900.0
780285,Zlaté Moravce,,Zlaté Moravce,137000.0
780293,Banská Bystrica,Banská Bystrica,,185000.0
780318,Martin,,Vrútky,135000.0
780322,Michalovce,,Michalovce,147990.0
780332,Bratislava,Bratislava,,455000.0
780337,Topoľčany,,Topoľčany,135000.0
780348,Trebišov,,,97990.0
780378,Zvolen,,Zvolen,119000.0
780389,Žiar nad Hronom,,Žiar nad Hronom,75000.0
780407,Trnava,Trnava,,162900.0
780410,Bratislava,Bratislava,,236900.0
780426,Komárno,,Komárno,67900.0
780442,Trnava,Trnava,,229000.0
780449,Liptovský Mikuláš,,Liptovský Mikuláš,159000.0
780473,Komárno,,Komárno,67900.0
780476,Rimavská Sobota,,Rimavská Sobota,89000.0
780508,Skalica,,Holíč,124000.0
780525,Žilina,Žilina,,287000.0
780532,Spišská Nová Ves,,Spišská Nová Ves,95000.0
780569,Prešov,Prešov,,126990.0
780616,Bratislava,,Stupava,184500.0
780639,Bratislava,Bratislava,,231990.0
780664,Pezinok,,,164500.0
780690,Bratislava,Bratislava,,184900.0
780710,Bratislava,Bratislava,,220000.0
780741,Bratislava,Bratislava,,275000.0
780774,Detva,,,200000.0
780794,Nové Zámky,,Nové Zámky,145000.0
780836,Trnava,Trnava,,178000.0
780840,Bratislava,Bratislava,,232000.0
780856,Trnava,,,155000.0
780891,Bratislava,,Stupava,271830.0
780907,Bratislava,Bratislava,,228990.0
780926,Komárno,,Komárno,67900.0
780957,Kežmarok,,,135200.0
780965,Nové Zámky,,Nové Zámky,123000.0
780995,Galanta,,Galanta,108000.0
781044,Michalovce,,Michalovce,82700.0
781065,Bratislava,Bratislava,,469900.0
781076,Trnava,Trnava,,179000.0
781077,Martin,,,125000.0
781078,Dubnica nad Váhom,,Dubnica nad Váhom,124900.0
781082,Galanta,,Galanta,120000.0
781085,Hlohovec,,Hlohovec,140000.0
781086,Topoľčany,,Topoľčany,150000.0
781088,Bratislava,Bratislava,,168500.0
781093,Topoľčany,,,155000.0
781098,Dubnica nad Váhom,,Nová Dubnica,89990.0
781101,Banská Bystrica,Banská Bystrica,,155000.0
781103,Púchov,,Púchov,145000.0
781107,Bratislava,Bratislava,,276990.0
781109,Spišská Nová Ves,,Spišská Nová Ves,156000.0
781112,Bratislava,Bratislava,,409000.0
781114,Prievidza,,Prievidza,89990.0
781119,Trenčín,Trenčín,,178420.0
781123,Prievidza,,Prievidza,142000.0
781124,Michalovce,,Michalovce,143700.0
781127,Bratislava,Bratislava,,331000.0
781129,Púchov,,Púchov,183262.0
781130,Bratislava,Bratislava,,264900.0
781131,Bratislava,Bratislava,,280900.0
781134,Nitra,Nitra,,133000.0
781139,Košice,Košice,,185000.0
781142,Nové Zámky,,Nové Zámky,148000.0
781145,Levice,,Levice,104500.0
781152,Banská Bystrica,Banská Bystrica,,165000.0
781156,Banská Bystrica,Banská Bystrica,,269990.0
781161,Nové Zámky,,Nové Zámky,138000.0
781166,Nové Zámky,,,156000.0
781167,Bratislava,Bratislava,,185000.0
781168,Bratislava,Bratislava,,740000.0
781171,Levice,,Levice,86000.0
781175,Liptovský Mikuláš,,,155000.0
781185,Čadca,,Čadca,139900.0
781188,Bratislava,Bratislava,,589000.0
781191,Poprad,,Poprad,149900.0
781194,Košice,Košice,,118900.0
781198,Košice,Košice,,189000.0
781199,Piešťany,,Piešťany,215000.0
781214,Pezinok,,Pezinok,187999.0
781216,Nové Zámky,,,80000.0
781221,Bratislava,Bratislava,,299900.0
781227,Galanta,,Sereď,183000.0
781230,Košice,Košice,,179900.0
781235,Nitra,Nitra,,165000.0
781239,Nové Zámky,,Nové Zámky,118900.0
781243,Nové Zámky,,Nové Zámky,135000.0
781245,Nové Zámky,,Nové Zámky,114000.0
781246,Prešov,,Vranov nad Topľou,137900.0
781250,Bratislava,Bratislava,,285000.0
781254,Bratislava,Bratislava,,349000.0
781256,Banská Bystrica,Banská Bystrica,,156000.0
781260,Bratislava,Bratislava,,258000.0
781262,Košice,Košice,,194990.0
781265,Bratislava,Bratislava,,210000.0
781266,Bratislava,Bratislava,,569000.0
781281,Galanta,,Sereď,177900.0
781737,Trenčín,Trenčín,,157900.0
781740,Bratislava,Bratislava,,299000.0
781742,Námestovo,,,79000.0
781749,Košice,Košice,,174900.0
781758,Bratislava,Bratislava,,180000.0
781762,Trnava,Trnava,,170000.0
781763,Galanta,,Galanta,149990.0
781768,Senica,,,159900.0
781769,Pezinok,,Modra,189000.0
781771,Bratislava,Bratislava,,252900.0
781794,Nitra,Nitra,,189900.0
781801,Košice,Košice,,189990.0
781805,Zvolen,,Zvolen,189000.0
781809,Bratislava,Bratislava,,200000.0
781810,Piešťany,Bratislava,,289900.0
781815,Trnava,Trnava,,298900.0
781819,Topoľčany,,Topoľčany,104000.0
781820,Nitra,Nitra,,127000.0
781830,Pezinok,,,329900.0
781831,Košice,Košice,,170000.0
781836,Bratislava,Bratislava,,344900.0
781840,Detva,,Detva,113000.0
781841,Martin,,Martin,135500.0
781842,Pezinok,,Pezinok,178000.0
781845,Bratislava,Bratislava,,230000.0
781855,Dunajská Streda,,Dunajská Streda,105000.0
781856,Košice,Košice,,169900.0
781860,Martin,,Martin,97500.0
781865,Nitra,Nitra,,165000.0
781884,Prešov,Prešov,,225000.0
781890,Bratislava,Bratislava,,280000.0
781891,Dunajská Streda,,Dunajská Streda,123000.0
781896,Bratislava,Bratislava,,350000.0
781897,Košice,Košice,,246000.0
781903,Galanta,,Galanta,158000.0
781909,Senec,,,295000.0
781912,Bratislava,Bratislava,,139000.0
781913,Žilina,Žilina,,319999.0
781918,Dunajská Streda,,Dunajská Streda,160000.0
781923,Prešov,Prešov,,169533.0
781924,Žiar nad Hronom,,Žiar nad Hronom,27999.0
781929,Nové Mesto nad Váhom,,,179500.0
781940,Bratislava,Bratislava,,135000.0
781944,Martin,,Martin,177000.0
781950,Dubnica nad Váhom,,Dubnica nad Váhom,185000.0
781953,Bratislava,Bratislava,,225000.0
781960,Nové Mesto nad Váhom,,Nové Mesto nad Váhom,146000.0
781968,Senica,,Senica,76900.0
781971,Žilina,Žilina,,139900.0
781977,Prievidza,,Prievidza,90000.0
781981,Dunajská Streda,,Dunajská Streda,92000.0
781983,Bratislava,Bratislava,,240000.0
781990,Zlaté Moravce,,,170000.0
781998,Košice,Košice,,185000.0
781999,Poprad,,Poprad,160000.0
782029,Nové Zámky,,Nové Zámky,151990.0
782030,Bratislava,Bratislava,,279500.0
782045,Šaľa,,Šaľa,128000.0
782050,Bratislava,Bratislava,,187000.0
782052,Bratislava,Bratislava,,272500.0
782053,Prešov,Prešov,,169900.0
782059,Čadca,,Čadca,144000.0
782061,Nitra,Nitra,,198000.0
782073,Michalovce,,Michalovce,69500.0
782078,Bratislava,Bratislava,,219990.0
782079,Bratislava,Bratislava,,290000.0
783073,Košice,Košice,,179600.0
783078,Košice,Košice,,224000.0
783084,Košice,Košice,,199900.0
783092,Bratislava,Bratislava,,389000.0
783096,Žiar nad Hronom,,Kremnica,114990.0
783098,Ilava,,Dubnica nad Váhom,184000.0
783102,Trenčín,Trenčín,,155000.0
783105,Prešov,Prešov,,189990.0
783108,Trnava,Trnava,,238000.0
783126,Banská Štiavnica,,Banská Štiavnica,124900.0
783679,Bratislava,Bratislava,,329000.0
784295,Komárno,,Komárno,84900.0
784536,Liptovský Mikuláš,,Liptovský Mikuláš,159500.0
786417,Bratislava,Bratislava,,229000.0
786507,Bratislava,Bratislava,,199900.0
786508,Bratislava,Bratislava,,207900.0
786664,Bratislava,Bratislava,,259000.0
787577,Košice,Košice,,248000.0
787594,Košice,Košice,,187900.0
787611,Púchov,,,165000.0
787618,Bratislava,Bratislava,,339000.0
787628,Trnava,Trnava,,184900.0
787638,Košice,Košice,,225000.0
787673,Bratislava,Bratislava,,599900.0
787678,Žilina,Žilina,,193000.0
787687,Žilina,Žilina,,267990.0
787690,Hlohovec,,,99517.0
787696,"Okružná, Handlová - Handlová, Trenčiansky kraj",,Handlová,70000.0
787839,Bratislava,Bratislava,,379990.0
789526,,,Vysoké Tatry,165000.0
789540,,Bratislava,,227000.0
790315,Trnava,Trnava,,125000.0
790316,Humenné,,Humenné,120000.0
790319,Skalica,,Holíč,110000.0
790322,Bratislava,Bratislava,,276000.0
790324,Bratislava,Bratislava,,269900.0
790331,Trnava,Trnava,,169990.0
790337,Trenčín,,Trenčianske Teplice,145000.0
790341,Levice,,Levice,85000.0
790342,Revúca,,Revúca,69000.0
790343,Košice,Košice,,153000.0
790345,Trebišov,,,107500.0
790349,,,,725000.0
790351,Revúca,,Jelšava,47900.0
790352,Bratislava,Bratislava,,264990.0
790353,Bratislava,Bratislava,,269900.0
791578,Bratislava,Bratislava,,259900.0
791582,Bratislava,Bratislava,,209990.0
792383,Košice,Košice,,149900.0
792394,Košice,Košice,,189000.0
792403,Košice,Košice,,180000.0
792409,Ilava,,Nová Dubnica,139000.0
792447,Košice,Košice,,180000.0
792458,Nové Mesto nad Váhom,,Nové Mesto nad Váhom,159900.0
792464,Trenčín,Trenčín,,281500.0
792504,Bratislava,Bratislava,,715600.0
792512,Dunajská Streda,,Dunajská Streda,172000.0
792519,Poprad,,Vysoké Tatry,184000.0
792526,Poprad,,Vysoké Tatry,164999.0
792528,Bratislava,Bratislava,,229000.0
792536,Košice,Košice,,425500.0
792542,Žilina,Žilina,,199000.0
792549,Žilina,Žilina,,219000.0
792557,"Cabanova, Dúbravka - Dúbravka, Bratislavský kraj",Bratislava,,269000.0
794317,Bratislava,Bratislava,,260000.0
794847,Bratislava,Bratislava,,229990.0
795308,,,Vysoké Tatry,628167.0
795312,,,Vysoké Tatry,591630.0
795313,,,Vysoké Tatry,509220.0
795315,,,Svit,360000.0
795316,,,,170000.0
795319,,,Vysoké Tatry,470000.1
795326,,,Kežmarok,86000.0
795328,,,Poprad,99500.0
796042,Košice,Košice,,267000.0
796051,Trebišov,,,87000.0
796056,Košice,Košice,,269900.0
796082,Košice,Košice,,220000.0
796108,Banská Bystrica,Banská Bystrica,,115000.0
796120,Nitra,Nitra,,215000.0
796137,Bratislava,Bratislava,,359999.0
796146,Bratislava,Bratislava,,250000.0
796150,Trnava,Trnava,,315000.0
796155,Zlaté Moravce,,Vráble,123900.0
796163,Partizánske,,,116000.0
796171,Bratislava,Bratislava,,325000.0
796190,Dolný Kubín,,,122990.0
798673,Bratislava,Bratislava,,184900.0
799328,Prešov,Prešov,,129900.0
799331,Senec,,Senec,167000.0
799340,Dubnica nad Váhom,,Dubnica nad Váhom,135999.0
799343,Pezinok,,Pezinok,186990.0
799352,Senec,,Senec,231990.0
799359,Senec,,,175000.0
799362,Nitra,Nitra,,196000.0
799370,Bánovce nad Bebravou,,,161500.0
799377,Senec,,,150000.0
801959,Bratislava,,Stupava,329000.0
801965,Bratislava,Bratislava,,349900.0
801978,Bratislava,Bratislava,,290000.0
801982,Košice,Košice,,229000.0
